rank,ticker,decision,reference_price,reference_date,limit_price,hurdle,base_ceiling,base_ceiling_withholding30,slot_weight,initial_weight,terminal_period
1,AMP,BUY NOW,485.15,2026-09-24,500.0,0.12,515.8615359648322,510.7316531523322,0.02,0.02,FY2029-equivalent annual earning power; three growth steps from normalized FY2026
2,PAYX,BUY NOW,101.59,2026-09-24,101.8,0.12,105.92780840014575,102.3359636935131,0.02,0.02,FY2029 ending May 2029; completed fiscal year at September 2029 exit
3,MSFT,BUY BELOW,516.05,2026-09-25,500,0.12,519.1527923153827,516.19285814082,0.02,0,FY2029 ending June 2029; completed fiscal year at September 2029 exit
4,NVDA,BUY BELOW,224.58,2026-09-24,215,0.15,226.24817873664807,225.56321120151205,0.015,0,FY2030 ending January 2030; four months forward at September 2029 exit
5,ALLE,BUY BELOW,152.48,2026-09-24,145,0.12,150.4465424562682,148.61728999635565,0.015,0,FY2029 ending December 2029; three months forward at September 2029 exit
6,HIG,BUY BELOW,125.69,2026-09-24,120.0,0.115,124.65752576272816,122.83104362866466,0.01,0,FY2029-equivalent annual earning power; three growth steps from normalized FY2026
7,CPAY,BUY BELOW,400.32,2026-09-24,350,0.125,355.5743586805746,355.5743586805746,0,0,FY2029 ending December 2029; three months forward at September 2029 exit
8,AIZ,BUY BELOW,261.86,2026-09-24,235.0,0.12,246.97795403038444,244.2982073102678,0,0,FY2029-equivalent annual earning power; three growth steps from normalized FY2026
9,SNA,BUY BELOW,367.71,2026-09-24,310,0.12,319.0211825801748,311.717934584548,0,0,FY2029 ending around December 2029; approximately three months forward at September 2029 exit
10,NTAP,BUY BELOW,197.24,2026-09-24,150,0.12,154.3857421875,152.83370137117348,0,0,FY2030 ending April 2030; seven months forward at September 2029 exit
11,IBKR,BUY BELOW,89.82,2026-09-24,65.0,0.13,69.41752599111372,69.14610017208436,0,0,FY2029-equivalent annual earning power; three growth steps from normalized FY2026
12,ABNB,AVOID CURRENT PRICE,151.39,2026-09-24,120,0.13,122.61889967389128,122.61889967389128,0,0,FY2029 ending December 2029; three months forward at September 2029 exit
13,AME,AVOID CURRENT PRICE,247.74,2026-09-24,185,0.12,187.1063576211735,186.05978783254375,0,0,FY2029 ending December 2029; three months forward at September 2029 exit
14,RL,AVOID CURRENT PRICE,351.86,2026-09-24,265,0.14,271.93684426517194,269.02372119896535,0,0,FY2029 ending around March 2029; completed fiscal year at September 2029 exit
