id,ticker,field,period,units,basis,saved_value,primary_or_derived_value,formula,source_urls,source_files,source_sha256,retrieval_utc,locator,information_cutoff,status,quarantine,notes,reviewer
F001,NVDA,TTM CFO,TTM ended 2026-07-26,USD million,GAAP-derived,134359.998464,134360,102718+74421-42779,https://www.sec.gov/Archives/edgar/data/1045810/000104581026000021/nvda-20260125.htm | https://investor.nvidia.com/files/doc_financials/2027/NVDA-2027-Q2-10Q-Final-including-exhibits.pdf,nvda_fy2026_10k.html | nvda_q2_2027_10q.pdf,7b5d7913923ffd4f95b647f412bfb4ecae12b7bd139ceda4fe283d65a2b1ec95 | 6b5a8dc1ed21e8b2b960fd0de97103af6a2f32ccc8dd91b363f06ea192ecfebd,2026-09-25T20:15:36.978250+00:00 | 2026-09-25T20:15:36.978250+00:00,FY26 10-K p55; Q2 FY27 10-Q p8,2026-09-24 US close,RECONCILED_ROUNDING,False,,deep_filing_accounting
F002,NVDA,TTM capital cash purchases,TTM ended 2026-07-26,USD million,GAAP-derived,7354,7354,6042+4434-3122,https://www.sec.gov/Archives/edgar/data/1045810/000104581026000021/nvda-20260125.htm | https://investor.nvidia.com/files/doc_financials/2027/NVDA-2027-Q2-10Q-Final-including-exhibits.pdf,nvda_fy2026_10k.html | nvda_q2_2027_10q.pdf,7b5d7913923ffd4f95b647f412bfb4ecae12b7bd139ceda4fe283d65a2b1ec95 | 6b5a8dc1ed21e8b2b960fd0de97103af6a2f32ccc8dd91b363f06ea192ecfebd,2026-09-25T20:15:36.978250+00:00 | 2026-09-25T20:15:36.978250+00:00,"Cash-flow investing section, same pages",2026-09-24 US close,RECONCILED,False,,deep_filing_accounting
F003,NVDA,TTM conventional FCF,TTM ended 2026-07-26,USD million,Analyst CFO minus cash PPE/intangibles,127006,127006,134360-7354,https://www.sec.gov/Archives/edgar/data/1045810/000104581026000021/nvda-20260125.htm | https://investor.nvidia.com/files/doc_financials/2027/NVDA-2027-Q2-10Q-Final-including-exhibits.pdf,nvda_fy2026_10k.html | nvda_q2_2027_10q.pdf,7b5d7913923ffd4f95b647f412bfb4ecae12b7bd139ceda4fe283d65a2b1ec95 | 6b5a8dc1ed21e8b2b960fd0de97103af6a2f32ccc8dd91b363f06ea192ecfebd,2026-09-25T20:15:36.978250+00:00 | 2026-09-25T20:15:36.978250+00:00,Cash-flow statements,2026-09-24 US close,RECONCILED_AGGREGATE,False,Saved value is deep.q_cf four-quarter sum; individual vendor quarters retain small differences.,deep_filing_accounting
F004,NVDA,TTM related principal,TTM ended 2026-07-26,USD million,GAAP-derived,,120,101+92-73,https://www.sec.gov/Archives/edgar/data/1045810/000104581026000021/nvda-20260125.htm | https://investor.nvidia.com/files/doc_financials/2027/NVDA-2027-Q2-10Q-Final-including-exhibits.pdf,nvda_fy2026_10k.html | nvda_q2_2027_10q.pdf,7b5d7913923ffd4f95b647f412bfb4ecae12b7bd139ceda4fe283d65a2b1ec95 | 6b5a8dc1ed21e8b2b960fd0de97103af6a2f32ccc8dd91b363f06ea192ecfebd,2026-09-25T20:15:36.978250+00:00 | 2026-09-25T20:15:36.978250+00:00,Cash-flow financing section,2026-09-24 US close,RECONCILED,False,,deep_filing_accounting
F005,NVDA,TTM company FCF,TTM ended 2026-07-26,USD million,Company non-GAAP formula,,126886,134360-7354-120,https://www.sec.gov/Archives/edgar/data/1045810/000104581026000021/nvda-20260125.htm | https://investor.nvidia.com/files/doc_financials/2027/NVDA-2027-Q2-10Q-Final-including-exhibits.pdf | https://investor.nvidia.com/news/press-release-details/2026/NVIDIA-Announces-Financial-Results-for-Second-Quarter-Fiscal-2027/,nvda_fy2026_10k.html | nvda_q2_2027_10q.pdf | nvda_q2_2027_release.html,7b5d7913923ffd4f95b647f412bfb4ecae12b7bd139ceda4fe283d65a2b1ec95 | 6b5a8dc1ed21e8b2b960fd0de97103af6a2f32ccc8dd91b363f06ea192ecfebd | 67fb005ec3ebab30c4fdeab2c387c5f7dd70892854a747bdd19d5e2431621b10,2026-09-25T20:15:36.978250+00:00 | 2026-09-25T20:15:36.978250+00:00 | 2026-09-25T20:15:36.979251+00:00,Cash-flow statements and non-GAAP FCF definition,2026-09-24 US close,RECONCILED,False,,deep_filing_accounting
F006,NVDA,info.freeCashflow,"Vendor period unspecified, presumed TTM is challenged",USD million,Vendor unknown,41809.874944,127006,Conventional TTM less saved=85196.125056,https://www.sec.gov/Archives/edgar/data/1045810/000104581026000021/nvda-20260125.htm | https://investor.nvidia.com/files/doc_financials/2027/NVDA-2027-Q2-10Q-Final-including-exhibits.pdf,nvda_fy2026_10k.html | nvda_q2_2027_10q.pdf,7b5d7913923ffd4f95b647f412bfb4ecae12b7bd139ceda4fe283d65a2b1ec95 | 6b5a8dc1ed21e8b2b960fd0de97103af6a2f32ccc8dd91b363f06ea192ecfebd,2026-09-25T20:15:36.978250+00:00 | 2026-09-25T20:15:36.978250+00:00,Cash-flow statements vs info.json,2026-09-24 US close,MATERIAL_UNRESOLVED_VENDOR_DEFINITION,True,"Primary value is explicit conventional FCF comparator, not asserted same-basis replacement.",deep_filing_accounting
F007,ABNB,Q2 CFO,2026-04-01 to 2026-06-30,USD million,GAAP,,1270,Direct,https://www.sec.gov/Archives/edgar/data/1559720/000155972026000027/abnb-20260630.htm,abnb_q2_2026_10q.html,39f2230a324ac9e3106112225f9ed81763734b3ec4325c207b723519706fb2b9,2026-09-25T20:15:37.263280+00:00,MD&A p26 FCF reconciliation,2026-09-24 US close,VERIFIED_TABLE,False,,deep_filing_accounting
F008,ABNB,Q2 FCF,2026-04-01 to 2026-06-30,USD million,Company non-GAAP,1300,1253,1270-17,https://www.sec.gov/Archives/edgar/data/1559720/000155972026000027/abnb-20260630.htm,abnb_q2_2026_10q.html,39f2230a324ac9e3106112225f9ed81763734b3ec4325c207b723519706fb2b9,2026-09-25T20:15:37.263280+00:00,MD&A p26 FCF reconciliation,2026-09-24 US close,RECONCILED_ROUNDED_CLAIM,False,$1.3bn rounded claim is supportable.,deep_filing_accounting
F009,ABNB,Q2 FCF margin,2026-04-01 to 2026-06-30,percent,Company non-GAAP,35,34.72838137472284,1253/3608*100,https://www.sec.gov/Archives/edgar/data/1559720/000155972026000027/abnb-20260630.htm,abnb_q2_2026_10q.html,39f2230a324ac9e3106112225f9ed81763734b3ec4325c207b723519706fb2b9,2026-09-25T20:15:37.263280+00:00,MD&A pp25-26,2026-09-24 US close,RECONCILED_ROUNDING,False,,deep_filing_accounting
F010,ABNB,Q2 adjusted EBITDA,2026-04-01 to 2026-06-30,USD million,Company adjusted,1300,1261,816+81+7+37-183+17+487+1-2,https://www.sec.gov/Archives/edgar/data/1559720/000155972026000027/abnb-20260630.htm,abnb_q2_2026_10q.html,39f2230a324ac9e3106112225f9ed81763734b3ec4325c207b723519706fb2b9,2026-09-25T20:15:37.263280+00:00,MD&A p26 adjusted EBITDA reconciliation,2026-09-24 US close,RECONCILED_ROUNDED_CLAIM,False,Same rounded headline as FCF; definitions remain distinct.,deep_filing_accounting
F011,ABNB,Customer-held funds treatment,Q2 2026,text,Cash-flow classification,,Customer-held funds affect FCF only through interest,Direct footnote,https://www.sec.gov/Archives/edgar/data/1559720/000155972026000027/abnb-20260630.htm,abnb_q2_2026_10q.html,39f2230a324ac9e3106112225f9ed81763734b3ec4325c207b723519706fb2b9,2026-09-25T20:15:37.263280+00:00,MD&A p26 paragraph following FCF table,2026-09-24 US close,VERIFIED_QUALIFICATION,False,Normalize own service-fee collection timing and RNPL separately.,deep_filing_accounting
F012,NTAP,CFO YoY bridge,Q1 FY27 ended 2026-07-31 vs 2025-07-25,USD million,GAAP-derived,-170,-170,142-18+0+15-14-61-149-230-224+126+165+80-2,https://www.sec.gov/Archives/edgar/data/1002047/000119312526380207/ntap-20260731.htm | https://investors.netapp.com/news/news-details/2026/NetApp-Reports-First-Quarter-of-Fiscal-Year-2027-Results/default.aspx,ntap_q1_2027_10q.html | ntap_q1_2027_release.html,26769b17337094b765e06150b54c899e61ab70adc2430884b1ff2d48607bd648 | 5eedf0b8abcf3476d7fd290b0e2cae6d62a12e4d2cbb54a482f88e88b010d6fe,2026-09-25T20:17:04.483810+00:00 | 2026-09-25T20:15:37.961517+00:00,10-Q p6 cash-flow statement; MD&A pp27-28,2026-09-24 US close,RECONCILED,False,,deep_filing_accounting
F013,NTAP,Q1 FCF,Q1 FY27 ended 2026-07-31,USD million,Company non-GAAP,401,401,503-102,https://www.sec.gov/Archives/edgar/data/1002047/000119312526380207/ntap-20260731.htm | https://investors.netapp.com/news/news-details/2026/NetApp-Reports-First-Quarter-of-Fiscal-Year-2027-Results/default.aspx,ntap_q1_2027_10q.html | ntap_q1_2027_release.html,26769b17337094b765e06150b54c899e61ab70adc2430884b1ff2d48607bd648 | 5eedf0b8abcf3476d7fd290b0e2cae6d62a12e4d2cbb54a482f88e88b010d6fe,2026-09-25T20:17:04.483810+00:00 | 2026-09-25T20:15:37.961517+00:00,Cash-flow p6; release FCF reconciliation,2026-09-24 US close,RECONCILED,False,,deep_filing_accounting
F014,NTAP,FCF YoY change,Q1 FY27 vs Q1 FY26,percent,Derived,-35,-35.322580645161295,(401/620-1)*100,https://www.sec.gov/Archives/edgar/data/1002047/000119312526380207/ntap-20260731.htm | https://investors.netapp.com/news/news-details/2026/NetApp-Reports-First-Quarter-of-Fiscal-Year-2027-Results/default.aspx,ntap_q1_2027_10q.html | ntap_q1_2027_release.html,26769b17337094b765e06150b54c899e61ab70adc2430884b1ff2d48607bd648 | 5eedf0b8abcf3476d7fd290b0e2cae6d62a12e4d2cbb54a482f88e88b010d6fe,2026-09-25T20:17:04.483810+00:00 | 2026-09-25T20:15:37.961517+00:00,Release FCF reconciliation,2026-09-24 US close,RECONCILED_ROUNDING,False,,deep_filing_accounting
F015,NTAP,Inventory turns,Q1 FY27 vs Q1 FY26,times,Company supplemental,,6 versus 14,Annualized COGS / net inventories,https://www.sec.gov/Archives/edgar/data/1002047/000119312526380207/ntap-20260731.htm | https://investors.netapp.com/news/news-details/2026/NetApp-Reports-First-Quarter-of-Fiscal-Year-2027-Results/default.aspx,ntap_q1_2027_10q.html | ntap_q1_2027_release.html,26769b17337094b765e06150b54c899e61ab70adc2430884b1ff2d48607bd648 | 5eedf0b8abcf3476d7fd290b0e2cae6d62a12e4d2cbb54a482f88e88b010d6fe,2026-09-25T20:17:04.483810+00:00 | 2026-09-25T20:15:37.961517+00:00,Release supplemental balance-sheet items,2026-09-24 US close,VERIFIED_TABLE,False,Economic recoverability of inventory remains unproven.,deep_filing_accounting
F016,CPAY,H1 conventional FCF,2026-01-01 to 2026-06-30,USD million,Analyst CFO minus capex,,1307.95,1413.479-105.529,https://www.sec.gov/Archives/edgar/data/1175454/000117545426000050/cpay-20260630.htm | https://www.sec.gov/Archives/edgar/data/1175454/000117545426000045/ex991q2_2026.htm,cpay_q2_2026_10q.html | cpay_q2_2026_ex991.html,aea8bdbb9a63518cd89944fdc4f70e05ca34792a7a3c7d24577349fd78c907bd | 8f4345028658108337deb8aea3ebbcc6822e9f7ff8cae90e8089d3566675170a,2026-09-25T20:17:04.483810+00:00 | 2026-09-25T20:15:37.985520+00:00,10-Q p5 cash-flow statement,2026-09-24 US close,RECONCILED,False,,deep_filing_accounting
F017,CPAY,H1 company FCF alias,2026-01-01 to 2026-06-30,USD million,Adjusted net income,,861.554,598.373+324.004-104.926+44.103,https://www.sec.gov/Archives/edgar/data/1175454/000117545426000050/cpay-20260630.htm | https://www.sec.gov/Archives/edgar/data/1175454/000117545426000045/ex991q2_2026.htm,cpay_q2_2026_10q.html | cpay_q2_2026_ex991.html,aea8bdbb9a63518cd89944fdc4f70e05ca34792a7a3c7d24577349fd78c907bd | 8f4345028658108337deb8aea3ebbcc6822e9f7ff8cae90e8089d3566675170a,2026-09-25T20:17:04.483810+00:00 | 2026-09-25T20:15:37.985520+00:00,Earnings exhibit non-GAAP definition and Exhibit1,2026-09-24 US close,RECONCILED_DIFFERENT_DEFINITION,False,,deep_filing_accounting
F018,CPAY,Company leverage headline,As of 2026-06-30,times,Management ratio,2.7,2.55,Numerator and denominator not independently rebuilt,https://www.sec.gov/Archives/edgar/data/1175454/000117545426000050/cpay-20260630.htm | https://www.sec.gov/Archives/edgar/data/1175454/000117545426000045/ex991q2_2026.htm,cpay_q2_2026_10q.html | cpay_q2_2026_ex991.html,aea8bdbb9a63518cd89944fdc4f70e05ca34792a7a3c7d24577349fd78c907bd | 8f4345028658108337deb8aea3ebbcc6822e9f7ff8cae90e8089d3566675170a,2026-09-25T20:17:04.483810+00:00 | 2026-09-25T20:15:37.985520+00:00,Earnings release CFO commentary; 10-Q pp40-42 credit facilities,2026-09-24 US close,MANAGEMENT_REPORTED_ONLY,True,2.55x verified as management statement; neither 2.7x nor covenant calculation certified.,deep_filing_accounting
F019,CPAY,info.freeCashflow,Vendor period unspecified,USD million,Vendor unknown,1946.175872,,Saved CFO=1847.283968; FCF>CFO by98.891904,https://www.sec.gov/Archives/edgar/data/1175454/000117545426000050/cpay-20260630.htm | https://www.sec.gov/Archives/edgar/data/1175454/000117545426000045/ex991q2_2026.htm,cpay_q2_2026_10q.html | cpay_q2_2026_ex991.html,aea8bdbb9a63518cd89944fdc4f70e05ca34792a7a3c7d24577349fd78c907bd | 8f4345028658108337deb8aea3ebbcc6822e9f7ff8cae90e8089d3566675170a,2026-09-25T20:17:04.483810+00:00 | 2026-09-25T20:15:37.985520+00:00,Source info.json; 10-Q p5 for definitions,2026-09-24 US close,UNRESOLVED_PERIOD_AND_DEFINITION,True,,deep_filing_accounting
F020,AME,June carrying debt,Instant 2026-06-30,USD million,GAAP carrying debt,2310.944,2036.174,980.633+1055.541,https://www.sec.gov/Archives/edgar/data/1037868/000103786826000175/ame-20260630.htm,ame_q2_2026_10q.html,139280546a2ac5de6a8ee274eac7a1f93980aa74991e821a97877e0721fcfc54,2026-09-25T20:15:38.856282+00:00,Balance sheet p5,2026-09-24 US close,DEFINITION_DIFFERENCE_UNRESOLVED,True,Vendor total debt may include leases; do not call difference an error without bridge.,deep_filing_accounting
F021,AME,June cash,Instant 2026-06-30,USD million,GAAP cash and equivalents,495.446016,495.446,Direct,https://www.sec.gov/Archives/edgar/data/1037868/000103786826000175/ame-20260630.htm,ame_q2_2026_10q.html,139280546a2ac5de6a8ee274eac7a1f93980aa74991e821a97877e0721fcfc54,2026-09-25T20:15:38.856282+00:00,Balance sheet p5,2026-09-24 US close,RECONCILED_ROUNDING,False,,deep_filing_accounting
F022,AME,Acquisition term financing capacity,June 2026 commitment,USD million,Committed not drawn,,4000,1625+1625+750,https://www.sec.gov/Archives/edgar/data/1037868/000103786826000175/ame-20260630.htm,ame_q2_2026_10q.html,139280546a2ac5de6a8ee274eac7a1f93980aa74991e821a97877e0721fcfc54,2026-09-25T20:15:38.856282+00:00,Note12 p17,2026-09-24 US close,VERIFIED_COMMITMENT_ONLY,False,,deep_filing_accounting
F023,AME,Indicor purchase price,Completed 2026-08-26,USD million,Cash acquisition,5000,5000,Direct announcement,https://www.sec.gov/Archives/edgar/data/1037868/000103786826000191/ame-20260826.htm | https://investors.ametek.com/news-releases/news-release-details/ametek-completes-acquisition-indicor-instrumentation,ame_closing_8k.html | ame_closing_release.html,643a2bc6eb4b8a914028ee2dd59eebcf75bbe5f4adf13cb012750221fbf0fb5c | NOT_ARCHIVED,2026-09-25T20:15:39.110628+00:00 | 2026-09-25T20:17:04.485809+00:00,8-K Item8.01 and linked closing announcement,2026-09-24 US close,VERIFIED_EVENT,False,Release available in web tool; direct archive timed out.,deep_filing_accounting
F024,AME,Illustrative closing net debt,Illustrative after acquisition,USD million,Scenario not actual,,6540.728,2036.174-495.446+5000,https://www.sec.gov/Archives/edgar/data/1037868/000103786826000175/ame-20260630.htm | https://www.sec.gov/Archives/edgar/data/1037868/000103786826000191/ame-20260826.htm,ame_q2_2026_10q.html | ame_closing_8k.html,139280546a2ac5de6a8ee274eac7a1f93980aa74991e821a97877e0721fcfc54 | 643a2bc6eb4b8a914028ee2dd59eebcf75bbe5f4adf13cb012750221fbf0fb5c,2026-09-25T20:15:38.856282+00:00 | 2026-09-25T20:15:39.110628+00:00,Analyst bridge,2026-09-24 US close,SCENARIO_ONLY,True,"Excludes intervening operations, fees, acquired cash/debt and other movements; cannot pass actual leverage gate.",deep_filing_accounting
F025,MSFT,FY26 conventional FCF,2025-07-01 to 2026-06-30,USD million,Analyst CFO minus cash capex,66987,66987,182935-115948,https://www.sec.gov/Archives/edgar/data/789019/000119312526323660/msft-20260630.htm,msft_2026_10k.html,49f8ce0fb20c4964dce76a265049c7ca8306956ebe0bd719fbd4098ab3d4c1cd,2026-09-25T20:15:39.294684+00:00,Cash-flow statement p53; inline-XBRL cash tags,2026-09-24 US close,RECONCILED,False,Saved value is quarterly FCF sum.,deep_filing_accounting
F026,MSFT,info.freeCashflow,"Vendor period unspecified, presumed FY26/TTM challenged",USD million,Vendor unknown,16545.50016,66987,66987-16545.500160=50441.499840,https://www.sec.gov/Archives/edgar/data/789019/000119312526323660/msft-20260630.htm,msft_2026_10k.html,49f8ce0fb20c4964dce76a265049c7ca8306956ebe0bd719fbd4098ab3d4c1cd,2026-09-25T20:15:39.294684+00:00,Cash-flow statement p53 vs info.json,2026-09-24 US close,MATERIAL_UNRESOLVED_VENDOR_DEFINITION,True,,deep_filing_accounting
F027,MSFT,Finance-lease principal cash,2025-07-01 to 2026-06-30,USD million,GAAP financing cash,,3101,Direct,https://www.sec.gov/Archives/edgar/data/789019/000119312526323660/msft-20260630.htm,msft_2026_10k.html,49f8ce0fb20c4964dce76a265049c7ca8306956ebe0bd719fbd4098ab3d4c1cd,2026-09-25T20:15:39.294684+00:00,Note13 p78 supplemental cash flows,2026-09-24 US close,VERIFIED_TABLE_XBRL,False,,deep_filing_accounting
F028,MSFT,After-finance-principal cash measure,2025-07-01 to 2026-06-30,USD million,Analyst-defined,,63886,182935-115948-3101,https://www.sec.gov/Archives/edgar/data/789019/000119312526323660/msft-20260630.htm,msft_2026_10k.html,49f8ce0fb20c4964dce76a265049c7ca8306956ebe0bd719fbd4098ab3d4c1cd,2026-09-25T20:15:39.294684+00:00,Cash-flow p53 and Note13 p78,2026-09-24 US close,RECONCILED_DISTINCT_MEASURE,False,,deep_filing_accounting
F029,MSFT,Operating lease cash,2025-07-01 to 2026-06-30,USD million,GAAP operating cash,,6443,Already included in CFO,https://www.sec.gov/Archives/edgar/data/789019/000119312526323660/msft-20260630.htm,msft_2026_10k.html,49f8ce0fb20c4964dce76a265049c7ca8306956ebe0bd719fbd4098ab3d4c1cd,2026-09-25T20:15:39.294684+00:00,Note13 p78,2026-09-24 US close,VERIFIED_TABLE_XBRL,False,,deep_filing_accounting
F030,MSFT,Uncommenced leases,As of 2026-06-30,USD million,Commitments,,329100,Direct disclosure,https://www.sec.gov/Archives/edgar/data/789019/000119312526323660/msft-20260630.htm,msft_2026_10k.html,49f8ce0fb20c4964dce76a265049c7ca8306956ebe0bd719fbd4098ab3d4c1cd,2026-09-25T20:15:39.294684+00:00,Note13 p78 paragraph after maturity table,2026-09-24 US close,VERIFIED_DISCLOSURE,False,Some contractual conditions; starts FY27-FY33. Not all current debt.,deep_filing_accounting
F031,MSFT,Calendar 2026 capex guidance,Management forward outlook at Q4 FY26 call,USD million,Management forecast including finance leases,175000,175000,Future classification changes; economic spend not inferred,https://www.microsoft.com/en-us/investor/events/fy-2026/earnings-fy-2026-q4,msft_q4_2026_call.html,7f6801e60c7d3ac4f8942ed09b57607c99e8b134a075e1fc6e66752878b27e84,2026-09-25T20:15:39.811400+00:00,CFO commentary immediately before outlook,2026-09-24 US close,VERIFIED_FORECAST_NOT_ACTUAL,True,Quarantine comparability until finance/operating lease bridge is aligned.,deep_filing_accounting
F032,NVDA,Annual FCF provider corroboration,FY2026 ended 2026-01-25,USD million,FMP CFO minus capex,96676.0,96676,FMP operatingCashFlow + signed capitalExpenditure,FMP authenticated response; see raw file,raw\fmp_nvda_cashflow_annual.json,f91500d3813b73eb8e8547152b89ebc7d87083c0bf2d1c68bdf566665c8b2634,See parent-session retrieval ledger,FiscalYear2026 annual response row,2026-09-24 US close,PROVIDER_AGREES_WITH_FILING_ARITHMETIC,False,"Full downloaded JSON. Capture method and access: 00_provider_access_ledger.json. Separate provider transformation, common issuer origin. Zero optional fields are not established actual zeros. Does not certify TTM or prices.",deep_filing_accounting
F033,MSFT,Annual FCF provider corroboration,FY2026 ended 2026-06-30,USD million,FMP CFO minus capex,66987.0,66987,FMP operatingCashFlow + signed capitalExpenditure,FMP authenticated response; see raw file,raw\fmp_msft_cashflow_annual.json,e4824033df895cb393efe1fa2e64a9b38ab8ff70ec860bb57b75f3e3496d59c8,See parent-session retrieval ledger,FiscalYear2026 annual response row,2026-09-24 US close,PROVIDER_AGREES_WITH_FILING_ARITHMETIC,False,"Selected fields transcribed from actual full Raw UI response; not full raw payload. Capture method and access: 00_provider_access_ledger.json. Separate provider transformation, common issuer origin. Zero optional fields are not established actual zeros. Does not certify TTM or prices.",deep_filing_accounting
