rebalance_year,ticker,assumed_period_cutoff,selected_fiscal_end,available_annual_periods,filing_publication_proven,original_vintage_preserved
2023,FANG,2023-07-01,2022-12-31,1,False,False
2023,ABBV,2023-07-01,2022-12-31,1,False,False
2023,ALL,2023-07-01,2022-12-31,1,False,False
2023,EXPE,2023-07-01,2022-12-31,1,False,False
2023,EOG,2023-07-01,2022-12-31,1,False,False
2023,BMY,2023-07-01,2022-12-31,1,False,False
2023,NVDA,2023-07-01,2023-01-31,1,False,False
2023,GILD,2023-07-01,2022-12-31,1,False,False
2023,MMM,2023-07-01,2022-12-31,1,False,False
2023,CVX,2023-07-01,2022-12-31,1,False,False
2023,AVGO,2023-07-01,2022-10-31,1,False,False
2023,HIG,2023-07-01,2022-12-31,1,False,False
2023,MA,2023-07-01,2022-12-31,1,False,False
2023,V,2023-07-01,2022-09-30,1,False,False
2023,NEM,2023-07-01,2022-12-31,1,False,False
2023,ADI,2023-07-01,2022-10-31,1,False,False
2023,TRV,2023-07-01,2022-12-31,1,False,False
2023,AIZ,2023-07-01,2022-12-31,1,False,False
2023,SCHW,2023-07-01,2022-12-31,1,False,False
2023,SNDK,2023-07-01,2023-06-30,1,False,False
2023,CSCO,2023-07-01,,0,False,False
2023,MDT,2023-07-01,2023-04-30,1,False,False
2023,CAH,2023-07-01,2023-06-30,1,False,False
2023,ADSK,2023-07-01,2023-01-31,1,False,False
2023,CINF,2023-07-01,2022-12-31,1,False,False
2023,PFE,2023-07-01,2022-12-31,1,False,False
2023,AMGN,2023-07-01,2022-12-31,1,False,False
2023,MO,2023-07-01,2022-12-31,1,False,False
2023,INCY,2023-07-01,2022-12-31,1,False,False
2023,BKNG,2023-07-01,2022-12-31,1,False,False
2023,COP,2023-07-01,2022-12-31,1,False,False
2023,SJM,2023-07-01,2023-04-30,1,False,False
2023,UNP,2023-07-01,2022-12-31,1,False,False
2023,LLY,2023-07-01,2022-12-31,1,False,False
2023,BLK,2023-07-01,2022-12-31,1,False,False
2023,CPAY,2023-07-01,2022-12-31,1,False,False
2023,OXY,2023-07-01,2022-12-31,1,False,False
2023,AIG,2023-07-01,2022-12-31,1,False,False
2023,EMR,2023-07-01,2022-09-30,1,False,False
2023,HAS,2023-07-01,2022-12-31,1,False,False
2023,KEYS,2023-07-01,2022-10-31,1,False,False
2023,ANET,2023-07-01,2022-12-31,1,False,False
2023,DD,2023-07-01,2022-12-31,1,False,False
2023,CL,2023-07-01,2022-12-31,1,False,False
2023,CF,2023-07-01,2022-12-31,1,False,False
2023,PGR,2023-07-01,2022-12-31,1,False,False
2023,CRM,2023-07-01,2023-01-31,1,False,False
2023,XOM,2023-07-01,2022-12-31,1,False,False
2023,APH,2023-07-01,2022-12-31,1,False,False
2023,GEN,2023-07-01,2023-03-31,1,False,False
2023,CVS,2023-07-01,2022-12-31,1,False,False
2023,CSX,2023-07-01,2022-12-31,1,False,False
2023,RTX,2023-07-01,2022-12-31,1,False,False
2023,DVN,2023-07-01,2022-12-31,1,False,False
2023,NXPI,2023-07-01,2022-12-31,1,False,False
2023,EW,2023-07-01,2022-12-31,1,False,False
2023,PH,2023-07-01,2023-06-30,1,False,False
2023,AMT,2023-07-01,2022-12-31,1,False,False
2023,CB,2023-07-01,2022-12-31,1,False,False
2023,BAC,2023-07-01,2022-12-31,1,False,False
2023,MNST,2023-07-01,2022-12-31,1,False,False
2023,MS,2023-07-01,2022-12-31,1,False,False
2023,EQIX,2023-07-01,2022-12-31,1,False,False
2023,MRK,2023-07-01,2022-12-31,1,False,False
2023,EBAY,2023-07-01,2022-12-31,1,False,False
2023,CFG,2023-07-01,2022-12-31,1,False,False
2023,REG,2023-07-01,2022-12-31,1,False,False
2023,GL,2023-07-01,2022-12-31,1,False,False
2023,AAPL,2023-07-01,2022-09-30,1,False,False
2023,CDNS,2023-07-01,2022-12-31,1,False,False
2023,MPC,2023-07-01,2022-12-31,1,False,False
2023,GOOGL,2023-07-01,2022-12-31,1,False,False
2023,CTVA,2023-07-01,2022-12-31,1,False,False
2023,KDP,2023-07-01,2022-12-31,1,False,False
2023,VLO,2023-07-01,2022-12-31,1,False,False
2023,FE,2023-07-01,2022-12-31,1,False,False
2023,INVH,2023-07-01,2022-12-31,1,False,False
2023,WM,2023-07-01,2022-12-31,1,False,False
2023,ABNB,2023-07-01,2022-12-31,1,False,False
2023,O,2023-07-01,2022-12-31,1,False,False
2023,VLTO,2023-07-01,2022-12-31,1,False,False
2023,SYK,2023-07-01,2022-12-31,1,False,False
2023,SNA,2023-07-01,2022-12-31,1,False,False
2023,AVY,2023-07-01,2022-12-31,1,False,False
2023,FTNT,2023-07-01,2022-12-31,1,False,False
2023,MCO,2023-07-01,2022-12-31,1,False,False
2023,PSA,2023-07-01,2022-12-31,1,False,False
2023,LIN,2023-07-01,2022-12-31,1,False,False
2023,HWM,2023-07-01,2022-12-31,1,False,False
2023,TXN,2023-07-01,2022-12-31,1,False,False
2023,JPM,2023-07-01,2022-12-31,1,False,False
2023,PNC,2023-07-01,2022-12-31,1,False,False
2023,STT,2023-07-01,2022-12-31,1,False,False
2023,USB,2023-07-01,2022-12-31,1,False,False
2023,DOV,2023-07-01,2022-12-31,1,False,False
2023,ADP,2023-07-01,2023-06-30,1,False,False
2023,PLD,2023-07-01,2022-12-31,1,False,False
2023,MSFT,2023-07-01,2023-06-30,1,False,False
2023,FITB,2023-07-01,2022-12-31,1,False,False
2023,SPG,2023-07-01,2022-12-31,1,False,False
2023,BNY,2023-07-01,2022-12-31,1,False,False
2023,BRK-B,2023-07-01,2022-12-31,1,False,False
2023,DUK,2023-07-01,2022-12-31,1,False,False
2023,C,2023-07-01,2022-12-31,1,False,False
2023,WELL,2023-07-01,2022-12-31,1,False,False
2023,DLR,2023-07-01,2022-12-31,1,False,False
2023,WAB,2023-07-01,2022-12-31,1,False,False
2023,SO,2023-07-01,2022-12-31,1,False,False
2023,LMT,2023-07-01,2022-12-31,1,False,False
2023,ALB,2023-07-01,2022-12-31,1,False,False
2023,NDSN,2023-07-01,2022-10-31,1,False,False
2023,VRSN,2023-07-01,2022-12-31,1,False,False
2023,NWSA,2023-07-01,2023-06-30,1,False,False
2023,GPN,2023-07-01,2022-12-31,1,False,False
2023,BDX,2023-07-01,2022-09-30,1,False,False
2023,APA,2023-07-01,2022-12-31,1,False,False
2023,VZ,2023-07-01,2022-12-31,1,False,False
2023,TDY,2023-07-01,2022-12-31,1,False,False
2023,GS,2023-07-01,2022-12-31,1,False,False
2023,CI,2023-07-01,2022-12-31,1,False,False
2023,ACGL,2023-07-01,2022-12-31,1,False,False
2023,JNJ,2023-07-01,2022-12-31,1,False,False
2023,RL,2023-07-01,2023-03-31,1,False,False
2023,MU,2023-07-01,2022-08-31,1,False,False
2023,NTAP,2023-07-01,2023-04-30,1,False,False
2023,GM,2023-07-01,2022-12-31,1,False,False
2023,OMC,2023-07-01,2022-12-31,1,False,False
2023,GEV,2023-07-01,2022-12-31,1,False,False
2023,FRT,2023-07-01,2022-12-31,1,False,False
2023,FDX,2023-07-01,2023-05-31,1,False,False
2023,PRU,2023-07-01,2022-12-31,1,False,False
2023,GD,2023-07-01,2022-12-31,1,False,False
2023,DGX,2023-07-01,2022-12-31,1,False,False
2023,FIX,2023-07-01,2022-12-31,1,False,False
2023,PEP,2023-07-01,2022-12-31,1,False,False
2023,IBKR,2023-07-01,2022-12-31,1,False,False
2023,AFL,2023-07-01,2022-12-31,1,False,False
2023,MSI,2023-07-01,2022-12-31,1,False,False
2023,LH,2023-07-01,2022-12-31,1,False,False
2023,AMZN,2023-07-01,2022-12-31,1,False,False
2023,IEX,2023-07-01,2022-12-31,1,False,False
2023,TMUS,2023-07-01,2022-12-31,1,False,False
2023,ADBE,2023-07-01,2022-11-30,1,False,False
2023,JCI,2023-07-01,2022-09-30,1,False,False
2023,SPGI,2023-07-01,2022-12-31,1,False,False
2023,VRT,2023-07-01,2022-12-31,1,False,False
2023,WRB,2023-07-01,2022-12-31,1,False,False
2023,VICI,2023-07-01,2022-12-31,1,False,False
2023,KIM,2023-07-01,2022-12-31,1,False,False
2023,ECL,2023-07-01,2022-12-31,1,False,False
2023,ROST,2023-07-01,2023-01-31,1,False,False
2023,HSY,2023-07-01,2022-12-31,1,False,False
2023,HPE,2023-07-01,2022-10-31,1,False,False
2023,KEY,2023-07-01,2022-12-31,1,False,False
2023,ED,2023-07-01,2022-12-31,1,False,False
2023,ZBH,2023-07-01,2022-12-31,1,False,False
2023,TT,2023-07-01,2022-12-31,1,False,False
2023,SNPS,2023-07-01,2022-10-31,1,False,False
2023,PAYX,2023-07-01,2023-05-31,1,False,False
2023,TPR,2023-07-01,2023-06-30,1,False,False
2023,UBER,2023-07-01,2022-12-31,1,False,False
2023,MRSH,2023-07-01,2022-12-31,1,False,False
2023,DOC,2023-07-01,2022-12-31,1,False,False
2023,AMCR,2023-07-01,2023-06-30,1,False,False
2023,NTRS,2023-07-01,2022-12-31,1,False,False
2023,NDAQ,2023-07-01,2022-12-31,1,False,False
2023,VEEV,2023-07-01,2023-01-31,1,False,False
2023,ITW,2023-07-01,2022-12-31,1,False,False
2023,DAL,2023-07-01,2022-12-31,1,False,False
2023,VMRK,2023-07-01,2022-12-31,1,False,False
2023,EXR,2023-07-01,2022-12-31,1,False,False
2023,JBHT,2023-07-01,2022-12-31,1,False,False
2023,URI,2023-07-01,2022-12-31,1,False,False
2023,STX,2023-07-01,2023-06-30,1,False,False
2023,JBL,2023-07-01,2022-08-31,1,False,False
2023,NUE,2023-07-01,2022-12-31,1,False,False
2023,DDOG,2023-07-01,2022-12-31,1,False,False
2023,WFC,2023-07-01,2022-12-31,1,False,False
2023,PANW,2023-07-01,,0,False,False
2023,FTV,2023-07-01,2022-12-31,1,False,False
2023,KO,2023-07-01,2022-12-31,1,False,False
2023,PFG,2023-07-01,2022-12-31,1,False,False
2023,ROK,2023-07-01,2022-09-30,1,False,False
2023,STZ,2023-07-01,2023-02-28,1,False,False
2023,BR,2023-07-01,2023-06-30,1,False,False
2023,STE,2023-07-01,2023-03-31,1,False,False
2023,ICE,2023-07-01,2022-12-31,1,False,False
2023,HBAN,2023-07-01,2022-12-31,1,False,False
2023,AMP,2023-07-01,2022-12-31,1,False,False
2023,APP,2023-07-01,2022-12-31,1,False,False
2023,AME,2023-07-01,2022-12-31,1,False,False
2023,RSG,2023-07-01,2022-12-31,1,False,False
2023,MSCI,2023-07-01,2022-12-31,1,False,False
2023,UNH,2023-07-01,2022-12-31,1,False,False
2023,ALLE,2023-07-01,2022-12-31,1,False,False
2023,REGN,2023-07-01,2022-12-31,1,False,False
2023,INTU,2023-07-01,,0,False,False
2023,WTW,2023-07-01,2022-12-31,1,False,False
2023,COF,2023-07-01,2022-12-31,1,False,False
2023,PG,2023-07-01,2023-06-30,1,False,False
2023,NSC,2023-07-01,2022-12-31,1,False,False
2023,PPL,2023-07-01,2022-12-31,1,False,False
2023,SHW,2023-07-01,2022-12-31,1,False,False
2023,GE,2023-07-01,2022-12-31,1,False,False
2023,UDR,2023-07-01,2022-12-31,1,False,False
2023,WSM,2023-07-01,2023-01-31,1,False,False
2023,DRI,2023-07-01,2023-05-31,1,False,False
2023,XYL,2023-07-01,2022-12-31,1,False,False
2023,VTR,2023-07-01,2022-12-31,1,False,False
2023,HON,2023-07-01,2022-12-31,1,False,False
2023,T,2023-07-01,2022-12-31,1,False,False
2023,PM,2023-07-01,2022-12-31,1,False,False
2023,MAA,2023-07-01,2022-12-31,1,False,False
2023,BIIB,2023-07-01,2022-12-31,1,False,False
2023,BALL,2023-07-01,2022-12-31,1,False,False
2023,PSX,2023-07-01,2022-12-31,1,False,False
2023,CTAS,2023-07-01,2023-05-31,1,False,False
2023,CRWD,2023-07-01,2023-01-31,1,False,False
2023,ES,2023-07-01,2022-12-31,1,False,False
2023,MET,2023-07-01,2022-12-31,1,False,False
2023,FFIV,2023-07-01,2022-09-30,1,False,False
2023,MCD,2023-07-01,2022-12-31,1,False,False
2023,FLEX,2023-07-01,2023-03-31,1,False,False
2023,TROW,2023-07-01,2022-12-31,1,False,False
2023,MAR,2023-07-01,2022-12-31,1,False,False
2023,CMI,2023-07-01,2022-12-31,1,False,False
2023,L,2023-07-01,2022-12-31,1,False,False
2023,WDC,2023-07-01,2023-06-30,1,False,False
2023,MCK,2023-07-01,2023-03-31,1,False,False
2023,MDLZ,2023-07-01,2022-12-31,1,False,False
2023,NFLX,2023-07-01,2022-12-31,1,False,False
2023,DHR,2023-07-01,2022-12-31,1,False,False
2023,EXC,2023-07-01,2022-12-31,1,False,False
2023,VTRS,2023-07-01,2022-12-31,1,False,False
2023,IVZ,2023-07-01,2022-12-31,1,False,False
2023,DIS,2023-07-01,2022-09-30,1,False,False
2023,HSIC,2023-07-01,2022-12-31,1,False,False
2023,NEE,2023-07-01,2022-12-31,1,False,False
2023,RJF,2023-07-01,2022-09-30,1,False,False
2023,KLAC,2023-07-01,2023-06-30,1,False,False
2023,PWR,2023-07-01,2022-12-31,1,False,False
2023,TDG,2023-07-01,2022-09-30,1,False,False
2023,EFX,2023-07-01,2022-12-31,1,False,False
2023,HLT,2023-07-01,2022-12-31,1,False,False
2023,ABT,2023-07-01,2022-12-31,1,False,False
2023,ZBRA,2023-07-01,2022-12-31,1,False,False
2023,HST,2023-07-01,2022-12-31,1,False,False
2023,META,2023-07-01,2022-12-31,1,False,False
2023,WDAY,2023-07-01,2023-01-31,1,False,False
2023,GWW,2023-07-01,2022-12-31,1,False,False
2023,EVRG,2023-07-01,2022-12-31,1,False,False
2023,TKO,2023-07-01,2022-12-31,1,False,False
2023,ESS,2023-07-01,2022-12-31,1,False,False
2023,YUM,2023-07-01,2022-12-31,1,False,False
2023,BRO,2023-07-01,2022-12-31,1,False,False
2023,CBRE,2023-07-01,2022-12-31,1,False,False
2023,CHD,2023-07-01,2022-12-31,1,False,False
2023,EQT,2023-07-01,2022-12-31,1,False,False
2023,HAL,2023-07-01,2022-12-31,1,False,False
2023,CIEN,2023-07-01,2022-10-31,1,False,False
2023,AXP,2023-07-01,2022-12-31,1,False,False
2023,APO,2023-07-01,2022-12-31,1,False,False
2023,RDDT,2023-07-01,2022-12-31,1,False,False
2023,WMB,2023-07-01,2022-12-31,1,False,False
2023,AEE,2023-07-01,2022-12-31,1,False,False
2023,DASH,2023-07-01,2022-12-31,1,False,False
2023,PLTR,2023-07-01,2022-12-31,1,False,False
2023,ALGN,2023-07-01,2022-12-31,1,False,False
2023,TEL,2023-07-01,2022-09-30,1,False,False
2023,BA,2023-07-01,2022-12-31,1,False,False
2023,EXPD,2023-07-01,2022-12-31,1,False,False
2023,TFC,2023-07-01,2022-12-31,1,False,False
2023,MAS,2023-07-01,2022-12-31,1,False,False
2023,TJX,2023-07-01,2023-01-31,1,False,False
2023,CBOE,2023-07-01,2022-12-31,1,False,False
2023,CRH,2023-07-01,2022-12-31,1,False,False
2023,LRCX,2023-07-01,2023-06-30,1,False,False
2023,AON,2023-07-01,2022-12-31,1,False,False
2023,VRTX,2023-07-01,2022-12-31,1,False,False
2023,BBY,2023-07-01,2023-01-31,1,False,False
2023,VRSK,2023-07-01,2022-12-31,1,False,False
2023,UAL,2023-07-01,2022-12-31,1,False,False
2023,UPS,2023-07-01,2022-12-31,1,False,False
2023,ETR,2023-07-01,2022-12-31,1,False,False
2023,KVUE,2023-07-01,2022-12-31,1,False,False
2023,CAT,2023-07-01,2022-12-31,1,False,False
2023,HUM,2023-07-01,2022-12-31,1,False,False
2023,AEP,2023-07-01,2022-12-31,1,False,False
2023,ON,2023-07-01,2022-12-31,1,False,False
2023,COST,2023-07-01,2022-08-31,1,False,False
2023,MTB,2023-07-01,2022-12-31,1,False,False
2023,FAST,2023-07-01,2022-12-31,1,False,False
2023,AZO,2023-07-01,2022-08-31,1,False,False
2023,LHX,2023-07-01,2022-12-31,1,False,False
2023,IR,2023-07-01,2022-12-31,1,False,False
2023,CNP,2023-07-01,2022-12-31,1,False,False
2023,SWK,2023-07-01,2022-12-31,1,False,False
2023,BX,2023-07-01,2022-12-31,1,False,False
2023,GDDY,2023-07-01,2022-12-31,1,False,False
2023,GNRC,2023-07-01,2022-12-31,1,False,False
2023,WEC,2023-07-01,2022-12-31,1,False,False
2023,ATO,2023-07-01,2022-09-30,1,False,False
2023,ODFL,2023-07-01,2022-12-31,1,False,False
2023,AMAT,2023-07-01,2022-10-31,1,False,False
2023,ORLY,2023-07-01,2022-12-31,1,False,False
2023,STLD,2023-07-01,2022-12-31,1,False,False
2023,SBAC,2023-07-01,2022-12-31,1,False,False
2023,DVA,2023-07-01,2022-12-31,1,False,False
2023,TGT,2023-07-01,2023-01-31,1,False,False
2023,PPG,2023-07-01,2022-12-31,1,False,False
2023,LYV,2023-07-01,2022-12-31,1,False,False
2023,MRVL,2023-07-01,2023-01-31,1,False,False
2023,SYY,2023-07-01,2023-06-30,1,False,False
2023,BKR,2023-07-01,2022-12-31,1,False,False
2023,FOXA,2023-07-01,2023-06-30,1,False,False
2023,ELV,2023-07-01,2022-12-31,1,False,False
2023,EXE,2023-07-01,2022-12-31,1,False,False
2023,APD,2023-07-01,2022-09-30,1,False,False
2023,PKG,2023-07-01,2022-12-31,1,False,False
2023,ROP,2023-07-01,2022-12-31,1,False,False
2023,DECK,2023-07-01,2023-03-31,1,False,False
2023,EME,2023-07-01,2022-12-31,1,False,False
2023,BEN,2023-07-01,2022-09-30,1,False,False
2023,D,2023-07-01,2022-12-31,1,False,False
2023,KMI,2023-07-01,2022-12-31,1,False,False
2023,HOOD,2023-07-01,2022-12-31,1,False,False
2023,CNC,2023-07-01,2022-12-31,1,False,False
2023,MCHP,2023-07-01,2023-03-31,1,False,False
2023,SW,2023-07-01,2022-12-31,1,False,False
2023,HD,2023-07-01,2023-01-31,1,False,False
2023,AMD,2023-07-01,2022-12-31,1,False,False
2023,PEG,2023-07-01,2022-12-31,1,False,False
2023,SRE,2023-07-01,2022-12-31,1,False,False
2023,LVS,2023-07-01,2022-12-31,1,False,False
2023,ISRG,2023-07-01,2022-12-31,1,False,False
2023,TTWO,2023-07-01,2023-03-31,1,False,False
2023,XEL,2023-07-01,2022-12-31,1,False,False
2023,FCX,2023-07-01,2022-12-31,1,False,False
2023,J,2023-07-01,2022-09-30,1,False,False
2023,DTE,2023-07-01,2022-12-31,1,False,False
2023,KR,2023-07-01,2023-01-31,1,False,False
2023,LOW,2023-07-01,2023-01-31,1,False,False
2023,DELL,2023-07-01,2023-01-31,1,False,False
2023,AWK,2023-07-01,2022-12-31,1,False,False
2023,MPWR,2023-07-01,2022-12-31,1,False,False
2023,AJG,2023-07-01,2022-12-31,1,False,False
2023,CSGP,2023-07-01,2022-12-31,1,False,False
2023,PCAR,2023-07-01,2022-12-31,1,False,False
2023,CME,2023-07-01,2022-12-31,1,False,False
2023,FERG,2023-07-01,2022-07-31,1,False,False
2023,COR,2023-07-01,2022-09-30,1,False,False
2023,EIX,2023-07-01,2022-12-31,1,False,False
2023,LUV,2023-07-01,2022-12-31,1,False,False
2023,DXCM,2023-07-01,2022-12-31,1,False,False
2023,KKR,2023-07-01,2022-12-31,1,False,False
2023,EG,2023-07-01,2022-12-31,1,False,False
2023,KHC,2023-07-01,2022-12-31,1,False,False
2023,CHRW,2023-07-01,2022-12-31,1,False,False
2023,FICO,2023-07-01,2022-09-30,1,False,False
2023,LITE,2023-07-01,2023-06-30,1,False,False
2023,SYF,2023-07-01,2022-12-31,1,False,False
2023,FSLR,2023-07-01,2022-12-31,1,False,False
2023,IRM,2023-07-01,2022-12-31,1,False,False
2023,GEHC,2023-07-01,2022-12-31,1,False,False
2023,VMC,2023-07-01,2022-12-31,1,False,False
2023,IDXX,2023-07-01,2022-12-31,1,False,False
2023,BSX,2023-07-01,2022-12-31,1,False,False
2023,IQV,2023-07-01,2022-12-31,1,False,False
2023,SLB,2023-07-01,2022-12-31,1,False,False
2023,CMCSA,2023-07-01,2022-12-31,1,False,False
2023,CPRT,2023-07-01,2022-07-31,1,False,False
2023,SBUX,2023-07-01,2022-09-30,1,False,False
2023,CASY,2023-07-01,2023-04-30,1,False,False
2023,HCA,2023-07-01,2022-12-31,1,False,False
2023,NOC,2023-07-01,2022-12-31,1,False,False
2023,MLM,2023-07-01,2022-12-31,1,False,False
2023,BG,2023-07-01,2022-12-31,1,False,False
2023,NOW,2023-07-01,2022-12-31,1,False,False
2023,NI,2023-07-01,2022-12-31,1,False,False
2023,DLTR,2023-07-01,2023-01-31,1,False,False
2023,ADM,2023-07-01,2022-12-31,1,False,False
2023,BXP,2023-07-01,2022-12-31,1,False,False
2023,RF,2023-07-01,2022-12-31,1,False,False
2023,TRGP,2023-07-01,2022-12-31,1,False,False
2023,TMO,2023-07-01,2022-12-31,1,False,False
2023,ROL,2023-07-01,2022-12-31,1,False,False
2023,TYL,2023-07-01,2022-12-31,1,False,False
2023,GLW,2023-07-01,2022-12-31,1,False,False
2023,TER,2023-07-01,2022-12-31,1,False,False
2023,GRMN,2023-07-01,2022-12-31,1,False,False
2023,PODD,2023-07-01,2022-12-31,1,False,False
2023,WMT,2023-07-01,2023-01-31,1,False,False
2023,LNT,2023-07-01,2022-12-31,1,False,False
2023,OTIS,2023-07-01,2022-12-31,1,False,False
2023,ULTA,2023-07-01,2023-01-31,1,False,False
2023,OKE,2023-07-01,2022-12-31,1,False,False
2023,TSN,2023-07-01,2022-09-30,1,False,False
2023,LYB,2023-07-01,2022-12-31,1,False,False
2023,A,2023-07-01,2022-10-31,1,False,False
2023,PNW,2023-07-01,2022-12-31,1,False,False
2023,ZTS,2023-07-01,2022-12-31,1,False,False
2023,RMD,2023-07-01,2023-06-30,1,False,False
2023,DG,2023-07-01,2023-01-31,1,False,False
2023,CCI,2023-07-01,2022-12-31,1,False,False
2023,EL,2023-07-01,2023-06-30,1,False,False
2023,JKHY,2023-07-01,2023-06-30,1,False,False
2023,HUBB,2023-07-01,2022-12-31,1,False,False
2023,P,2023-07-01,2023-01-31,1,False,False
2023,BE,2023-07-01,2022-12-31,1,False,False
2023,TPL,2023-07-01,2022-12-31,1,False,False
2023,CMG,2023-07-01,2022-12-31,1,False,False
2023,RCL,2023-07-01,2022-12-31,1,False,False
2023,CMS,2023-07-01,2022-12-31,1,False,False
2023,FIS,2023-07-01,2022-12-31,1,False,False
2023,PNR,2023-07-01,2022-12-31,1,False,False
2023,GPC,2023-07-01,2022-12-31,1,False,False
2023,HRL,2023-07-01,2022-10-31,1,False,False
2023,COO,2023-07-01,2022-10-31,1,False,False
2023,AOS,2023-07-01,2022-12-31,1,False,False
2023,MTD,2023-07-01,2022-12-31,1,False,False
2023,WAT,2023-07-01,2022-12-31,1,False,False
2023,HPQ,2023-07-01,2022-10-31,1,False,False
2023,ACN,2023-07-01,2022-08-31,1,False,False
2023,KMB,2023-07-01,2022-12-31,1,False,False
2023,NRG,2023-07-01,2022-12-31,1,False,False
2023,COHR,2023-07-01,2023-06-30,1,False,False
2023,UHS,2023-07-01,2022-12-31,1,False,False
2023,FDS,2023-07-01,2022-08-31,1,False,False
2023,IT,2023-07-01,2022-12-31,1,False,False
2023,MKC,2023-07-01,2022-11-30,1,False,False
2023,PYPL,2023-07-01,2022-12-31,1,False,False
2023,XYZ,2023-07-01,2022-12-31,1,False,False
2023,BAX,2023-07-01,2022-12-31,1,False,False
2023,TRMB,2023-07-01,2022-12-31,1,False,False
2023,PHM,2023-07-01,2022-12-31,1,False,False
2023,PTC,2023-07-01,2022-09-30,1,False,False
2023,ETN,2023-07-01,2022-12-31,1,False,False
2023,ORCL,2023-07-01,2023-05-31,1,False,False
2023,CARR,2023-07-01,2022-12-31,1,False,False
2023,WBD,2023-07-01,2022-12-31,1,False,False
2023,WYNN,2023-07-01,2022-12-31,1,False,False
2023,DE,2023-07-01,2022-10-31,1,False,False
2023,WST,2023-07-01,2022-12-31,1,False,False
2023,CCL,2023-07-01,2022-11-30,1,False,False
2023,FISV,2023-07-01,2022-12-31,1,False,False
2023,PCG,2023-07-01,2022-12-31,1,False,False
2023,QCOM,2023-07-01,2022-09-30,1,False,False
2023,SOLV,2023-07-01,2022-12-31,1,False,False
2023,MGM,2023-07-01,2022-12-31,1,False,False
2023,DPZ,2023-07-01,2022-12-31,1,False,False
2023,APTV,2023-07-01,2022-12-31,1,False,False
2023,CPT,2023-07-01,2022-12-31,1,False,False
2023,AKAM,2023-07-01,2022-12-31,1,False,False
2023,CDW,2023-07-01,2022-12-31,1,False,False
2023,AES,2023-07-01,2022-12-31,1,False,False
2023,IBM,2023-07-01,2022-12-31,1,False,False
2023,TECH,2023-07-01,2023-06-30,1,False,False
2023,DHI,2023-07-01,2022-09-30,1,False,False
2023,BF-B,2023-07-01,2023-04-30,1,False,False
2023,TXT,2023-07-01,2022-12-31,1,False,False
2023,VST,2023-07-01,2022-12-31,1,False,False
2023,CTSH,2023-07-01,2022-12-31,1,False,False
2023,LII,2023-07-01,2022-12-31,1,False,False
2023,RVTY,2023-07-01,2022-12-31,1,False,False
2023,LDOS,2023-07-01,2022-12-31,1,False,False
2023,ERIE,2023-07-01,2022-12-31,1,False,False
2023,CEG,2023-07-01,2022-12-31,1,False,False
2023,NKE,2023-07-01,2023-05-31,1,False,False
2023,DOW,2023-07-01,2022-12-31,1,False,False
2023,HII,2023-07-01,2022-12-31,1,False,False
2023,NVR,2023-07-01,2022-12-31,1,False,False
2023,TSLA,2023-07-01,2022-12-31,1,False,False
2023,ARES,2023-07-01,2022-12-31,1,False,False
2023,GIS,2023-07-01,2023-05-31,1,False,False
2023,CVNA,2023-07-01,2022-12-31,1,False,False
2023,WY,2023-07-01,2022-12-31,1,False,False
2023,ARE,2023-07-01,2022-12-31,1,False,False
2023,F,2023-07-01,2022-12-31,1,False,False
2023,ILMN,2023-07-01,2022-12-31,1,False,False
2023,AXON,2023-07-01,2022-12-31,1,False,False
2023,SWKS,2023-07-01,2022-09-30,1,False,False
2023,IP,2023-07-01,2022-12-31,1,False,False
2023,INTC,2023-07-01,2022-12-31,1,False,False
2023,NCLH,2023-07-01,2022-12-31,1,False,False
2023,IFF,2023-07-01,2022-12-31,1,False,False
2023,MRNA,2023-07-01,2022-12-31,1,False,False
2023,SMCI,2023-07-01,2023-06-30,1,False,False
2023,ECHO,2023-07-01,2022-12-31,1,False,False
2023,LULU,2023-07-01,2023-01-31,1,False,False
2023,PSKY,2023-07-01,2022-12-31,2,False,False
2023,CRL,2023-07-01,2022-12-31,1,False,False
2023,TSCO,2023-07-01,2022-12-31,1,False,False
2023,COIN,2023-07-01,2022-12-31,1,False,False
2023,CHTR,2023-07-01,2022-12-31,1,False,False
2023,CLX,2023-07-01,2023-06-30,1,False,False
2023,LEN,2023-07-01,2022-11-30,1,False,False
2023,MOS,2023-07-01,2022-12-31,1,False,False
2024,FANG,2024-07-01,2023-12-31,2,False,False
2024,ABBV,2024-07-01,2023-12-31,2,False,False
2024,ALL,2024-07-01,2023-12-31,2,False,False
2024,EXPE,2024-07-01,2023-12-31,2,False,False
2024,EOG,2024-07-01,2023-12-31,2,False,False
2024,BMY,2024-07-01,2023-12-31,2,False,False
2024,NVDA,2024-07-01,2024-01-31,2,False,False
2024,GILD,2024-07-01,2023-12-31,2,False,False
2024,MMM,2024-07-01,2023-12-31,2,False,False
2024,CVX,2024-07-01,2023-12-31,2,False,False
2024,AVGO,2024-07-01,2023-10-31,2,False,False
2024,HIG,2024-07-01,2023-12-31,2,False,False
2024,MA,2024-07-01,2023-12-31,2,False,False
2024,V,2024-07-01,2023-09-30,2,False,False
2024,NEM,2024-07-01,2023-12-31,2,False,False
2024,ADI,2024-07-01,2023-10-31,2,False,False
2024,TRV,2024-07-01,2023-12-31,2,False,False
2024,AIZ,2024-07-01,2023-12-31,2,False,False
2024,SCHW,2024-07-01,2023-12-31,2,False,False
2024,SNDK,2024-07-01,2024-06-30,2,False,False
2024,CSCO,2024-07-01,2023-07-31,1,False,False
2024,MDT,2024-07-01,2024-04-30,2,False,False
2024,CAH,2024-07-01,2024-06-30,2,False,False
2024,ADSK,2024-07-01,2024-01-31,2,False,False
2024,CINF,2024-07-01,2023-12-31,2,False,False
2024,PFE,2024-07-01,2023-12-31,2,False,False
2024,AMGN,2024-07-01,2023-12-31,2,False,False
2024,MO,2024-07-01,2023-12-31,2,False,False
2024,INCY,2024-07-01,2023-12-31,2,False,False
2024,BKNG,2024-07-01,2023-12-31,2,False,False
2024,COP,2024-07-01,2023-12-31,2,False,False
2024,SJM,2024-07-01,2024-04-30,2,False,False
2024,UNP,2024-07-01,2023-12-31,2,False,False
2024,LLY,2024-07-01,2023-12-31,2,False,False
2024,BLK,2024-07-01,2023-12-31,2,False,False
2024,CPAY,2024-07-01,2023-12-31,2,False,False
2024,OXY,2024-07-01,2023-12-31,2,False,False
2024,AIG,2024-07-01,2023-12-31,2,False,False
2024,EMR,2024-07-01,2023-09-30,2,False,False
2024,HAS,2024-07-01,2023-12-31,2,False,False
2024,KEYS,2024-07-01,2023-10-31,2,False,False
2024,ANET,2024-07-01,2023-12-31,2,False,False
2024,DD,2024-07-01,2023-12-31,2,False,False
2024,CL,2024-07-01,2023-12-31,2,False,False
2024,CF,2024-07-01,2023-12-31,2,False,False
2024,PGR,2024-07-01,2023-12-31,2,False,False
2024,CRM,2024-07-01,2024-01-31,2,False,False
2024,XOM,2024-07-01,2023-12-31,2,False,False
2024,APH,2024-07-01,2023-12-31,2,False,False
2024,GEN,2024-07-01,2024-03-31,2,False,False
2024,CVS,2024-07-01,2023-12-31,2,False,False
2024,CSX,2024-07-01,2023-12-31,2,False,False
2024,RTX,2024-07-01,2023-12-31,2,False,False
2024,DVN,2024-07-01,2023-12-31,2,False,False
2024,NXPI,2024-07-01,2023-12-31,2,False,False
2024,EW,2024-07-01,2023-12-31,2,False,False
2024,PH,2024-07-01,2024-06-30,2,False,False
2024,AMT,2024-07-01,2023-12-31,2,False,False
2024,CB,2024-07-01,2023-12-31,2,False,False
2024,BAC,2024-07-01,2023-12-31,2,False,False
2024,MNST,2024-07-01,2023-12-31,2,False,False
2024,MS,2024-07-01,2023-12-31,2,False,False
2024,EQIX,2024-07-01,2023-12-31,2,False,False
2024,MRK,2024-07-01,2023-12-31,2,False,False
2024,EBAY,2024-07-01,2023-12-31,2,False,False
2024,CFG,2024-07-01,2023-12-31,2,False,False
2024,REG,2024-07-01,2023-12-31,2,False,False
2024,GL,2024-07-01,2023-12-31,2,False,False
2024,AAPL,2024-07-01,2023-09-30,2,False,False
2024,CDNS,2024-07-01,2023-12-31,2,False,False
2024,MPC,2024-07-01,2023-12-31,2,False,False
2024,GOOGL,2024-07-01,2023-12-31,2,False,False
2024,CTVA,2024-07-01,2023-12-31,2,False,False
2024,KDP,2024-07-01,2023-12-31,2,False,False
2024,VLO,2024-07-01,2023-12-31,2,False,False
2024,FE,2024-07-01,2023-12-31,2,False,False
2024,INVH,2024-07-01,2023-12-31,2,False,False
2024,WM,2024-07-01,2023-12-31,2,False,False
2024,ABNB,2024-07-01,2023-12-31,2,False,False
2024,O,2024-07-01,2023-12-31,2,False,False
2024,VLTO,2024-07-01,2023-12-31,2,False,False
2024,SYK,2024-07-01,2023-12-31,2,False,False
2024,SNA,2024-07-01,2023-12-31,2,False,False
2024,AVY,2024-07-01,2023-12-31,2,False,False
2024,FTNT,2024-07-01,2023-12-31,2,False,False
2024,MCO,2024-07-01,2023-12-31,2,False,False
2024,PSA,2024-07-01,2023-12-31,2,False,False
2024,LIN,2024-07-01,2023-12-31,2,False,False
2024,HWM,2024-07-01,2023-12-31,2,False,False
2024,TXN,2024-07-01,2023-12-31,2,False,False
2024,JPM,2024-07-01,2023-12-31,2,False,False
2024,PNC,2024-07-01,2023-12-31,2,False,False
2024,STT,2024-07-01,2023-12-31,2,False,False
2024,USB,2024-07-01,2023-12-31,2,False,False
2024,DOV,2024-07-01,2023-12-31,2,False,False
2024,ADP,2024-07-01,2024-06-30,2,False,False
2024,PLD,2024-07-01,2023-12-31,2,False,False
2024,MSFT,2024-07-01,2024-06-30,2,False,False
2024,FITB,2024-07-01,2023-12-31,2,False,False
2024,SPG,2024-07-01,2023-12-31,2,False,False
2024,BNY,2024-07-01,2023-12-31,2,False,False
2024,BRK-B,2024-07-01,2023-12-31,2,False,False
2024,DUK,2024-07-01,2023-12-31,2,False,False
2024,C,2024-07-01,2023-12-31,2,False,False
2024,WELL,2024-07-01,2023-12-31,2,False,False
2024,DLR,2024-07-01,2023-12-31,2,False,False
2024,WAB,2024-07-01,2023-12-31,2,False,False
2024,SO,2024-07-01,2023-12-31,2,False,False
2024,LMT,2024-07-01,2023-12-31,2,False,False
2024,ALB,2024-07-01,2023-12-31,2,False,False
2024,NDSN,2024-07-01,2023-10-31,2,False,False
2024,VRSN,2024-07-01,2023-12-31,2,False,False
2024,NWSA,2024-07-01,2024-06-30,2,False,False
2024,GPN,2024-07-01,2023-12-31,2,False,False
2024,BDX,2024-07-01,2023-09-30,2,False,False
2024,APA,2024-07-01,2023-12-31,2,False,False
2024,VZ,2024-07-01,2023-12-31,2,False,False
2024,TDY,2024-07-01,2023-12-31,2,False,False
2024,GS,2024-07-01,2023-12-31,2,False,False
2024,CI,2024-07-01,2023-12-31,2,False,False
2024,ACGL,2024-07-01,2023-12-31,2,False,False
2024,JNJ,2024-07-01,2023-12-31,2,False,False
2024,RL,2024-07-01,2024-03-31,2,False,False
2024,MU,2024-07-01,2023-08-31,2,False,False
2024,NTAP,2024-07-01,2024-04-30,2,False,False
2024,GM,2024-07-01,2023-12-31,2,False,False
2024,OMC,2024-07-01,2023-12-31,2,False,False
2024,GEV,2024-07-01,2023-12-31,2,False,False
2024,FRT,2024-07-01,2023-12-31,2,False,False
2024,FDX,2024-07-01,2024-05-31,2,False,False
2024,PRU,2024-07-01,2023-12-31,2,False,False
2024,GD,2024-07-01,2023-12-31,2,False,False
2024,DGX,2024-07-01,2023-12-31,2,False,False
2024,FIX,2024-07-01,2023-12-31,2,False,False
2024,PEP,2024-07-01,2023-12-31,2,False,False
2024,IBKR,2024-07-01,2023-12-31,2,False,False
2024,AFL,2024-07-01,2023-12-31,2,False,False
2024,MSI,2024-07-01,2023-12-31,2,False,False
2024,LH,2024-07-01,2023-12-31,2,False,False
2024,AMZN,2024-07-01,2023-12-31,2,False,False
2024,IEX,2024-07-01,2023-12-31,2,False,False
2024,TMUS,2024-07-01,2023-12-31,2,False,False
2024,ADBE,2024-07-01,2023-11-30,2,False,False
2024,JCI,2024-07-01,2023-09-30,2,False,False
2024,SPGI,2024-07-01,2023-12-31,2,False,False
2024,VRT,2024-07-01,2023-12-31,2,False,False
2024,WRB,2024-07-01,2023-12-31,2,False,False
2024,VICI,2024-07-01,2023-12-31,2,False,False
2024,KIM,2024-07-01,2023-12-31,2,False,False
2024,ECL,2024-07-01,2023-12-31,2,False,False
2024,ROST,2024-07-01,2024-01-31,2,False,False
2024,HSY,2024-07-01,2023-12-31,2,False,False
2024,HPE,2024-07-01,2023-10-31,2,False,False
2024,KEY,2024-07-01,2023-12-31,2,False,False
2024,ED,2024-07-01,2023-12-31,2,False,False
2024,ZBH,2024-07-01,2023-12-31,2,False,False
2024,TT,2024-07-01,2023-12-31,2,False,False
2024,SNPS,2024-07-01,2023-10-31,2,False,False
2024,PAYX,2024-07-01,2024-05-31,2,False,False
2024,TPR,2024-07-01,2024-06-30,2,False,False
2024,UBER,2024-07-01,2023-12-31,2,False,False
2024,MRSH,2024-07-01,2023-12-31,2,False,False
2024,DOC,2024-07-01,2023-12-31,2,False,False
2024,AMCR,2024-07-01,2024-06-30,2,False,False
2024,NTRS,2024-07-01,2023-12-31,2,False,False
2024,NDAQ,2024-07-01,2023-12-31,2,False,False
2024,VEEV,2024-07-01,2024-01-31,2,False,False
2024,ITW,2024-07-01,2023-12-31,2,False,False
2024,DAL,2024-07-01,2023-12-31,2,False,False
2024,VMRK,2024-07-01,2023-12-31,2,False,False
2024,EXR,2024-07-01,2023-12-31,2,False,False
2024,JBHT,2024-07-01,2023-12-31,2,False,False
2024,URI,2024-07-01,2023-12-31,2,False,False
2024,STX,2024-07-01,2024-06-30,2,False,False
2024,JBL,2024-07-01,2023-08-31,2,False,False
2024,NUE,2024-07-01,2023-12-31,2,False,False
2024,DDOG,2024-07-01,2023-12-31,2,False,False
2024,WFC,2024-07-01,2023-12-31,2,False,False
2024,PANW,2024-07-01,2023-07-31,1,False,False
2024,FTV,2024-07-01,2023-12-31,2,False,False
2024,KO,2024-07-01,2023-12-31,2,False,False
2024,PFG,2024-07-01,2023-12-31,2,False,False
2024,ROK,2024-07-01,2023-09-30,2,False,False
2024,STZ,2024-07-01,2024-02-29,2,False,False
2024,BR,2024-07-01,2024-06-30,2,False,False
2024,STE,2024-07-01,2024-03-31,2,False,False
2024,ICE,2024-07-01,2023-12-31,2,False,False
2024,HBAN,2024-07-01,2023-12-31,2,False,False
2024,AMP,2024-07-01,2023-12-31,2,False,False
2024,APP,2024-07-01,2023-12-31,2,False,False
2024,AME,2024-07-01,2023-12-31,2,False,False
2024,RSG,2024-07-01,2023-12-31,2,False,False
2024,MSCI,2024-07-01,2023-12-31,2,False,False
2024,UNH,2024-07-01,2023-12-31,2,False,False
2024,ALLE,2024-07-01,2023-12-31,2,False,False
2024,REGN,2024-07-01,2023-12-31,2,False,False
2024,INTU,2024-07-01,2023-07-31,1,False,False
2024,WTW,2024-07-01,2023-12-31,2,False,False
2024,COF,2024-07-01,2023-12-31,2,False,False
2024,PG,2024-07-01,2024-06-30,2,False,False
2024,NSC,2024-07-01,2023-12-31,2,False,False
2024,PPL,2024-07-01,2023-12-31,2,False,False
2024,SHW,2024-07-01,2023-12-31,2,False,False
2024,GE,2024-07-01,2023-12-31,2,False,False
2024,UDR,2024-07-01,2023-12-31,2,False,False
2024,WSM,2024-07-01,2024-01-31,2,False,False
2024,DRI,2024-07-01,2024-05-31,2,False,False
2024,XYL,2024-07-01,2023-12-31,2,False,False
2024,VTR,2024-07-01,2023-12-31,2,False,False
2024,HON,2024-07-01,2023-12-31,2,False,False
2024,T,2024-07-01,2023-12-31,2,False,False
2024,PM,2024-07-01,2023-12-31,2,False,False
2024,MAA,2024-07-01,2023-12-31,2,False,False
2024,BIIB,2024-07-01,2023-12-31,2,False,False
2024,BALL,2024-07-01,2023-12-31,2,False,False
2024,PSX,2024-07-01,2023-12-31,2,False,False
2024,CTAS,2024-07-01,2024-05-31,2,False,False
2024,CRWD,2024-07-01,2024-01-31,2,False,False
2024,ES,2024-07-01,2023-12-31,2,False,False
2024,MET,2024-07-01,2023-12-31,2,False,False
2024,FFIV,2024-07-01,2023-09-30,2,False,False
2024,MCD,2024-07-01,2023-12-31,2,False,False
2024,FLEX,2024-07-01,2024-03-31,2,False,False
2024,TROW,2024-07-01,2023-12-31,2,False,False
2024,MAR,2024-07-01,2023-12-31,2,False,False
2024,CMI,2024-07-01,2023-12-31,2,False,False
2024,L,2024-07-01,2023-12-31,2,False,False
2024,WDC,2024-07-01,2024-06-30,2,False,False
2024,MCK,2024-07-01,2024-03-31,2,False,False
2024,MDLZ,2024-07-01,2023-12-31,2,False,False
2024,NFLX,2024-07-01,2023-12-31,2,False,False
2024,DHR,2024-07-01,2023-12-31,2,False,False
2024,EXC,2024-07-01,2023-12-31,2,False,False
2024,VTRS,2024-07-01,2023-12-31,2,False,False
2024,IVZ,2024-07-01,2023-12-31,2,False,False
2024,DIS,2024-07-01,2023-09-30,2,False,False
2024,HSIC,2024-07-01,2023-12-31,2,False,False
2024,NEE,2024-07-01,2023-12-31,2,False,False
2024,RJF,2024-07-01,2023-09-30,2,False,False
2024,KLAC,2024-07-01,2024-06-30,2,False,False
2024,PWR,2024-07-01,2023-12-31,2,False,False
2024,TDG,2024-07-01,2023-09-30,2,False,False
2024,EFX,2024-07-01,2023-12-31,2,False,False
2024,HLT,2024-07-01,2023-12-31,2,False,False
2024,ABT,2024-07-01,2023-12-31,2,False,False
2024,ZBRA,2024-07-01,2023-12-31,2,False,False
2024,HST,2024-07-01,2023-12-31,2,False,False
2024,META,2024-07-01,2023-12-31,2,False,False
2024,WDAY,2024-07-01,2024-01-31,2,False,False
2024,GWW,2024-07-01,2023-12-31,2,False,False
2024,EVRG,2024-07-01,2023-12-31,2,False,False
2024,TKO,2024-07-01,2023-12-31,2,False,False
2024,ESS,2024-07-01,2023-12-31,2,False,False
2024,YUM,2024-07-01,2023-12-31,2,False,False
2024,BRO,2024-07-01,2023-12-31,2,False,False
2024,CBRE,2024-07-01,2023-12-31,2,False,False
2024,CHD,2024-07-01,2023-12-31,2,False,False
2024,EQT,2024-07-01,2023-12-31,2,False,False
2024,HAL,2024-07-01,2023-12-31,2,False,False
2024,CIEN,2024-07-01,2023-10-31,2,False,False
2024,AXP,2024-07-01,2023-12-31,2,False,False
2024,APO,2024-07-01,2023-12-31,2,False,False
2024,RDDT,2024-07-01,2023-12-31,2,False,False
2024,WMB,2024-07-01,2023-12-31,2,False,False
2024,AEE,2024-07-01,2023-12-31,2,False,False
2024,DASH,2024-07-01,2023-12-31,2,False,False
2024,PLTR,2024-07-01,2023-12-31,2,False,False
2024,ALGN,2024-07-01,2023-12-31,2,False,False
2024,TEL,2024-07-01,2023-09-30,2,False,False
2024,BA,2024-07-01,2023-12-31,2,False,False
2024,EXPD,2024-07-01,2023-12-31,2,False,False
2024,TFC,2024-07-01,2023-12-31,2,False,False
2024,MAS,2024-07-01,2023-12-31,2,False,False
2024,TJX,2024-07-01,2024-01-31,2,False,False
2024,CBOE,2024-07-01,2023-12-31,2,False,False
2024,CRH,2024-07-01,2023-12-31,2,False,False
2024,LRCX,2024-07-01,2024-06-30,2,False,False
2024,AON,2024-07-01,2023-12-31,2,False,False
2024,VRTX,2024-07-01,2023-12-31,2,False,False
2024,BBY,2024-07-01,2024-01-31,2,False,False
2024,VRSK,2024-07-01,2023-12-31,2,False,False
2024,UAL,2024-07-01,2023-12-31,2,False,False
2024,UPS,2024-07-01,2023-12-31,2,False,False
2024,ETR,2024-07-01,2023-12-31,2,False,False
2024,KVUE,2024-07-01,2023-12-31,2,False,False
2024,CAT,2024-07-01,2023-12-31,2,False,False
2024,HUM,2024-07-01,2023-12-31,2,False,False
2024,AEP,2024-07-01,2023-12-31,2,False,False
2024,ON,2024-07-01,2023-12-31,2,False,False
2024,COST,2024-07-01,2023-08-31,2,False,False
2024,MTB,2024-07-01,2023-12-31,2,False,False
2024,FAST,2024-07-01,2023-12-31,2,False,False
2024,AZO,2024-07-01,2023-08-31,2,False,False
2024,LHX,2024-07-01,2023-12-31,2,False,False
2024,IR,2024-07-01,2023-12-31,2,False,False
2024,CNP,2024-07-01,2023-12-31,2,False,False
2024,SWK,2024-07-01,2023-12-31,2,False,False
2024,BX,2024-07-01,2023-12-31,2,False,False
2024,GDDY,2024-07-01,2023-12-31,2,False,False
2024,GNRC,2024-07-01,2023-12-31,2,False,False
2024,WEC,2024-07-01,2023-12-31,2,False,False
2024,ATO,2024-07-01,2023-09-30,2,False,False
2024,ODFL,2024-07-01,2023-12-31,2,False,False
2024,AMAT,2024-07-01,2023-10-31,2,False,False
2024,ORLY,2024-07-01,2023-12-31,2,False,False
2024,STLD,2024-07-01,2023-12-31,2,False,False
2024,SBAC,2024-07-01,2023-12-31,2,False,False
2024,DVA,2024-07-01,2023-12-31,2,False,False
2024,TGT,2024-07-01,2024-01-31,2,False,False
2024,PPG,2024-07-01,2023-12-31,2,False,False
2024,LYV,2024-07-01,2023-12-31,2,False,False
2024,MRVL,2024-07-01,2024-01-31,2,False,False
2024,SYY,2024-07-01,2024-06-30,2,False,False
2024,BKR,2024-07-01,2023-12-31,2,False,False
2024,FOXA,2024-07-01,2024-06-30,2,False,False
2024,ELV,2024-07-01,2023-12-31,2,False,False
2024,EXE,2024-07-01,2023-12-31,2,False,False
2024,APD,2024-07-01,2023-09-30,2,False,False
2024,PKG,2024-07-01,2023-12-31,2,False,False
2024,ROP,2024-07-01,2023-12-31,2,False,False
2024,DECK,2024-07-01,2024-03-31,2,False,False
2024,EME,2024-07-01,2023-12-31,2,False,False
2024,BEN,2024-07-01,2023-09-30,2,False,False
2024,D,2024-07-01,2023-12-31,2,False,False
2024,KMI,2024-07-01,2023-12-31,2,False,False
2024,HOOD,2024-07-01,2023-12-31,2,False,False
2024,CNC,2024-07-01,2023-12-31,2,False,False
2024,MCHP,2024-07-01,2024-03-31,2,False,False
2024,SW,2024-07-01,2023-12-31,2,False,False
2024,HD,2024-07-01,2024-01-31,2,False,False
2024,AMD,2024-07-01,2023-12-31,2,False,False
2024,PEG,2024-07-01,2023-12-31,2,False,False
2024,SRE,2024-07-01,2023-12-31,2,False,False
2024,LVS,2024-07-01,2023-12-31,2,False,False
2024,ISRG,2024-07-01,2023-12-31,2,False,False
2024,TTWO,2024-07-01,2024-03-31,2,False,False
2024,XEL,2024-07-01,2023-12-31,2,False,False
2024,FCX,2024-07-01,2023-12-31,2,False,False
2024,J,2024-07-01,2023-09-30,2,False,False
2024,DTE,2024-07-01,2023-12-31,2,False,False
2024,KR,2024-07-01,2024-01-31,2,False,False
2024,LOW,2024-07-01,2024-01-31,2,False,False
2024,DELL,2024-07-01,2024-01-31,2,False,False
2024,AWK,2024-07-01,2023-12-31,2,False,False
2024,MPWR,2024-07-01,2023-12-31,2,False,False
2024,AJG,2024-07-01,2023-12-31,2,False,False
2024,CSGP,2024-07-01,2023-12-31,2,False,False
2024,PCAR,2024-07-01,2023-12-31,2,False,False
2024,CME,2024-07-01,2023-12-31,2,False,False
2024,FERG,2024-07-01,2023-07-31,2,False,False
2024,COR,2024-07-01,2023-09-30,2,False,False
2024,EIX,2024-07-01,2023-12-31,2,False,False
2024,LUV,2024-07-01,2023-12-31,2,False,False
2024,DXCM,2024-07-01,2023-12-31,2,False,False
2024,KKR,2024-07-01,2023-12-31,2,False,False
2024,EG,2024-07-01,2023-12-31,2,False,False
2024,KHC,2024-07-01,2023-12-31,2,False,False
2024,CHRW,2024-07-01,2023-12-31,2,False,False
2024,FICO,2024-07-01,2023-09-30,2,False,False
2024,LITE,2024-07-01,2024-06-30,2,False,False
2024,SYF,2024-07-01,2023-12-31,2,False,False
2024,FSLR,2024-07-01,2023-12-31,2,False,False
2024,IRM,2024-07-01,2023-12-31,2,False,False
2024,GEHC,2024-07-01,2023-12-31,2,False,False
2024,VMC,2024-07-01,2023-12-31,2,False,False
2024,IDXX,2024-07-01,2023-12-31,2,False,False
2024,BSX,2024-07-01,2023-12-31,2,False,False
2024,IQV,2024-07-01,2023-12-31,2,False,False
2024,SLB,2024-07-01,2023-12-31,2,False,False
2024,CMCSA,2024-07-01,2023-12-31,2,False,False
2024,CPRT,2024-07-01,2023-07-31,2,False,False
2024,SBUX,2024-07-01,2023-09-30,2,False,False
2024,CASY,2024-07-01,2024-04-30,2,False,False
2024,HCA,2024-07-01,2023-12-31,2,False,False
2024,NOC,2024-07-01,2023-12-31,2,False,False
2024,MLM,2024-07-01,2023-12-31,2,False,False
2024,BG,2024-07-01,2023-12-31,2,False,False
2024,NOW,2024-07-01,2023-12-31,2,False,False
2024,NI,2024-07-01,2023-12-31,2,False,False
2024,DLTR,2024-07-01,2024-01-31,2,False,False
2024,ADM,2024-07-01,2023-12-31,2,False,False
2024,BXP,2024-07-01,2023-12-31,2,False,False
2024,RF,2024-07-01,2023-12-31,2,False,False
2024,TRGP,2024-07-01,2023-12-31,2,False,False
2024,TMO,2024-07-01,2023-12-31,2,False,False
2024,ROL,2024-07-01,2023-12-31,2,False,False
2024,TYL,2024-07-01,2023-12-31,2,False,False
2024,GLW,2024-07-01,2023-12-31,2,False,False
2024,TER,2024-07-01,2023-12-31,2,False,False
2024,GRMN,2024-07-01,2023-12-31,2,False,False
2024,PODD,2024-07-01,2023-12-31,2,False,False
2024,WMT,2024-07-01,2024-01-31,2,False,False
2024,LNT,2024-07-01,2023-12-31,2,False,False
2024,OTIS,2024-07-01,2023-12-31,2,False,False
2024,ULTA,2024-07-01,2024-01-31,2,False,False
2024,OKE,2024-07-01,2023-12-31,2,False,False
2024,TSN,2024-07-01,2023-09-30,2,False,False
2024,LYB,2024-07-01,2023-12-31,2,False,False
2024,A,2024-07-01,2023-10-31,2,False,False
2024,PNW,2024-07-01,2023-12-31,2,False,False
2024,ZTS,2024-07-01,2023-12-31,2,False,False
2024,RMD,2024-07-01,2024-06-30,2,False,False
2024,DG,2024-07-01,2024-01-31,2,False,False
2024,CCI,2024-07-01,2023-12-31,2,False,False
2024,EL,2024-07-01,2024-06-30,2,False,False
2024,JKHY,2024-07-01,2024-06-30,2,False,False
2024,HUBB,2024-07-01,2023-12-31,2,False,False
2024,P,2024-07-01,2024-01-31,2,False,False
2024,BE,2024-07-01,2023-12-31,2,False,False
2024,TPL,2024-07-01,2023-12-31,2,False,False
2024,CMG,2024-07-01,2023-12-31,2,False,False
2024,RCL,2024-07-01,2023-12-31,2,False,False
2024,CMS,2024-07-01,2023-12-31,2,False,False
2024,FIS,2024-07-01,2023-12-31,2,False,False
2024,PNR,2024-07-01,2023-12-31,2,False,False
2024,GPC,2024-07-01,2023-12-31,2,False,False
2024,HRL,2024-07-01,2023-10-31,2,False,False
2024,COO,2024-07-01,2023-10-31,2,False,False
2024,AOS,2024-07-01,2023-12-31,2,False,False
2024,MTD,2024-07-01,2023-12-31,2,False,False
2024,WAT,2024-07-01,2023-12-31,2,False,False
2024,HPQ,2024-07-01,2023-10-31,2,False,False
2024,ACN,2024-07-01,2023-08-31,2,False,False
2024,KMB,2024-07-01,2023-12-31,2,False,False
2024,NRG,2024-07-01,2023-12-31,2,False,False
2024,COHR,2024-07-01,2024-06-30,2,False,False
2024,UHS,2024-07-01,2023-12-31,2,False,False
2024,FDS,2024-07-01,2023-08-31,2,False,False
2024,IT,2024-07-01,2023-12-31,2,False,False
2024,MKC,2024-07-01,2023-11-30,2,False,False
2024,PYPL,2024-07-01,2023-12-31,2,False,False
2024,XYZ,2024-07-01,2023-12-31,2,False,False
2024,BAX,2024-07-01,2023-12-31,2,False,False
2024,TRMB,2024-07-01,2023-12-31,2,False,False
2024,PHM,2024-07-01,2023-12-31,2,False,False
2024,PTC,2024-07-01,2023-09-30,2,False,False
2024,ETN,2024-07-01,2023-12-31,2,False,False
2024,ORCL,2024-07-01,2024-05-31,2,False,False
2024,CARR,2024-07-01,2023-12-31,2,False,False
2024,WBD,2024-07-01,2023-12-31,2,False,False
2024,WYNN,2024-07-01,2023-12-31,2,False,False
2024,DE,2024-07-01,2023-10-31,2,False,False
2024,WST,2024-07-01,2023-12-31,2,False,False
2024,CCL,2024-07-01,2023-11-30,2,False,False
2024,FISV,2024-07-01,2023-12-31,2,False,False
2024,PCG,2024-07-01,2023-12-31,2,False,False
2024,QCOM,2024-07-01,2023-09-30,2,False,False
2024,SOLV,2024-07-01,2023-12-31,2,False,False
2024,MGM,2024-07-01,2023-12-31,2,False,False
2024,DPZ,2024-07-01,2023-12-31,2,False,False
2024,APTV,2024-07-01,2023-12-31,2,False,False
2024,CPT,2024-07-01,2023-12-31,2,False,False
2024,AKAM,2024-07-01,2023-12-31,2,False,False
2024,CDW,2024-07-01,2023-12-31,2,False,False
2024,AES,2024-07-01,2023-12-31,2,False,False
2024,IBM,2024-07-01,2023-12-31,2,False,False
2024,TECH,2024-07-01,2024-06-30,2,False,False
2024,DHI,2024-07-01,2023-09-30,2,False,False
2024,BF-B,2024-07-01,2024-04-30,2,False,False
2024,TXT,2024-07-01,2023-12-31,2,False,False
2024,VST,2024-07-01,2023-12-31,2,False,False
2024,CTSH,2024-07-01,2023-12-31,2,False,False
2024,LII,2024-07-01,2023-12-31,2,False,False
2024,RVTY,2024-07-01,2023-12-31,2,False,False
2024,LDOS,2024-07-01,2023-12-31,2,False,False
2024,ERIE,2024-07-01,2023-12-31,2,False,False
2024,CEG,2024-07-01,2023-12-31,2,False,False
2024,NKE,2024-07-01,2024-05-31,2,False,False
2024,DOW,2024-07-01,2023-12-31,2,False,False
2024,HII,2024-07-01,2023-12-31,2,False,False
2024,NVR,2024-07-01,2023-12-31,2,False,False
2024,TSLA,2024-07-01,2023-12-31,2,False,False
2024,ARES,2024-07-01,2023-12-31,2,False,False
2024,GIS,2024-07-01,2024-05-31,2,False,False
2024,CVNA,2024-07-01,2023-12-31,2,False,False
2024,WY,2024-07-01,2023-12-31,2,False,False
2024,ARE,2024-07-01,2023-12-31,2,False,False
2024,F,2024-07-01,2023-12-31,2,False,False
2024,ILMN,2024-07-01,2023-12-31,2,False,False
2024,AXON,2024-07-01,2023-12-31,2,False,False
2024,SWKS,2024-07-01,2023-09-30,2,False,False
2024,IP,2024-07-01,2023-12-31,2,False,False
2024,INTC,2024-07-01,2023-12-31,2,False,False
2024,NCLH,2024-07-01,2023-12-31,2,False,False
2024,IFF,2024-07-01,2023-12-31,2,False,False
2024,MRNA,2024-07-01,2023-12-31,2,False,False
2024,SMCI,2024-07-01,2024-06-30,2,False,False
2024,ECHO,2024-07-01,2023-12-31,2,False,False
2024,LULU,2024-07-01,2024-01-31,2,False,False
2024,PSKY,2024-07-01,2023-12-31,3,False,False
2024,CRL,2024-07-01,2023-12-31,2,False,False
2024,TSCO,2024-07-01,2023-12-31,2,False,False
2024,COIN,2024-07-01,2023-12-31,2,False,False
2024,CHTR,2024-07-01,2023-12-31,2,False,False
2024,CLX,2024-07-01,2024-06-30,2,False,False
2024,LEN,2024-07-01,2023-11-30,2,False,False
2024,MOS,2024-07-01,2023-12-31,2,False,False
2025,FANG,2025-07-01,2024-12-31,3,False,False
2025,ABBV,2025-07-01,2024-12-31,3,False,False
2025,ALL,2025-07-01,2024-12-31,3,False,False
2025,EXPE,2025-07-01,2024-12-31,3,False,False
2025,EOG,2025-07-01,2024-12-31,3,False,False
2025,BMY,2025-07-01,2024-12-31,3,False,False
2025,NVDA,2025-07-01,2025-01-31,3,False,False
2025,GILD,2025-07-01,2024-12-31,3,False,False
2025,MMM,2025-07-01,2024-12-31,3,False,False
2025,CVX,2025-07-01,2024-12-31,3,False,False
2025,AVGO,2025-07-01,2024-10-31,3,False,False
2025,HIG,2025-07-01,2024-12-31,3,False,False
2025,MA,2025-07-01,2024-12-31,3,False,False
2025,V,2025-07-01,2024-09-30,3,False,False
2025,NEM,2025-07-01,2024-12-31,3,False,False
2025,ADI,2025-07-01,2024-10-31,3,False,False
2025,TRV,2025-07-01,2024-12-31,3,False,False
2025,AIZ,2025-07-01,2024-12-31,3,False,False
2025,SCHW,2025-07-01,2024-12-31,3,False,False
2025,SNDK,2025-07-01,2025-06-30,3,False,False
2025,CSCO,2025-07-01,2024-07-31,2,False,False
2025,MDT,2025-07-01,2025-04-30,3,False,False
2025,CAH,2025-07-01,2025-06-30,3,False,False
2025,ADSK,2025-07-01,2025-01-31,3,False,False
2025,CINF,2025-07-01,2024-12-31,3,False,False
2025,PFE,2025-07-01,2024-12-31,3,False,False
2025,AMGN,2025-07-01,2024-12-31,3,False,False
2025,MO,2025-07-01,2024-12-31,3,False,False
2025,INCY,2025-07-01,2024-12-31,3,False,False
2025,BKNG,2025-07-01,2024-12-31,3,False,False
2025,COP,2025-07-01,2024-12-31,3,False,False
2025,SJM,2025-07-01,2025-04-30,3,False,False
2025,UNP,2025-07-01,2024-12-31,3,False,False
2025,LLY,2025-07-01,2024-12-31,3,False,False
2025,BLK,2025-07-01,2024-12-31,3,False,False
2025,CPAY,2025-07-01,2024-12-31,3,False,False
2025,OXY,2025-07-01,2024-12-31,3,False,False
2025,AIG,2025-07-01,2024-12-31,3,False,False
2025,EMR,2025-07-01,2024-09-30,3,False,False
2025,HAS,2025-07-01,2024-12-31,3,False,False
2025,KEYS,2025-07-01,2024-10-31,3,False,False
2025,ANET,2025-07-01,2024-12-31,3,False,False
2025,DD,2025-07-01,2024-12-31,3,False,False
2025,CL,2025-07-01,2024-12-31,3,False,False
2025,CF,2025-07-01,2024-12-31,3,False,False
2025,PGR,2025-07-01,2024-12-31,3,False,False
2025,CRM,2025-07-01,2025-01-31,3,False,False
2025,XOM,2025-07-01,2024-12-31,3,False,False
2025,APH,2025-07-01,2024-12-31,3,False,False
2025,GEN,2025-07-01,2025-03-31,3,False,False
2025,CVS,2025-07-01,2024-12-31,3,False,False
2025,CSX,2025-07-01,2024-12-31,3,False,False
2025,RTX,2025-07-01,2024-12-31,3,False,False
2025,DVN,2025-07-01,2024-12-31,3,False,False
2025,NXPI,2025-07-01,2024-12-31,3,False,False
2025,EW,2025-07-01,2024-12-31,3,False,False
2025,PH,2025-07-01,2025-06-30,3,False,False
2025,AMT,2025-07-01,2024-12-31,3,False,False
2025,CB,2025-07-01,2024-12-31,3,False,False
2025,BAC,2025-07-01,2024-12-31,3,False,False
2025,MNST,2025-07-01,2024-12-31,3,False,False
2025,MS,2025-07-01,2024-12-31,3,False,False
2025,EQIX,2025-07-01,2024-12-31,3,False,False
2025,MRK,2025-07-01,2024-12-31,3,False,False
2025,EBAY,2025-07-01,2024-12-31,3,False,False
2025,CFG,2025-07-01,2024-12-31,3,False,False
2025,REG,2025-07-01,2024-12-31,3,False,False
2025,GL,2025-07-01,2024-12-31,3,False,False
2025,AAPL,2025-07-01,2024-09-30,3,False,False
2025,CDNS,2025-07-01,2024-12-31,3,False,False
2025,MPC,2025-07-01,2024-12-31,3,False,False
2025,GOOGL,2025-07-01,2024-12-31,3,False,False
2025,CTVA,2025-07-01,2024-12-31,3,False,False
2025,KDP,2025-07-01,2024-12-31,3,False,False
2025,VLO,2025-07-01,2024-12-31,3,False,False
2025,FE,2025-07-01,2024-12-31,3,False,False
2025,INVH,2025-07-01,2024-12-31,3,False,False
2025,WM,2025-07-01,2024-12-31,3,False,False
2025,ABNB,2025-07-01,2024-12-31,3,False,False
2025,O,2025-07-01,2024-12-31,3,False,False
2025,VLTO,2025-07-01,2024-12-31,3,False,False
2025,SYK,2025-07-01,2024-12-31,3,False,False
2025,SNA,2025-07-01,2024-12-31,3,False,False
2025,AVY,2025-07-01,2024-12-31,3,False,False
2025,FTNT,2025-07-01,2024-12-31,3,False,False
2025,MCO,2025-07-01,2024-12-31,3,False,False
2025,PSA,2025-07-01,2024-12-31,3,False,False
2025,LIN,2025-07-01,2024-12-31,3,False,False
2025,HWM,2025-07-01,2024-12-31,3,False,False
2025,TXN,2025-07-01,2024-12-31,3,False,False
2025,JPM,2025-07-01,2024-12-31,3,False,False
2025,PNC,2025-07-01,2024-12-31,3,False,False
2025,STT,2025-07-01,2024-12-31,3,False,False
2025,USB,2025-07-01,2024-12-31,3,False,False
2025,DOV,2025-07-01,2024-12-31,3,False,False
2025,ADP,2025-07-01,2025-06-30,3,False,False
2025,PLD,2025-07-01,2024-12-31,3,False,False
2025,MSFT,2025-07-01,2025-06-30,3,False,False
2025,FITB,2025-07-01,2024-12-31,3,False,False
2025,SPG,2025-07-01,2024-12-31,3,False,False
2025,BNY,2025-07-01,2024-12-31,3,False,False
2025,BRK-B,2025-07-01,2024-12-31,3,False,False
2025,DUK,2025-07-01,2024-12-31,3,False,False
2025,C,2025-07-01,2024-12-31,3,False,False
2025,WELL,2025-07-01,2024-12-31,3,False,False
2025,DLR,2025-07-01,2024-12-31,3,False,False
2025,WAB,2025-07-01,2024-12-31,3,False,False
2025,SO,2025-07-01,2024-12-31,3,False,False
2025,LMT,2025-07-01,2024-12-31,3,False,False
2025,ALB,2025-07-01,2024-12-31,3,False,False
2025,NDSN,2025-07-01,2024-10-31,3,False,False
2025,VRSN,2025-07-01,2024-12-31,3,False,False
2025,NWSA,2025-07-01,2025-06-30,3,False,False
2025,GPN,2025-07-01,2024-12-31,3,False,False
2025,BDX,2025-07-01,2024-09-30,3,False,False
2025,APA,2025-07-01,2024-12-31,3,False,False
2025,VZ,2025-07-01,2024-12-31,3,False,False
2025,TDY,2025-07-01,2024-12-31,3,False,False
2025,GS,2025-07-01,2024-12-31,3,False,False
2025,CI,2025-07-01,2024-12-31,3,False,False
2025,ACGL,2025-07-01,2024-12-31,3,False,False
2025,JNJ,2025-07-01,2024-12-31,3,False,False
2025,RL,2025-07-01,2025-03-31,3,False,False
2025,MU,2025-07-01,2024-08-31,3,False,False
2025,NTAP,2025-07-01,2025-04-30,3,False,False
2025,GM,2025-07-01,2024-12-31,3,False,False
2025,OMC,2025-07-01,2024-12-31,3,False,False
2025,GEV,2025-07-01,2024-12-31,3,False,False
2025,FRT,2025-07-01,2024-12-31,3,False,False
2025,FDX,2025-07-01,2025-05-31,3,False,False
2025,PRU,2025-07-01,2024-12-31,3,False,False
2025,GD,2025-07-01,2024-12-31,3,False,False
2025,DGX,2025-07-01,2024-12-31,3,False,False
2025,FIX,2025-07-01,2024-12-31,3,False,False
2025,PEP,2025-07-01,2024-12-31,3,False,False
2025,IBKR,2025-07-01,2024-12-31,3,False,False
2025,AFL,2025-07-01,2024-12-31,3,False,False
2025,MSI,2025-07-01,2024-12-31,3,False,False
2025,LH,2025-07-01,2024-12-31,3,False,False
2025,AMZN,2025-07-01,2024-12-31,3,False,False
2025,IEX,2025-07-01,2024-12-31,3,False,False
2025,TMUS,2025-07-01,2024-12-31,3,False,False
2025,ADBE,2025-07-01,2024-11-30,3,False,False
2025,JCI,2025-07-01,2024-09-30,3,False,False
2025,SPGI,2025-07-01,2024-12-31,3,False,False
2025,VRT,2025-07-01,2024-12-31,3,False,False
2025,WRB,2025-07-01,2024-12-31,3,False,False
2025,VICI,2025-07-01,2024-12-31,3,False,False
2025,KIM,2025-07-01,2024-12-31,3,False,False
2025,ECL,2025-07-01,2024-12-31,3,False,False
2025,ROST,2025-07-01,2025-01-31,3,False,False
2025,HSY,2025-07-01,2024-12-31,3,False,False
2025,HPE,2025-07-01,2024-10-31,3,False,False
2025,KEY,2025-07-01,2024-12-31,3,False,False
2025,ED,2025-07-01,2024-12-31,3,False,False
2025,ZBH,2025-07-01,2024-12-31,3,False,False
2025,TT,2025-07-01,2024-12-31,3,False,False
2025,SNPS,2025-07-01,2024-10-31,3,False,False
2025,PAYX,2025-07-01,2025-05-31,3,False,False
2025,TPR,2025-07-01,2025-06-30,3,False,False
2025,UBER,2025-07-01,2024-12-31,3,False,False
2025,MRSH,2025-07-01,2024-12-31,3,False,False
2025,DOC,2025-07-01,2024-12-31,3,False,False
2025,AMCR,2025-07-01,2025-06-30,3,False,False
2025,NTRS,2025-07-01,2024-12-31,3,False,False
2025,NDAQ,2025-07-01,2024-12-31,3,False,False
2025,VEEV,2025-07-01,2025-01-31,3,False,False
2025,ITW,2025-07-01,2024-12-31,3,False,False
2025,DAL,2025-07-01,2024-12-31,3,False,False
2025,VMRK,2025-07-01,2024-12-31,3,False,False
2025,EXR,2025-07-01,2024-12-31,3,False,False
2025,JBHT,2025-07-01,2024-12-31,3,False,False
2025,URI,2025-07-01,2024-12-31,3,False,False
2025,STX,2025-07-01,2025-06-30,3,False,False
2025,JBL,2025-07-01,2024-08-31,3,False,False
2025,NUE,2025-07-01,2024-12-31,3,False,False
2025,DDOG,2025-07-01,2024-12-31,3,False,False
2025,WFC,2025-07-01,2024-12-31,3,False,False
2025,PANW,2025-07-01,2024-07-31,2,False,False
2025,FTV,2025-07-01,2024-12-31,3,False,False
2025,KO,2025-07-01,2024-12-31,3,False,False
2025,PFG,2025-07-01,2024-12-31,3,False,False
2025,ROK,2025-07-01,2024-09-30,3,False,False
2025,STZ,2025-07-01,2025-02-28,3,False,False
2025,BR,2025-07-01,2025-06-30,3,False,False
2025,STE,2025-07-01,2025-03-31,3,False,False
2025,ICE,2025-07-01,2024-12-31,3,False,False
2025,HBAN,2025-07-01,2024-12-31,3,False,False
2025,AMP,2025-07-01,2024-12-31,3,False,False
2025,APP,2025-07-01,2024-12-31,3,False,False
2025,AME,2025-07-01,2024-12-31,3,False,False
2025,RSG,2025-07-01,2024-12-31,3,False,False
2025,MSCI,2025-07-01,2024-12-31,3,False,False
2025,UNH,2025-07-01,2024-12-31,3,False,False
2025,ALLE,2025-07-01,2024-12-31,3,False,False
2025,REGN,2025-07-01,2024-12-31,3,False,False
2025,INTU,2025-07-01,2024-07-31,2,False,False
2025,WTW,2025-07-01,2024-12-31,3,False,False
2025,COF,2025-07-01,2024-12-31,3,False,False
2025,PG,2025-07-01,2025-06-30,3,False,False
2025,NSC,2025-07-01,2024-12-31,3,False,False
2025,PPL,2025-07-01,2024-12-31,3,False,False
2025,SHW,2025-07-01,2024-12-31,3,False,False
2025,GE,2025-07-01,2024-12-31,3,False,False
2025,UDR,2025-07-01,2024-12-31,3,False,False
2025,WSM,2025-07-01,2025-01-31,3,False,False
2025,DRI,2025-07-01,2025-05-31,3,False,False
2025,XYL,2025-07-01,2024-12-31,3,False,False
2025,VTR,2025-07-01,2024-12-31,3,False,False
2025,HON,2025-07-01,2024-12-31,3,False,False
2025,T,2025-07-01,2024-12-31,3,False,False
2025,PM,2025-07-01,2024-12-31,3,False,False
2025,MAA,2025-07-01,2024-12-31,3,False,False
2025,BIIB,2025-07-01,2024-12-31,3,False,False
2025,BALL,2025-07-01,2024-12-31,3,False,False
2025,PSX,2025-07-01,2024-12-31,3,False,False
2025,CTAS,2025-07-01,2025-05-31,3,False,False
2025,CRWD,2025-07-01,2025-01-31,3,False,False
2025,ES,2025-07-01,2024-12-31,3,False,False
2025,MET,2025-07-01,2024-12-31,3,False,False
2025,FFIV,2025-07-01,2024-09-30,3,False,False
2025,MCD,2025-07-01,2024-12-31,3,False,False
2025,FLEX,2025-07-01,2025-03-31,3,False,False
2025,TROW,2025-07-01,2024-12-31,3,False,False
2025,MAR,2025-07-01,2024-12-31,3,False,False
2025,CMI,2025-07-01,2024-12-31,3,False,False
2025,L,2025-07-01,2024-12-31,3,False,False
2025,WDC,2025-07-01,2025-06-30,3,False,False
2025,MCK,2025-07-01,2025-03-31,3,False,False
2025,MDLZ,2025-07-01,2024-12-31,3,False,False
2025,NFLX,2025-07-01,2024-12-31,3,False,False
2025,DHR,2025-07-01,2024-12-31,3,False,False
2025,EXC,2025-07-01,2024-12-31,3,False,False
2025,VTRS,2025-07-01,2024-12-31,3,False,False
2025,IVZ,2025-07-01,2024-12-31,3,False,False
2025,DIS,2025-07-01,2024-09-30,3,False,False
2025,HSIC,2025-07-01,2024-12-31,3,False,False
2025,NEE,2025-07-01,2024-12-31,3,False,False
2025,RJF,2025-07-01,2024-09-30,3,False,False
2025,KLAC,2025-07-01,2025-06-30,3,False,False
2025,PWR,2025-07-01,2024-12-31,3,False,False
2025,TDG,2025-07-01,2024-09-30,3,False,False
2025,EFX,2025-07-01,2024-12-31,3,False,False
2025,HLT,2025-07-01,2024-12-31,3,False,False
2025,ABT,2025-07-01,2024-12-31,3,False,False
2025,ZBRA,2025-07-01,2024-12-31,3,False,False
2025,HST,2025-07-01,2024-12-31,3,False,False
2025,META,2025-07-01,2024-12-31,3,False,False
2025,WDAY,2025-07-01,2025-01-31,3,False,False
2025,GWW,2025-07-01,2024-12-31,3,False,False
2025,EVRG,2025-07-01,2024-12-31,3,False,False
2025,TKO,2025-07-01,2024-12-31,3,False,False
2025,ESS,2025-07-01,2024-12-31,3,False,False
2025,YUM,2025-07-01,2024-12-31,3,False,False
2025,BRO,2025-07-01,2024-12-31,3,False,False
2025,CBRE,2025-07-01,2024-12-31,3,False,False
2025,CHD,2025-07-01,2024-12-31,3,False,False
2025,EQT,2025-07-01,2024-12-31,3,False,False
2025,HAL,2025-07-01,2024-12-31,3,False,False
2025,CIEN,2025-07-01,2024-10-31,3,False,False
2025,AXP,2025-07-01,2024-12-31,3,False,False
2025,APO,2025-07-01,2024-12-31,3,False,False
2025,RDDT,2025-07-01,2024-12-31,3,False,False
2025,WMB,2025-07-01,2024-12-31,3,False,False
2025,AEE,2025-07-01,2024-12-31,3,False,False
2025,DASH,2025-07-01,2024-12-31,3,False,False
2025,PLTR,2025-07-01,2024-12-31,3,False,False
2025,ALGN,2025-07-01,2024-12-31,3,False,False
2025,TEL,2025-07-01,2024-09-30,3,False,False
2025,BA,2025-07-01,2024-12-31,3,False,False
2025,EXPD,2025-07-01,2024-12-31,3,False,False
2025,TFC,2025-07-01,2024-12-31,3,False,False
2025,MAS,2025-07-01,2024-12-31,3,False,False
2025,TJX,2025-07-01,2025-01-31,3,False,False
2025,CBOE,2025-07-01,2024-12-31,3,False,False
2025,CRH,2025-07-01,2024-12-31,3,False,False
2025,LRCX,2025-07-01,2025-06-30,3,False,False
2025,AON,2025-07-01,2024-12-31,3,False,False
2025,VRTX,2025-07-01,2024-12-31,3,False,False
2025,BBY,2025-07-01,2025-01-31,3,False,False
2025,VRSK,2025-07-01,2024-12-31,3,False,False
2025,UAL,2025-07-01,2024-12-31,3,False,False
2025,UPS,2025-07-01,2024-12-31,3,False,False
2025,ETR,2025-07-01,2024-12-31,3,False,False
2025,KVUE,2025-07-01,2024-12-31,3,False,False
2025,CAT,2025-07-01,2024-12-31,3,False,False
2025,HUM,2025-07-01,2024-12-31,3,False,False
2025,AEP,2025-07-01,2024-12-31,3,False,False
2025,ON,2025-07-01,2024-12-31,3,False,False
2025,COST,2025-07-01,2024-08-31,3,False,False
2025,MTB,2025-07-01,2024-12-31,3,False,False
2025,FAST,2025-07-01,2024-12-31,3,False,False
2025,AZO,2025-07-01,2024-08-31,3,False,False
2025,LHX,2025-07-01,2024-12-31,3,False,False
2025,IR,2025-07-01,2024-12-31,3,False,False
2025,CNP,2025-07-01,2024-12-31,3,False,False
2025,SWK,2025-07-01,2024-12-31,3,False,False
2025,BX,2025-07-01,2024-12-31,3,False,False
2025,GDDY,2025-07-01,2024-12-31,3,False,False
2025,GNRC,2025-07-01,2024-12-31,3,False,False
2025,WEC,2025-07-01,2024-12-31,3,False,False
2025,ATO,2025-07-01,2024-09-30,3,False,False
2025,ODFL,2025-07-01,2024-12-31,3,False,False
2025,AMAT,2025-07-01,2024-10-31,3,False,False
2025,ORLY,2025-07-01,2024-12-31,3,False,False
2025,STLD,2025-07-01,2024-12-31,3,False,False
2025,SBAC,2025-07-01,2024-12-31,3,False,False
2025,DVA,2025-07-01,2024-12-31,3,False,False
2025,TGT,2025-07-01,2025-01-31,3,False,False
2025,PPG,2025-07-01,2024-12-31,3,False,False
2025,LYV,2025-07-01,2024-12-31,3,False,False
2025,MRVL,2025-07-01,2025-01-31,3,False,False
2025,SYY,2025-07-01,2025-06-30,3,False,False
2025,BKR,2025-07-01,2024-12-31,3,False,False
2025,FOXA,2025-07-01,2025-06-30,3,False,False
2025,ELV,2025-07-01,2024-12-31,3,False,False
2025,EXE,2025-07-01,2024-12-31,3,False,False
2025,APD,2025-07-01,2024-09-30,3,False,False
2025,PKG,2025-07-01,2024-12-31,3,False,False
2025,ROP,2025-07-01,2024-12-31,3,False,False
2025,DECK,2025-07-01,2025-03-31,3,False,False
2025,EME,2025-07-01,2024-12-31,3,False,False
2025,BEN,2025-07-01,2024-09-30,3,False,False
2025,D,2025-07-01,2024-12-31,3,False,False
2025,KMI,2025-07-01,2024-12-31,3,False,False
2025,HOOD,2025-07-01,2024-12-31,3,False,False
2025,CNC,2025-07-01,2024-12-31,3,False,False
2025,MCHP,2025-07-01,2025-03-31,3,False,False
2025,SW,2025-07-01,2024-12-31,3,False,False
2025,HD,2025-07-01,2025-01-31,3,False,False
2025,AMD,2025-07-01,2024-12-31,3,False,False
2025,PEG,2025-07-01,2024-12-31,3,False,False
2025,SRE,2025-07-01,2024-12-31,3,False,False
2025,LVS,2025-07-01,2024-12-31,3,False,False
2025,ISRG,2025-07-01,2024-12-31,3,False,False
2025,TTWO,2025-07-01,2025-03-31,3,False,False
2025,XEL,2025-07-01,2024-12-31,3,False,False
2025,FCX,2025-07-01,2024-12-31,3,False,False
2025,J,2025-07-01,2024-09-30,3,False,False
2025,DTE,2025-07-01,2024-12-31,3,False,False
2025,KR,2025-07-01,2025-01-31,3,False,False
2025,LOW,2025-07-01,2025-01-31,3,False,False
2025,DELL,2025-07-01,2025-01-31,3,False,False
2025,AWK,2025-07-01,2024-12-31,3,False,False
2025,MPWR,2025-07-01,2024-12-31,3,False,False
2025,AJG,2025-07-01,2024-12-31,3,False,False
2025,CSGP,2025-07-01,2024-12-31,3,False,False
2025,PCAR,2025-07-01,2024-12-31,3,False,False
2025,CME,2025-07-01,2024-12-31,3,False,False
2025,FERG,2025-07-01,2024-07-31,3,False,False
2025,COR,2025-07-01,2024-09-30,3,False,False
2025,EIX,2025-07-01,2024-12-31,3,False,False
2025,LUV,2025-07-01,2024-12-31,3,False,False
2025,DXCM,2025-07-01,2024-12-31,3,False,False
2025,KKR,2025-07-01,2024-12-31,3,False,False
2025,EG,2025-07-01,2024-12-31,3,False,False
2025,KHC,2025-07-01,2024-12-31,3,False,False
2025,CHRW,2025-07-01,2024-12-31,3,False,False
2025,FICO,2025-07-01,2024-09-30,3,False,False
2025,LITE,2025-07-01,2025-06-30,3,False,False
2025,SYF,2025-07-01,2024-12-31,3,False,False
2025,FSLR,2025-07-01,2024-12-31,3,False,False
2025,IRM,2025-07-01,2024-12-31,3,False,False
2025,GEHC,2025-07-01,2024-12-31,3,False,False
2025,VMC,2025-07-01,2024-12-31,3,False,False
2025,IDXX,2025-07-01,2024-12-31,3,False,False
2025,BSX,2025-07-01,2024-12-31,3,False,False
2025,IQV,2025-07-01,2024-12-31,3,False,False
2025,SLB,2025-07-01,2024-12-31,3,False,False
2025,CMCSA,2025-07-01,2024-12-31,3,False,False
2025,CPRT,2025-07-01,2024-07-31,3,False,False
2025,SBUX,2025-07-01,2024-09-30,3,False,False
2025,CASY,2025-07-01,2025-04-30,3,False,False
2025,HCA,2025-07-01,2024-12-31,3,False,False
2025,NOC,2025-07-01,2024-12-31,3,False,False
2025,MLM,2025-07-01,2024-12-31,3,False,False
2025,BG,2025-07-01,2024-12-31,3,False,False
2025,NOW,2025-07-01,2024-12-31,3,False,False
2025,NI,2025-07-01,2024-12-31,3,False,False
2025,DLTR,2025-07-01,2025-01-31,3,False,False
2025,ADM,2025-07-01,2024-12-31,3,False,False
2025,BXP,2025-07-01,2024-12-31,3,False,False
2025,RF,2025-07-01,2024-12-31,3,False,False
2025,TRGP,2025-07-01,2024-12-31,3,False,False
2025,TMO,2025-07-01,2024-12-31,3,False,False
2025,ROL,2025-07-01,2024-12-31,3,False,False
2025,TYL,2025-07-01,2024-12-31,3,False,False
2025,GLW,2025-07-01,2024-12-31,3,False,False
2025,TER,2025-07-01,2024-12-31,3,False,False
2025,GRMN,2025-07-01,2024-12-31,3,False,False
2025,PODD,2025-07-01,2024-12-31,3,False,False
2025,WMT,2025-07-01,2025-01-31,3,False,False
2025,LNT,2025-07-01,2024-12-31,3,False,False
2025,OTIS,2025-07-01,2024-12-31,3,False,False
2025,ULTA,2025-07-01,2025-01-31,3,False,False
2025,OKE,2025-07-01,2024-12-31,3,False,False
2025,TSN,2025-07-01,2024-09-30,3,False,False
2025,LYB,2025-07-01,2024-12-31,3,False,False
2025,A,2025-07-01,2024-10-31,3,False,False
2025,PNW,2025-07-01,2024-12-31,3,False,False
2025,ZTS,2025-07-01,2024-12-31,3,False,False
2025,RMD,2025-07-01,2025-06-30,3,False,False
2025,DG,2025-07-01,2025-01-31,3,False,False
2025,CCI,2025-07-01,2024-12-31,3,False,False
2025,EL,2025-07-01,2025-06-30,3,False,False
2025,JKHY,2025-07-01,2025-06-30,3,False,False
2025,HUBB,2025-07-01,2024-12-31,3,False,False
2025,P,2025-07-01,2025-01-31,3,False,False
2025,BE,2025-07-01,2024-12-31,3,False,False
2025,TPL,2025-07-01,2024-12-31,3,False,False
2025,CMG,2025-07-01,2024-12-31,3,False,False
2025,RCL,2025-07-01,2024-12-31,3,False,False
2025,CMS,2025-07-01,2024-12-31,3,False,False
2025,FIS,2025-07-01,2024-12-31,3,False,False
2025,PNR,2025-07-01,2024-12-31,3,False,False
2025,GPC,2025-07-01,2024-12-31,3,False,False
2025,HRL,2025-07-01,2024-10-31,3,False,False
2025,COO,2025-07-01,2024-10-31,3,False,False
2025,AOS,2025-07-01,2024-12-31,3,False,False
2025,MTD,2025-07-01,2024-12-31,3,False,False
2025,WAT,2025-07-01,2024-12-31,3,False,False
2025,HPQ,2025-07-01,2024-10-31,3,False,False
2025,ACN,2025-07-01,2024-08-31,3,False,False
2025,KMB,2025-07-01,2024-12-31,3,False,False
2025,NRG,2025-07-01,2024-12-31,3,False,False
2025,COHR,2025-07-01,2025-06-30,3,False,False
2025,UHS,2025-07-01,2024-12-31,3,False,False
2025,FDS,2025-07-01,2024-08-31,3,False,False
2025,IT,2025-07-01,2024-12-31,3,False,False
2025,MKC,2025-07-01,2024-11-30,3,False,False
2025,PYPL,2025-07-01,2024-12-31,3,False,False
2025,XYZ,2025-07-01,2024-12-31,3,False,False
2025,BAX,2025-07-01,2024-12-31,3,False,False
2025,TRMB,2025-07-01,2024-12-31,3,False,False
2025,PHM,2025-07-01,2024-12-31,3,False,False
2025,PTC,2025-07-01,2024-09-30,3,False,False
2025,ETN,2025-07-01,2024-12-31,3,False,False
2025,ORCL,2025-07-01,2025-05-31,3,False,False
2025,CARR,2025-07-01,2024-12-31,3,False,False
2025,WBD,2025-07-01,2024-12-31,3,False,False
2025,WYNN,2025-07-01,2024-12-31,3,False,False
2025,DE,2025-07-01,2024-10-31,3,False,False
2025,WST,2025-07-01,2024-12-31,3,False,False
2025,CCL,2025-07-01,2024-11-30,3,False,False
2025,FISV,2025-07-01,2024-12-31,3,False,False
2025,PCG,2025-07-01,2024-12-31,3,False,False
2025,QCOM,2025-07-01,2024-09-30,3,False,False
2025,SOLV,2025-07-01,2024-12-31,3,False,False
2025,MGM,2025-07-01,2024-12-31,3,False,False
2025,DPZ,2025-07-01,2024-12-31,3,False,False
2025,APTV,2025-07-01,2024-12-31,3,False,False
2025,CPT,2025-07-01,2024-12-31,3,False,False
2025,AKAM,2025-07-01,2024-12-31,3,False,False
2025,CDW,2025-07-01,2024-12-31,3,False,False
2025,AES,2025-07-01,2024-12-31,3,False,False
2025,IBM,2025-07-01,2024-12-31,3,False,False
2025,TECH,2025-07-01,2025-06-30,3,False,False
2025,DHI,2025-07-01,2024-09-30,3,False,False
2025,BF-B,2025-07-01,2025-04-30,3,False,False
2025,TXT,2025-07-01,2024-12-31,3,False,False
2025,VST,2025-07-01,2024-12-31,3,False,False
2025,CTSH,2025-07-01,2024-12-31,3,False,False
2025,LII,2025-07-01,2024-12-31,3,False,False
2025,RVTY,2025-07-01,2024-12-31,3,False,False
2025,LDOS,2025-07-01,2024-12-31,3,False,False
2025,ERIE,2025-07-01,2024-12-31,3,False,False
2025,CEG,2025-07-01,2024-12-31,3,False,False
2025,NKE,2025-07-01,2025-05-31,3,False,False
2025,DOW,2025-07-01,2024-12-31,3,False,False
2025,HII,2025-07-01,2024-12-31,3,False,False
2025,NVR,2025-07-01,2024-12-31,3,False,False
2025,TSLA,2025-07-01,2024-12-31,3,False,False
2025,ARES,2025-07-01,2024-12-31,3,False,False
2025,GIS,2025-07-01,2025-05-31,3,False,False
2025,CVNA,2025-07-01,2024-12-31,3,False,False
2025,WY,2025-07-01,2024-12-31,3,False,False
2025,ARE,2025-07-01,2024-12-31,3,False,False
2025,F,2025-07-01,2024-12-31,3,False,False
2025,ILMN,2025-07-01,2024-12-31,3,False,False
2025,AXON,2025-07-01,2024-12-31,3,False,False
2025,SWKS,2025-07-01,2024-09-30,3,False,False
2025,IP,2025-07-01,2024-12-31,3,False,False
2025,INTC,2025-07-01,2024-12-31,3,False,False
2025,NCLH,2025-07-01,2024-12-31,3,False,False
2025,IFF,2025-07-01,2024-12-31,3,False,False
2025,MRNA,2025-07-01,2024-12-31,3,False,False
2025,SMCI,2025-07-01,2025-06-30,3,False,False
2025,ECHO,2025-07-01,2024-12-31,3,False,False
2025,LULU,2025-07-01,2025-01-31,3,False,False
2025,PSKY,2025-07-01,2024-12-31,4,False,False
2025,CRL,2025-07-01,2024-12-31,3,False,False
2025,TSCO,2025-07-01,2024-12-31,3,False,False
2025,COIN,2025-07-01,2024-12-31,3,False,False
2025,CHTR,2025-07-01,2024-12-31,3,False,False
2025,CLX,2025-07-01,2025-06-30,3,False,False
2025,LEN,2025-07-01,2024-11-30,3,False,False
2025,MOS,2025-07-01,2024-12-31,3,False,False
