dataset,ticker,first,last,leading_missing,internal_missing,trailing_missing,filled_by_ffill,observations
close10,A,2015-09-25,2026-09-24,0,1,0,1,2764
close10,AAPL,2015-09-25,2026-09-24,0,0,0,0,2765
close10,ABBV,2015-09-25,2026-09-24,0,1,0,1,2764
close10,ABNB,2020-12-10,2026-09-24,1312,1,0,1,1452
close10,ABT,2015-09-25,2026-09-24,0,1,0,1,2764
close10,ACGL,2015-09-25,2026-09-24,0,1,0,1,2764
close10,ACN,2015-09-25,2026-09-24,0,1,0,1,2764
close10,ADBE,2015-09-25,2026-09-24,0,0,0,0,2765
close10,ADI,2015-09-25,2026-09-24,0,1,0,1,2764
close10,ADM,2015-09-25,2026-09-24,0,1,0,1,2764
close10,ADP,2015-09-25,2026-09-24,0,1,0,1,2764
close10,ADSK,2015-09-25,2026-09-24,0,1,0,1,2764
close10,AEE,2015-09-25,2026-09-24,0,1,0,1,2764
close10,AEP,2015-09-25,2026-09-24,0,1,0,1,2764
close10,AES,2015-09-25,2026-09-24,0,1,0,1,2764
close10,AFL,2015-09-25,2026-09-24,0,1,0,1,2764
close10,AIG,2015-09-25,2026-09-24,0,1,0,1,2764
close10,AIZ,2015-09-25,2026-09-24,0,1,0,1,2764
close10,AJG,2015-09-25,2026-09-24,0,1,0,1,2764
close10,AKAM,2015-09-25,2026-09-24,0,1,0,1,2764
close10,ALB,2015-09-25,2026-09-24,0,1,0,1,2764
close10,ALGN,2015-09-25,2026-09-24,0,1,0,1,2764
close10,ALL,2015-09-25,2026-09-24,0,1,0,1,2764
close10,ALLE,2015-09-25,2026-09-24,0,1,0,1,2764
close10,AMAT,2015-09-25,2026-09-24,0,0,0,0,2765
close10,AMCR,2015-09-25,2026-09-24,0,1,0,1,2764
close10,AMD,2015-09-25,2026-09-24,0,0,0,0,2765
close10,AME,2015-09-25,2026-09-24,0,1,0,1,2764
close10,AMGN,2015-09-25,2026-09-24,0,1,0,1,2764
close10,AMP,2015-09-25,2026-09-24,0,1,0,1,2764
close10,AMT,2015-09-25,2026-09-24,0,1,0,1,2764
close10,AMZN,2015-09-25,2026-09-24,0,0,0,0,2765
close10,ANET,2015-09-25,2026-09-24,0,1,0,1,2764
close10,AON,2015-09-25,2026-09-24,0,1,0,1,2764
close10,AOS,2015-09-25,2026-09-24,0,1,0,1,2764
close10,APA,2015-09-25,2026-09-24,0,1,0,1,2764
close10,APD,2015-09-25,2026-09-24,0,1,0,1,2764
close10,APH,2015-09-25,2026-09-24,0,1,0,1,2764
close10,APO,2015-09-25,2026-09-24,0,1,0,1,2764
close10,APP,2021-04-15,2026-09-24,1397,1,0,1,1367
close10,APTV,2015-09-25,2026-09-24,0,1,0,1,2764
close10,ARE,2015-09-25,2026-09-24,0,1,0,1,2764
close10,ARES,2015-09-25,2026-09-24,0,1,0,1,2764
close10,ATO,2015-09-25,2026-09-24,0,1,0,1,2764
close10,AVGO,2015-09-25,2026-09-24,0,0,0,0,2765
close10,AVY,2015-09-25,2026-09-24,0,1,0,1,2764
close10,AWK,2015-09-25,2026-09-24,0,1,0,1,2764
close10,AXON,2015-09-25,2026-09-24,0,1,0,1,2764
close10,AXP,2015-09-25,2026-09-24,0,1,0,1,2764
close10,AZO,2015-09-25,2026-09-24,0,1,0,1,2764
close10,BA,2015-09-25,2026-09-24,0,0,0,0,2765
close10,BAC,2015-09-25,2026-09-24,0,0,0,0,2765
close10,BALL,2015-09-25,2026-09-24,0,1,0,1,2764
close10,BAX,2015-09-25,2026-09-24,0,1,0,1,2764
close10,BBY,2015-09-25,2026-09-24,0,1,0,1,2764
close10,BDX,2015-09-25,2026-09-24,0,1,0,1,2764
close10,BE,2018-07-25,2026-09-24,712,0,0,0,2053
close10,BEN,2015-09-25,2026-09-24,0,1,0,1,2764
close10,BF-B,2015-09-25,2026-09-24,0,1,0,1,2764
close10,BG,2015-09-25,2026-09-24,0,1,0,1,2764
close10,BIIB,2015-09-25,2026-09-24,0,1,0,1,2764
close10,BKNG,2015-09-25,2026-09-24,0,0,0,0,2765
close10,BKR,2015-09-25,2026-09-24,0,1,0,1,2764
close10,BLK,2015-09-25,2026-09-24,0,1,0,1,2764
close10,BMY,2015-09-25,2026-09-24,0,1,0,1,2764
close10,BNY,2015-09-25,2026-09-24,0,1,0,1,2764
close10,BR,2015-09-25,2026-09-24,0,1,0,1,2764
close10,BRK-B,2015-09-25,2026-09-24,0,1,0,1,2764
close10,BRO,2015-09-25,2026-09-24,0,1,0,1,2764
close10,BSX,2015-09-25,2026-09-24,0,1,0,1,2764
close10,BX,2015-09-25,2026-09-24,0,1,0,1,2764
close10,BXP,2015-09-25,2026-09-24,0,1,0,1,2764
close10,C,2015-09-25,2026-09-24,0,1,0,1,2764
close10,CAH,2015-09-25,2026-09-24,0,1,0,1,2764
close10,CARR,2020-03-19,2026-09-24,1127,1,0,1,1637
close10,CASY,2015-09-25,2026-09-24,0,1,0,1,2764
close10,CAT,2015-09-25,2026-09-24,0,1,0,1,2764
close10,CB,2015-09-25,2026-09-24,0,1,0,1,2764
close10,CBOE,2015-09-25,2026-09-24,0,1,0,1,2764
close10,CBRE,2015-09-25,2026-09-24,0,1,0,1,2764
close10,CCI,2015-09-25,2026-09-24,0,1,0,1,2764
close10,CCL,2015-09-25,2026-09-24,0,0,0,0,2765
close10,CDNS,2015-09-25,2026-09-24,0,1,0,1,2764
close10,CDW,2015-09-25,2026-09-24,0,1,0,1,2764
close10,CEG,2022-01-19,2026-09-24,1590,1,0,1,1174
close10,CF,2015-09-25,2026-09-24,0,1,0,1,2764
close10,CFG,2015-09-25,2026-09-24,0,1,0,1,2764
close10,CHD,2015-09-25,2026-09-24,0,1,0,1,2764
close10,CHRW,2015-09-25,2026-09-24,0,1,0,1,2764
close10,CHTR,2015-09-25,2026-09-24,0,1,0,1,2764
close10,CI,2015-09-25,2026-09-24,0,1,0,1,2764
close10,CIEN,2015-09-25,2026-09-24,0,1,0,1,2764
close10,CINF,2015-09-25,2026-09-24,0,1,0,1,2764
close10,CL,2015-09-25,2026-09-24,0,1,0,1,2764
close10,CLX,2015-09-25,2026-09-24,0,1,0,1,2764
close10,CMCSA,2015-09-25,2026-09-24,0,0,0,0,2765
close10,CME,2015-09-25,2026-09-24,0,1,0,1,2764
close10,CMG,2015-09-25,2026-09-24,0,0,0,0,2765
close10,CMI,2015-09-25,2026-09-24,0,1,0,1,2764
close10,CMS,2015-09-25,2026-09-24,0,1,0,1,2764
close10,CNC,2015-09-25,2026-09-24,0,1,0,1,2764
close10,CNP,2015-09-25,2026-09-24,0,1,0,1,2764
close10,COF,2015-09-25,2026-09-24,0,1,0,1,2764
close10,COHR,2015-09-25,2026-09-24,0,0,0,0,2765
close10,COIN,2021-04-14,2026-09-24,1396,0,0,0,1369
close10,COO,2015-09-25,2026-09-24,0,1,0,1,2764
close10,COP,2015-09-25,2026-09-24,0,1,0,1,2764
close10,COR,2015-09-25,2026-09-24,0,1,0,1,2764
close10,COST,2015-09-25,2026-09-24,0,1,0,1,2764
close10,CPAY,2015-09-25,2026-09-24,0,1,0,1,2764
close10,CPRT,2015-09-25,2026-09-24,0,1,0,1,2764
close10,CPT,2015-09-25,2026-09-24,0,1,0,1,2764
close10,CRH,2015-09-25,2026-09-24,0,1,0,1,2764
close10,CRL,2015-09-25,2026-09-24,0,1,0,1,2764
close10,CRM,2015-09-25,2026-09-24,0,1,0,1,2764
close10,CRWD,2019-06-12,2026-09-24,933,1,0,1,1831
close10,CSCO,2015-09-25,2026-09-24,0,0,0,0,2765
close10,CSGP,2015-09-25,2026-09-24,0,1,0,1,2764
close10,CSX,2015-09-25,2026-09-24,0,1,0,1,2764
close10,CTAS,2015-09-25,2026-09-24,0,1,0,1,2764
close10,CTSH,2015-09-25,2026-09-24,0,1,0,1,2764
close10,CTVA,2019-05-24,2026-09-24,921,1,0,1,1843
close10,CVNA,2017-04-28,2026-09-24,400,1,0,1,2364
close10,CVS,2015-09-25,2026-09-24,0,1,0,1,2764
close10,CVX,2015-09-25,2026-09-24,0,1,0,1,2764
close10,D,2015-09-25,2026-09-24,0,1,0,1,2764
close10,DAL,2015-09-25,2026-09-24,0,1,0,1,2764
close10,DASH,2020-12-09,2026-09-24,1311,1,0,1,1453
close10,DD,2015-09-25,2026-09-24,0,1,0,1,2764
close10,DDOG,2019-09-19,2026-09-24,1002,1,0,1,1762
close10,DE,2015-09-25,2026-09-24,0,1,0,1,2764
close10,DECK,2015-09-25,2026-09-24,0,1,0,1,2764
close10,DELL,2016-08-17,2026-09-24,225,0,0,0,2540
close10,DG,2015-09-25,2026-09-24,0,1,0,1,2764
close10,DGX,2015-09-25,2026-09-24,0,1,0,1,2764
close10,DHI,2015-09-25,2026-09-24,0,1,0,1,2764
close10,DHR,2015-09-25,2026-09-24,0,1,0,1,2764
close10,DIS,2015-09-25,2026-09-24,0,1,0,1,2764
close10,DLR,2015-09-25,2026-09-24,0,1,0,1,2764
close10,DLTR,2015-09-25,2026-09-24,0,1,0,1,2764
close10,DOC,2015-09-25,2026-09-24,0,1,0,1,2764
close10,DOV,2015-09-25,2026-09-24,0,1,0,1,2764
close10,DOW,2019-03-20,2026-09-24,875,1,0,1,1889
close10,DPZ,2015-09-25,2026-09-24,0,1,0,1,2764
close10,DRI,2015-09-25,2026-09-24,0,1,0,1,2764
close10,DTE,2015-09-25,2026-09-24,0,1,0,1,2764
close10,DUK,2015-09-25,2026-09-24,0,1,0,1,2764
close10,DVA,2015-09-25,2026-09-24,0,1,0,1,2764
close10,DVN,2015-09-25,2026-09-24,0,1,0,1,2764
close10,DXCM,2015-09-25,2026-09-24,0,1,0,1,2764
close10,EBAY,2015-09-25,2026-09-24,0,1,0,1,2764
close10,ECHO,2015-09-25,2026-09-24,0,1,0,1,2764
close10,ECL,2015-09-25,2026-09-24,0,1,0,1,2764
close10,ED,2015-09-25,2026-09-24,0,1,0,1,2764
close10,EFX,2015-09-25,2026-09-24,0,1,0,1,2764
close10,EG,2015-09-25,2026-09-24,0,1,0,1,2764
close10,EIX,2015-09-25,2026-09-24,0,1,0,1,2764
close10,EL,2015-09-25,2026-09-24,0,1,0,1,2764
close10,ELV,2015-09-25,2026-09-24,0,1,0,1,2764
close10,EME,2015-09-25,2026-09-24,0,1,0,1,2764
close10,EMR,2015-09-25,2026-09-24,0,1,0,1,2764
close10,EOG,2015-09-25,2026-09-24,0,1,0,1,2764
close10,EQIX,2015-09-25,2026-09-24,0,1,0,1,2764
close10,EQT,2015-09-25,2026-09-24,0,1,0,1,2764
close10,ERIE,2015-09-25,2026-09-24,0,1,0,1,2764
close10,ES,2015-09-25,2026-09-24,0,1,0,1,2764
close10,ESS,2015-09-25,2026-09-24,0,1,0,1,2764
close10,ETN,2015-09-25,2026-09-24,0,1,0,1,2764
close10,ETR,2015-09-25,2026-09-24,0,1,0,1,2764
close10,EVRG,2015-09-25,2026-09-24,0,1,0,1,2764
close10,EW,2015-09-25,2026-09-24,0,1,0,1,2764
close10,EXC,2015-09-25,2026-09-24,0,1,0,1,2764
close10,EXE,2021-02-10,2026-09-24,1353,1,0,1,1411
close10,EXPD,2015-09-25,2026-09-24,0,1,0,1,2764
close10,EXPE,2015-09-25,2026-09-24,0,1,0,1,2764
close10,EXR,2015-09-25,2026-09-24,0,1,0,1,2764
close10,F,2015-09-25,2026-09-24,0,0,0,0,2765
close10,FANG,2015-09-25,2026-09-24,0,1,0,1,2764
close10,FAST,2015-09-25,2026-09-24,0,1,0,1,2764
close10,FCX,2015-09-25,2026-09-24,0,1,0,1,2764
close10,FDS,2015-09-25,2026-09-24,0,1,0,1,2764
close10,FDX,2015-09-25,2026-09-24,0,1,0,1,2764
close10,FE,2015-09-25,2026-09-24,0,1,0,1,2764
close10,FERG,2015-09-25,2026-09-24,0,1,0,1,2764
close10,FFIV,2015-09-25,2026-09-24,0,1,0,1,2764
close10,FICO,2015-09-25,2026-09-24,0,1,0,1,2764
close10,FIS,2015-09-25,2026-09-24,0,1,0,1,2764
close10,FISV,2015-09-25,2026-09-24,0,2,0,2,2763
close10,FITB,2015-09-25,2026-09-24,0,1,0,1,2764
close10,FIX,2015-09-25,2026-09-24,0,1,0,1,2764
close10,FLEX,2015-09-25,2026-09-24,0,1,0,1,2764
close10,FOXA,2019-03-12,2026-09-24,869,1,0,1,1895
close10,FRT,2015-09-25,2026-09-24,0,1,0,1,2764
close10,FSLR,2015-09-25,2026-09-24,0,1,0,1,2764
close10,FTNT,2015-09-25,2026-09-24,0,1,0,1,2764
close10,FTV,2016-07-05,2026-09-24,194,1,0,1,2570
close10,GD,2015-09-25,2026-09-24,0,1,0,1,2764
close10,GDDY,2015-09-25,2026-09-24,0,1,0,1,2764
close10,GE,2015-09-25,2026-09-24,0,1,0,1,2764
close10,GEHC,2022-12-15,2026-09-24,1819,1,0,1,945
close10,GEN,2015-09-25,2026-09-24,0,1,0,1,2764
close10,GEV,2024-03-27,2026-09-24,2139,1,0,1,625
close10,GILD,2015-09-25,2026-09-24,0,1,0,1,2764
close10,GIS,2015-09-25,2026-09-24,0,0,0,0,2765
close10,GL,2015-09-25,2026-09-24,0,1,0,1,2764
close10,GLW,2015-09-25,2026-09-24,0,0,0,0,2765
close10,GM,2015-09-25,2026-09-24,0,1,0,1,2764
close10,GNRC,2015-09-25,2026-09-24,0,1,0,1,2764
close10,GOOGL,2015-09-25,2026-09-24,0,0,0,0,2765
close10,GPC,2015-09-25,2026-09-24,0,1,0,1,2764
close10,GPN,2015-09-25,2026-09-24,0,1,0,1,2764
close10,GRMN,2015-09-25,2026-09-24,0,1,0,1,2764
close10,GS,2015-09-25,2026-09-24,0,1,0,1,2764
close10,GWW,2015-09-25,2026-09-24,0,1,0,1,2764
close10,HAL,2015-09-25,2026-09-24,0,1,0,1,2764
close10,HAS,2015-09-25,2026-09-24,0,1,0,1,2764
close10,HBAN,2015-09-25,2026-09-24,0,1,0,1,2764
close10,HCA,2015-09-25,2026-09-24,0,1,0,1,2764
close10,HD,2015-09-25,2026-09-24,0,1,0,1,2764
close10,HIG,2015-09-25,2026-09-24,0,1,0,1,2764
close10,HII,2015-09-25,2026-09-24,0,1,0,1,2764
close10,HLT,2015-09-25,2026-09-24,0,1,0,1,2764
close10,HON,2015-09-25,2026-09-24,0,1,0,1,2764
close10,HOOD,2021-07-29,2026-09-24,1470,0,0,0,1295
close10,HPE,2015-10-19,2026-09-24,16,0,0,0,2749
close10,HPQ,2015-09-25,2026-09-24,0,1,0,1,2764
close10,HRL,2015-09-25,2026-09-24,0,1,0,1,2764
close10,HSIC,2015-09-25,2026-09-24,0,1,0,1,2764
close10,HST,2015-09-25,2026-09-24,0,1,0,1,2764
close10,HSY,2015-09-25,2026-09-24,0,1,0,1,2764
close10,HUBB,2015-09-25,2026-09-24,0,0,0,0,2765
close10,HUM,2015-09-25,2026-09-24,0,1,0,1,2764
close10,HWM,2016-11-01,2026-09-24,278,1,0,1,2486
close10,IBKR,2015-09-25,2026-09-24,0,1,0,1,2764
close10,IBM,2015-09-25,2026-09-24,0,1,0,1,2764
close10,ICE,2015-09-25,2026-09-24,0,1,0,1,2764
close10,IDXX,2015-09-25,2026-09-24,0,1,0,1,2764
close10,IEX,2015-09-25,2026-09-24,0,1,0,1,2764
close10,IFF,2015-09-25,2026-09-24,0,1,0,1,2764
close10,ILMN,2015-09-25,2026-09-24,0,1,0,1,2764
close10,INCY,2015-09-25,2026-09-24,0,1,0,1,2764
close10,INTC,2015-09-25,2026-09-24,0,0,0,0,2765
close10,INTU,2015-09-25,2026-09-24,0,1,0,1,2764
close10,INVH,2017-02-01,2026-09-24,340,1,0,1,2424
close10,IP,2015-09-25,2026-09-24,0,1,0,1,2764
close10,IQV,2015-09-25,2026-09-24,0,1,0,1,2764
close10,IR,2017-05-12,2026-09-24,410,1,0,1,2354
close10,IRM,2015-09-25,2026-09-24,0,1,0,1,2764
close10,ISRG,2015-09-25,2026-09-24,0,1,0,1,2764
close10,IT,2015-09-25,2026-09-24,0,1,0,1,2764
close10,ITW,2015-09-25,2026-09-24,0,1,0,1,2764
close10,IVZ,2015-09-25,2026-09-24,0,1,0,1,2764
close10,J,2015-09-25,2026-09-24,0,1,0,1,2764
close10,JBHT,2015-09-25,2026-09-24,0,1,0,1,2764
close10,JBL,2015-09-25,2026-09-24,0,1,0,1,2764
close10,JCI,2015-09-25,2026-09-24,0,1,0,1,2764
close10,JKHY,2015-09-25,2026-09-24,0,1,0,1,2764
close10,JNJ,2015-09-25,2026-09-24,0,1,0,1,2764
close10,JPM,2015-09-25,2026-09-24,0,0,0,0,2765
close10,KDP,2015-09-25,2026-09-24,0,1,0,1,2764
close10,KEY,2015-09-25,2026-09-24,0,1,0,1,2764
close10,KEYS,2015-09-25,2026-09-24,0,1,0,1,2764
close10,KHC,2015-09-25,2026-09-24,0,1,0,1,2764
close10,KIM,2015-09-25,2026-09-24,0,1,0,1,2764
close10,KKR,2015-09-25,2026-09-24,0,0,0,0,2765
close10,KLAC,2015-09-25,2026-09-24,0,1,0,1,2764
close10,KMB,2015-09-25,2026-09-24,0,1,0,1,2764
close10,KMI,2015-09-25,2026-09-24,0,1,0,1,2764
close10,KO,2015-09-25,2026-09-24,0,1,0,1,2764
close10,KR,2015-09-25,2026-09-24,0,1,0,1,2764
close10,KVUE,2023-05-04,2026-09-24,1914,1,0,1,850
close10,L,2015-09-25,2026-09-24,0,1,0,1,2764
close10,LDOS,2015-09-25,2026-09-24,0,1,0,1,2764
close10,LEN,2015-09-25,2026-09-24,0,1,0,1,2764
close10,LH,2015-09-25,2026-09-24,0,1,0,1,2764
close10,LHX,2015-09-25,2026-09-24,0,1,0,1,2764
close10,LII,2015-09-25,2026-09-24,0,1,0,1,2764
close10,LIN,2015-09-25,2026-09-24,0,1,0,1,2764
close10,LITE,2015-09-25,2026-09-24,0,0,0,0,2765
close10,LLY,2015-09-25,2026-09-24,0,1,0,1,2764
close10,LMT,2015-09-25,2026-09-24,0,1,0,1,2764
close10,LNT,2015-09-25,2026-09-24,0,1,0,1,2764
close10,LOW,2015-09-25,2026-09-24,0,1,0,1,2764
close10,LRCX,2015-09-25,2026-09-24,0,0,0,0,2765
close10,LULU,2015-09-25,2026-09-24,0,0,0,0,2765
close10,LUV,2015-09-25,2026-09-24,0,1,0,1,2764
close10,LVS,2015-09-25,2026-09-24,0,1,0,1,2764
close10,LYB,2015-09-25,2026-09-24,0,1,0,1,2764
close10,LYV,2015-09-25,2026-09-24,0,1,0,1,2764
close10,MA,2015-09-25,2026-09-24,0,1,0,1,2764
close10,MAA,2015-09-25,2026-09-24,0,1,0,1,2764
close10,MAR,2015-09-25,2026-09-24,0,1,0,1,2764
close10,MAS,2015-09-25,2026-09-24,0,1,0,1,2764
close10,MCD,2015-09-25,2026-09-24,0,0,0,0,2765
close10,MCHP,2015-09-25,2026-09-24,0,1,0,1,2764
close10,MCK,2015-09-25,2026-09-24,0,1,0,1,2764
close10,MCO,2015-09-25,2026-09-24,0,1,0,1,2764
close10,MDLZ,2015-09-25,2026-09-24,0,1,0,1,2764
close10,MDT,2015-09-25,2026-09-24,0,1,0,1,2764
close10,MET,2015-09-25,2026-09-24,0,1,0,1,2764
close10,META,2015-09-25,2026-09-24,0,0,0,0,2765
close10,MGM,2015-09-25,2026-09-24,0,1,0,1,2764
close10,MKC,2015-09-25,2026-09-24,0,1,0,1,2764
close10,MLM,2015-09-25,2026-09-24,0,1,0,1,2764
close10,MMM,2015-09-25,2026-09-24,0,1,0,1,2764
close10,MNST,2015-09-25,2026-09-24,0,1,0,1,2764
close10,MO,2015-09-25,2026-09-24,0,1,0,1,2764
close10,MOS,2015-09-25,2026-09-24,0,1,0,1,2764
close10,MPC,2015-09-25,2026-09-24,0,1,0,1,2764
close10,MPWR,2015-09-25,2026-09-24,0,1,0,1,2764
close10,MRK,2015-09-25,2026-09-24,0,1,0,1,2764
close10,MRNA,2018-12-07,2026-09-24,806,0,0,0,1959
close10,MRSH,2015-09-25,2026-09-24,0,1,0,1,2764
close10,MRVL,2015-09-25,2026-09-24,0,0,0,0,2765
close10,MS,2015-09-25,2026-09-24,0,1,0,1,2764
close10,MSCI,2015-09-25,2026-09-24,0,1,0,1,2764
close10,MSFT,2015-09-25,2026-09-24,0,0,0,0,2765
close10,MSI,2015-09-25,2026-09-24,0,1,0,1,2764
close10,MTB,2015-09-25,2026-09-24,0,1,0,1,2764
close10,MTD,2015-09-25,2026-09-24,0,1,0,1,2764
close10,MU,2015-09-25,2026-09-24,0,0,0,0,2765
close10,NCLH,2015-09-25,2026-09-24,0,0,0,0,2765
close10,NDAQ,2015-09-25,2026-09-24,0,1,0,1,2764
close10,NDSN,2015-09-25,2026-09-24,0,1,0,1,2764
close10,NEE,2015-09-25,2026-09-24,0,1,0,1,2764
close10,NEM,2015-09-25,2026-09-24,0,1,0,1,2764
close10,NFLX,2015-09-25,2026-09-24,0,0,0,0,2765
close10,NI,2015-09-25,2026-09-24,0,1,0,1,2764
close10,NKE,2015-09-25,2026-09-24,0,0,0,0,2765
close10,NOC,2015-09-25,2026-09-24,0,1,0,1,2764
close10,NOW,2015-09-25,2026-09-24,0,0,0,0,2765
close10,NRG,2015-09-25,2026-09-24,0,1,0,1,2764
close10,NSC,2015-09-25,2026-09-24,0,1,0,1,2764
close10,NTAP,2015-09-25,2026-09-24,0,1,0,1,2764
close10,NTRS,2015-09-25,2026-09-24,0,1,0,1,2764
close10,NUE,2015-09-25,2026-09-24,0,1,0,1,2764
close10,NVDA,2015-09-25,2026-09-24,0,0,0,0,2765
close10,NVR,2015-09-25,2026-09-24,0,1,0,1,2764
close10,NWSA,2015-09-25,2026-09-24,0,1,0,1,2764
close10,NXPI,2015-09-25,2026-09-24,0,1,0,1,2764
close10,O,2015-09-25,2026-09-24,0,1,0,1,2764
close10,ODFL,2015-09-25,2026-09-24,0,1,0,1,2764
close10,OKE,2015-09-25,2026-09-24,0,1,0,1,2764
close10,OMC,2015-09-25,2026-09-24,0,1,0,1,2764
close10,ON,2015-09-25,2026-09-24,0,1,0,1,2764
close10,ORCL,2015-09-25,2026-09-24,0,0,0,0,2765
close10,ORLY,2015-09-25,2026-09-24,0,1,0,1,2764
close10,OTIS,2020-03-19,2026-09-24,1127,1,0,1,1637
close10,OXY,2015-09-25,2026-09-24,0,1,0,1,2764
close10,P,2015-10-06,2026-09-24,7,1,0,1,2757
close10,PANW,2015-09-25,2026-09-24,0,1,0,1,2764
close10,PAYX,2015-09-25,2026-09-24,0,1,0,1,2764
close10,PCAR,2015-09-25,2026-09-24,0,1,0,1,2764
close10,PCG,2015-09-25,2026-09-24,0,0,0,0,2765
close10,PEG,2015-09-25,2026-09-24,0,1,0,1,2764
close10,PEP,2015-09-25,2026-09-24,0,1,0,1,2764
close10,PFE,2015-09-25,2026-09-24,0,1,0,1,2764
close10,PFG,2015-09-25,2026-09-24,0,1,0,1,2764
close10,PG,2015-09-25,2026-09-24,0,1,0,1,2764
close10,PGR,2015-09-25,2026-09-24,0,1,0,1,2764
close10,PH,2015-09-25,2026-09-24,0,1,0,1,2764
close10,PHM,2015-09-25,2026-09-24,0,1,0,1,2764
close10,PKG,2015-09-25,2026-09-24,0,1,0,1,2764
close10,PLD,2015-09-25,2026-09-24,0,1,0,1,2764
close10,PLTR,2020-09-30,2026-09-24,1262,0,0,0,1503
close10,PM,2015-09-25,2026-09-24,0,1,0,1,2764
close10,PNC,2015-09-25,2026-09-24,0,1,0,1,2764
close10,PNR,2015-09-25,2026-09-24,0,1,0,1,2764
close10,PNW,2015-09-25,2026-09-24,0,1,0,1,2764
close10,PODD,2015-09-25,2026-09-24,0,1,0,1,2764
close10,PPG,2015-09-25,2026-09-24,0,1,0,1,2764
close10,PPL,2015-09-25,2026-09-24,0,1,0,1,2764
close10,PRU,2015-09-25,2026-09-24,0,1,0,1,2764
close10,PSA,2015-09-25,2026-09-24,0,1,0,1,2764
close10,PSKY,2015-09-25,2026-09-24,0,0,0,0,2765
close10,PSX,2015-09-25,2026-09-24,0,1,0,1,2764
close10,PTC,2015-09-25,2026-09-24,0,1,0,1,2764
close10,PWR,2015-09-25,2026-09-24,0,1,0,1,2764
close10,PYPL,2015-09-25,2026-09-24,0,0,0,0,2765
close10,QCOM,2015-09-25,2026-09-24,0,0,0,0,2765
close10,RCL,2015-09-25,2026-09-24,0,0,0,0,2765
close10,RDDT,2024-03-21,2026-09-24,2135,1,0,1,629
close10,REG,2015-09-25,2026-09-24,0,1,0,1,2764
close10,REGN,2015-09-25,2026-09-24,0,1,0,1,2764
close10,RF,2015-09-25,2026-09-24,0,1,0,1,2764
close10,RJF,2015-09-25,2026-09-24,0,1,0,1,2764
close10,RL,2015-09-25,2026-09-24,0,1,0,1,2764
close10,RMD,2015-09-25,2026-09-24,0,1,0,1,2764
close10,ROK,2015-09-25,2026-09-24,0,1,0,1,2764
close10,ROL,2015-09-25,2026-09-24,0,1,0,1,2764
close10,ROP,2015-09-25,2026-09-24,0,1,0,1,2764
close10,ROST,2015-09-25,2026-09-24,0,1,0,1,2764
close10,RSG,2015-09-25,2026-09-24,0,1,0,1,2764
close10,RTX,2015-09-25,2026-09-24,0,1,0,1,2764
close10,RVTY,2015-09-25,2026-09-24,0,1,0,1,2764
close10,SBAC,2015-09-25,2026-09-24,0,1,0,1,2764
close10,SBUX,2015-09-25,2026-09-24,0,1,0,1,2764
close10,SCHW,2015-09-25,2026-09-24,0,0,0,0,2765
close10,SHW,2015-09-25,2026-09-24,0,1,0,1,2764
close10,SJM,2015-09-25,2026-09-24,0,1,0,1,2764
close10,SLB,2015-09-25,2026-09-24,0,1,0,1,2764
close10,SMCI,2015-09-25,2026-09-24,0,0,0,0,2765
close10,SNA,2015-09-25,2026-09-24,0,1,0,1,2764
close10,SNDK,2025-02-13,2026-09-24,2360,0,0,0,405
close10,SNPS,2015-09-25,2026-09-24,0,1,0,1,2764
close10,SO,2015-09-25,2026-09-24,0,1,0,1,2764
close10,SOLV,2024-03-26,2026-09-24,2138,1,0,1,626
close10,SPG,2015-09-25,2026-09-24,0,1,0,1,2764
close10,SPGI,2015-09-25,2026-09-24,0,1,0,1,2764
close10,SRE,2015-09-25,2026-09-24,0,1,0,1,2764
close10,STE,2015-09-25,2026-09-24,0,1,0,1,2764
close10,STLD,2015-09-25,2026-09-24,0,1,0,1,2764
close10,STT,2015-09-25,2026-09-24,0,1,0,1,2764
close10,STX,2015-09-25,2026-09-24,0,1,0,1,2764
close10,STZ,2015-09-25,2026-09-24,0,1,0,1,2764
close10,SW,2015-09-25,2026-09-24,0,1,0,1,2764
close10,SWK,2015-09-25,2026-09-24,0,1,0,1,2764
close10,SWKS,2015-09-25,2026-09-24,0,1,0,1,2764
close10,SYF,2015-09-25,2026-09-24,0,1,0,1,2764
close10,SYK,2015-09-25,2026-09-24,0,1,0,1,2764
close10,SYY,2015-09-25,2026-09-24,0,1,0,1,2764
close10,T,2015-09-25,2026-09-24,0,0,0,0,2765
close10,TDG,2015-09-25,2026-09-24,0,1,0,1,2764
close10,TDY,2015-09-25,2026-09-24,0,1,0,1,2764
close10,TECH,2015-09-25,2026-09-24,0,1,0,1,2764
close10,TEL,2015-09-25,2026-09-24,0,1,0,1,2764
close10,TER,2015-09-25,2026-09-24,0,1,0,1,2764
close10,TFC,2015-09-25,2026-09-24,0,1,0,1,2764
close10,TGT,2015-09-25,2026-09-24,0,1,0,1,2764
close10,TJX,2015-09-25,2026-09-24,0,1,0,1,2764
close10,TKO,2015-09-25,2026-09-24,0,1,0,1,2764
close10,TMO,2015-09-25,2026-09-24,0,1,0,1,2764
close10,TMUS,2015-09-25,2026-09-24,0,1,0,1,2764
close10,TPL,2015-09-25,2026-09-24,0,1,0,1,2764
close10,TPR,2015-09-25,2026-09-24,0,1,0,1,2764
close10,TRGP,2015-09-25,2026-09-24,0,1,0,1,2764
close10,TRMB,2015-09-25,2026-09-24,0,1,0,1,2764
close10,TROW,2015-09-25,2026-09-24,0,1,0,1,2764
close10,TRV,2015-09-25,2026-09-24,0,1,0,1,2764
close10,TSCO,2015-09-25,2026-09-24,0,1,0,1,2764
close10,TSLA,2015-09-25,2026-09-24,0,0,0,0,2765
close10,TSN,2015-09-25,2026-09-24,0,1,0,1,2764
close10,TT,2015-09-25,2026-09-24,0,1,0,1,2764
close10,TTWO,2015-09-25,2026-09-24,0,1,0,1,2764
close10,TXN,2015-09-25,2026-09-24,0,1,0,1,2764
close10,TXT,2015-09-25,2026-09-24,0,1,0,1,2764
close10,TYL,2015-09-25,2026-09-24,0,1,0,1,2764
close10,UAL,2015-09-25,2026-09-24,0,1,0,1,2764
close10,UBER,2019-05-10,2026-09-24,911,0,0,0,1854
close10,UDR,2015-09-25,2026-09-24,0,1,0,1,2764
close10,UHS,2015-09-25,2026-09-24,0,1,0,1,2764
close10,ULTA,2015-09-25,2026-09-24,0,1,0,1,2764
close10,UNH,2015-09-25,2026-09-24,0,1,0,1,2764
close10,UNP,2015-09-25,2026-09-24,0,1,0,1,2764
close10,UPS,2015-09-25,2026-09-24,0,0,0,0,2765
close10,URI,2015-09-25,2026-09-24,0,1,0,1,2764
close10,USB,2015-09-25,2026-09-24,0,1,0,1,2764
close10,V,2015-09-25,2026-09-24,0,1,0,1,2764
close10,VEEV,2015-09-25,2026-09-24,0,1,0,1,2764
close10,VICI,2018-01-02,2026-09-24,571,1,0,1,2193
close10,VLO,2015-09-25,2026-09-24,0,1,0,1,2764
close10,VLTO,2023-10-04,2026-09-24,2019,1,0,1,745
close10,VMC,2015-09-25,2026-09-24,0,1,0,1,2764
close10,VMRK,2015-09-25,2026-09-24,0,1,0,1,2764
close10,VRSK,2015-09-25,2026-09-24,0,1,0,1,2764
close10,VRSN,2015-09-25,2026-09-24,0,1,0,1,2764
close10,VRT,2018-08-02,2026-09-24,718,1,0,1,2046
close10,VRTX,2015-09-25,2026-09-24,0,1,0,1,2764
close10,VST,2016-10-05,2026-09-24,259,0,0,0,2506
close10,VTR,2015-09-25,2026-09-24,0,1,0,1,2764
close10,VTRS,2015-09-25,2026-09-24,0,1,0,1,2764
close10,VZ,2015-09-25,2026-09-24,0,0,0,0,2765
close10,WAB,2015-09-25,2026-09-24,0,1,0,1,2764
close10,WAT,2015-09-25,2026-09-24,0,1,0,1,2764
close10,WBD,2015-09-25,2026-09-24,0,1,0,1,2764
close10,WDAY,2015-09-25,2026-09-24,0,1,0,1,2764
close10,WDC,2015-09-25,2026-09-24,0,0,0,0,2765
close10,WEC,2015-09-25,2026-09-24,0,1,0,1,2764
close10,WELL,2015-09-25,2026-09-24,0,1,0,1,2764
close10,WFC,2015-09-25,2026-09-24,0,1,0,1,2764
close10,WM,2015-09-25,2026-09-24,0,1,0,1,2764
close10,WMB,2015-09-25,2026-09-24,0,1,0,1,2764
close10,WMT,2015-09-25,2026-09-24,0,0,0,0,2765
close10,WRB,2015-09-25,2026-09-24,0,1,0,1,2764
close10,WSM,2015-09-25,2026-09-24,0,1,0,1,2764
close10,WST,2015-09-25,2026-09-24,0,1,0,1,2764
close10,WTW,2015-09-25,2026-09-24,0,1,0,1,2764
close10,WY,2015-09-25,2026-09-24,0,1,0,1,2764
close10,WYNN,2015-09-25,2026-09-24,0,1,0,1,2764
close10,XEL,2015-09-25,2026-09-24,0,1,0,1,2764
close10,XOM,2015-09-25,2026-09-24,0,1,0,1,2764
close10,XYL,2015-09-25,2026-09-24,0,1,0,1,2764
close10,XYZ,2015-11-19,2026-09-24,39,1,0,1,2725
close10,YUM,2015-09-25,2026-09-24,0,1,0,1,2764
close10,ZBH,2015-09-25,2026-09-24,0,1,0,1,2764
close10,ZBRA,2015-09-25,2026-09-24,0,1,0,1,2764
close10,ZTS,2015-09-25,2026-09-24,0,1,0,1,2764
close10,^GSPC,2015-09-25,2026-09-24,0,1,0,1,2764
close3,A,2023-09-25,2026-09-24,0,1,0,1,752
close3,AAPL,2023-09-25,2026-09-24,0,0,0,0,753
close3,ABBV,2023-09-25,2026-09-24,0,1,0,1,752
close3,ABNB,2023-09-25,2026-09-24,0,1,0,1,752
close3,ABT,2023-09-25,2026-09-24,0,1,0,1,752
close3,ACGL,2023-09-25,2026-09-24,0,1,0,1,752
close3,ACN,2023-09-25,2026-09-24,0,1,0,1,752
close3,ADBE,2023-09-25,2026-09-24,0,0,0,0,753
close3,ADI,2023-09-25,2026-09-24,0,1,0,1,752
close3,ADM,2023-09-25,2026-09-24,0,1,0,1,752
close3,ADP,2023-09-25,2026-09-24,0,1,0,1,752
close3,ADSK,2023-09-25,2026-09-24,0,1,0,1,752
close3,AEE,2023-09-25,2026-09-24,0,1,0,1,752
close3,AEP,2023-09-25,2026-09-24,0,1,0,1,752
close3,AES,2023-09-25,2026-09-24,0,1,0,1,752
close3,AFL,2023-09-25,2026-09-24,0,1,0,1,752
close3,AIG,2023-09-25,2026-09-24,0,1,0,1,752
close3,AIZ,2023-09-25,2026-09-24,0,1,0,1,752
close3,AJG,2023-09-25,2026-09-24,0,1,0,1,752
close3,AKAM,2023-09-25,2026-09-24,0,1,0,1,752
close3,ALB,2023-09-25,2026-09-24,0,1,0,1,752
close3,ALGN,2023-09-25,2026-09-24,0,1,0,1,752
close3,ALL,2023-09-25,2026-09-24,0,1,0,1,752
close3,ALLE,2023-09-25,2026-09-24,0,1,0,1,752
close3,AMAT,2023-09-25,2026-09-24,0,0,0,0,753
close3,AMCR,2023-09-25,2026-09-24,0,1,0,1,752
close3,AMD,2023-09-25,2026-09-24,0,0,0,0,753
close3,AME,2023-09-25,2026-09-24,0,1,0,1,752
close3,AMGN,2023-09-25,2026-09-24,0,1,0,1,752
close3,AMP,2023-09-25,2026-09-24,0,1,0,1,752
close3,AMT,2023-09-25,2026-09-24,0,1,0,1,752
close3,AMZN,2023-09-25,2026-09-24,0,0,0,0,753
close3,ANET,2023-09-25,2026-09-24,0,1,0,1,752
close3,AON,2023-09-25,2026-09-24,0,1,0,1,752
close3,AOS,2023-09-25,2026-09-24,0,1,0,1,752
close3,APA,2023-09-25,2026-09-24,0,1,0,1,752
close3,APD,2023-09-25,2026-09-24,0,1,0,1,752
close3,APH,2023-09-25,2026-09-24,0,1,0,1,752
close3,APO,2023-09-25,2026-09-24,0,1,0,1,752
close3,APP,2023-09-25,2026-09-24,0,1,0,1,752
close3,APTV,2023-09-25,2026-09-24,0,1,0,1,752
close3,ARE,2023-09-25,2026-09-24,0,1,0,1,752
close3,ARES,2023-09-25,2026-09-24,0,1,0,1,752
close3,ATO,2023-09-25,2026-09-24,0,1,0,1,752
close3,AVGO,2023-09-25,2026-09-24,0,0,0,0,753
close3,AVY,2023-09-25,2026-09-24,0,1,0,1,752
close3,AWK,2023-09-25,2026-09-24,0,1,0,1,752
close3,AXON,2023-09-25,2026-09-24,0,1,0,1,752
close3,AXP,2023-09-25,2026-09-24,0,1,0,1,752
close3,AZO,2023-09-25,2026-09-24,0,1,0,1,752
close3,BA,2023-09-25,2026-09-24,0,0,0,0,753
close3,BAC,2023-09-25,2026-09-24,0,0,0,0,753
close3,BALL,2023-09-25,2026-09-24,0,1,0,1,752
close3,BAX,2023-09-25,2026-09-24,0,1,0,1,752
close3,BBY,2023-09-25,2026-09-24,0,1,0,1,752
close3,BDX,2023-09-25,2026-09-24,0,1,0,1,752
close3,BE,2023-09-25,2026-09-24,0,0,0,0,753
close3,BEN,2023-09-25,2026-09-24,0,1,0,1,752
close3,BF-B,2023-09-25,2026-09-24,0,1,0,1,752
close3,BG,2023-09-25,2026-09-24,0,1,0,1,752
close3,BIIB,2023-09-25,2026-09-24,0,1,0,1,752
close3,BKNG,2023-09-25,2026-09-24,0,0,0,0,753
close3,BKR,2023-09-25,2026-09-24,0,1,0,1,752
close3,BLK,2023-09-25,2026-09-24,0,1,0,1,752
close3,BMY,2023-09-25,2026-09-24,0,1,0,1,752
close3,BNY,2023-09-25,2026-09-24,0,1,0,1,752
close3,BR,2023-09-25,2026-09-24,0,1,0,1,752
close3,BRK-B,2023-09-25,2026-09-24,0,1,0,1,752
close3,BRO,2023-09-25,2026-09-24,0,1,0,1,752
close3,BSX,2023-09-25,2026-09-24,0,1,0,1,752
close3,BX,2023-09-25,2026-09-24,0,1,0,1,752
close3,BXP,2023-09-25,2026-09-24,0,1,0,1,752
close3,C,2023-09-25,2026-09-24,0,1,0,1,752
close3,CAH,2023-09-25,2026-09-24,0,1,0,1,752
close3,CARR,2023-09-25,2026-09-24,0,1,0,1,752
close3,CASY,2023-09-25,2026-09-24,0,1,0,1,752
close3,CAT,2023-09-25,2026-09-24,0,1,0,1,752
close3,CB,2023-09-25,2026-09-24,0,1,0,1,752
close3,CBOE,2023-09-25,2026-09-24,0,1,0,1,752
close3,CBRE,2023-09-25,2026-09-24,0,1,0,1,752
close3,CCI,2023-09-25,2026-09-24,0,1,0,1,752
close3,CCL,2023-09-25,2026-09-24,0,0,0,0,753
close3,CDNS,2023-09-25,2026-09-24,0,1,0,1,752
close3,CDW,2023-09-25,2026-09-24,0,1,0,1,752
close3,CEG,2023-09-25,2026-09-24,0,1,0,1,752
close3,CF,2023-09-25,2026-09-24,0,1,0,1,752
close3,CFG,2023-09-25,2026-09-24,0,1,0,1,752
close3,CHD,2023-09-25,2026-09-24,0,1,0,1,752
close3,CHRW,2023-09-25,2026-09-24,0,1,0,1,752
close3,CHTR,2023-09-25,2026-09-24,0,1,0,1,752
close3,CI,2023-09-25,2026-09-24,0,1,0,1,752
close3,CIEN,2023-09-25,2026-09-24,0,1,0,1,752
close3,CINF,2023-09-25,2026-09-24,0,1,0,1,752
close3,CL,2023-09-25,2026-09-24,0,1,0,1,752
close3,CLX,2023-09-25,2026-09-24,0,1,0,1,752
close3,CMCSA,2023-09-25,2026-09-24,0,0,0,0,753
close3,CME,2023-09-25,2026-09-24,0,1,0,1,752
close3,CMG,2023-09-25,2026-09-24,0,0,0,0,753
close3,CMI,2023-09-25,2026-09-24,0,1,0,1,752
close3,CMS,2023-09-25,2026-09-24,0,1,0,1,752
close3,CNC,2023-09-25,2026-09-24,0,1,0,1,752
close3,CNP,2023-09-25,2026-09-24,0,1,0,1,752
close3,COF,2023-09-25,2026-09-24,0,1,0,1,752
close3,COHR,2023-09-25,2026-09-24,0,0,0,0,753
close3,COIN,2023-09-25,2026-09-24,0,0,0,0,753
close3,COO,2023-09-25,2026-09-24,0,1,0,1,752
close3,COP,2023-09-25,2026-09-24,0,1,0,1,752
close3,COR,2023-09-25,2026-09-24,0,1,0,1,752
close3,COST,2023-09-25,2026-09-24,0,1,0,1,752
close3,CPAY,2023-09-25,2026-09-24,0,1,0,1,752
close3,CPRT,2023-09-25,2026-09-24,0,1,0,1,752
close3,CPT,2023-09-25,2026-09-24,0,1,0,1,752
close3,CRH,2023-09-25,2026-09-24,0,1,0,1,752
close3,CRL,2023-09-25,2026-09-24,0,1,0,1,752
close3,CRM,2023-09-25,2026-09-24,0,1,0,1,752
close3,CRWD,2023-09-25,2026-09-24,0,1,0,1,752
close3,CSCO,2023-09-25,2026-09-24,0,0,0,0,753
close3,CSGP,2023-09-25,2026-09-24,0,1,0,1,752
close3,CSX,2023-09-25,2026-09-24,0,1,0,1,752
close3,CTAS,2023-09-25,2026-09-24,0,1,0,1,752
close3,CTSH,2023-09-25,2026-09-24,0,1,0,1,752
close3,CTVA,2023-09-25,2026-09-24,0,1,0,1,752
close3,CVNA,2023-09-25,2026-09-24,0,1,0,1,752
close3,CVS,2023-09-25,2026-09-24,0,1,0,1,752
close3,CVX,2023-09-25,2026-09-24,0,1,0,1,752
close3,D,2023-09-25,2026-09-24,0,1,0,1,752
close3,DAL,2023-09-25,2026-09-24,0,1,0,1,752
close3,DASH,2023-09-25,2026-09-24,0,1,0,1,752
close3,DD,2023-09-25,2026-09-24,0,1,0,1,752
close3,DDOG,2023-09-25,2026-09-24,0,1,0,1,752
close3,DE,2023-09-25,2026-09-24,0,1,0,1,752
close3,DECK,2023-09-25,2026-09-24,0,1,0,1,752
close3,DELL,2023-09-25,2026-09-24,0,0,0,0,753
close3,DG,2023-09-25,2026-09-24,0,1,0,1,752
close3,DGX,2023-09-25,2026-09-24,0,1,0,1,752
close3,DHI,2023-09-25,2026-09-24,0,1,0,1,752
close3,DHR,2023-09-25,2026-09-24,0,1,0,1,752
close3,DIS,2023-09-25,2026-09-24,0,1,0,1,752
close3,DLR,2023-09-25,2026-09-24,0,1,0,1,752
close3,DLTR,2023-09-25,2026-09-24,0,1,0,1,752
close3,DOC,2023-09-25,2026-09-24,0,1,0,1,752
close3,DOV,2023-09-25,2026-09-24,0,1,0,1,752
close3,DOW,2023-09-25,2026-09-24,0,1,0,1,752
close3,DPZ,2023-09-25,2026-09-24,0,1,0,1,752
close3,DRI,2023-09-25,2026-09-24,0,1,0,1,752
close3,DTE,2023-09-25,2026-09-24,0,1,0,1,752
close3,DUK,2023-09-25,2026-09-24,0,1,0,1,752
close3,DVA,2023-09-25,2026-09-24,0,1,0,1,752
close3,DVN,2023-09-25,2026-09-24,0,1,0,1,752
close3,DXCM,2023-09-25,2026-09-24,0,1,0,1,752
close3,EBAY,2023-09-25,2026-09-24,0,1,0,1,752
close3,ECHO,2023-09-25,2026-09-24,0,1,0,1,752
close3,ECL,2023-09-25,2026-09-24,0,1,0,1,752
close3,ED,2023-09-25,2026-09-24,0,1,0,1,752
close3,EFX,2023-09-25,2026-09-24,0,1,0,1,752
close3,EG,2023-09-25,2026-09-24,0,1,0,1,752
close3,EIX,2023-09-25,2026-09-24,0,1,0,1,752
close3,EL,2023-09-25,2026-09-24,0,1,0,1,752
close3,ELV,2023-09-25,2026-09-24,0,1,0,1,752
close3,EME,2023-09-25,2026-09-24,0,1,0,1,752
close3,EMR,2023-09-25,2026-09-24,0,1,0,1,752
close3,EOG,2023-09-25,2026-09-24,0,1,0,1,752
close3,EQIX,2023-09-25,2026-09-24,0,1,0,1,752
close3,EQT,2023-09-25,2026-09-24,0,1,0,1,752
close3,ERIE,2023-09-25,2026-09-24,0,1,0,1,752
close3,ES,2023-09-25,2026-09-24,0,1,0,1,752
close3,ESS,2023-09-25,2026-09-24,0,1,0,1,752
close3,ETN,2023-09-25,2026-09-24,0,1,0,1,752
close3,ETR,2023-09-25,2026-09-24,0,1,0,1,752
close3,EVRG,2023-09-25,2026-09-24,0,1,0,1,752
close3,EW,2023-09-25,2026-09-24,0,1,0,1,752
close3,EXC,2023-09-25,2026-09-24,0,1,0,1,752
close3,EXE,2023-09-25,2026-09-24,0,1,0,1,752
close3,EXPD,2023-09-25,2026-09-24,0,1,0,1,752
close3,EXPE,2023-09-25,2026-09-24,0,1,0,1,752
close3,EXR,2023-09-25,2026-09-24,0,1,0,1,752
close3,F,2023-09-25,2026-09-24,0,0,0,0,753
close3,FANG,2023-09-25,2026-09-24,0,1,0,1,752
close3,FAST,2023-09-25,2026-09-24,0,1,0,1,752
close3,FCX,2023-09-25,2026-09-24,0,1,0,1,752
close3,FDS,2023-09-25,2026-09-24,0,1,0,1,752
close3,FDX,2023-09-25,2026-09-24,0,1,0,1,752
close3,FDXF,2026-05-27,2026-09-24,669,1,0,1,83
close3,FE,2023-09-25,2026-09-24,0,1,0,1,752
close3,FERG,2023-09-25,2026-09-24,0,1,0,1,752
close3,FFIV,2023-09-25,2026-09-24,0,1,0,1,752
close3,FICO,2023-09-25,2026-09-24,0,1,0,1,752
close3,FIS,2023-09-25,2026-09-24,0,1,0,1,752
close3,FISV,2023-09-25,2026-09-24,0,2,0,2,751
close3,FITB,2023-09-25,2026-09-24,0,1,0,1,752
close3,FIX,2023-09-25,2026-09-24,0,1,0,1,752
close3,FLEX,2023-09-25,2026-09-24,0,1,0,1,752
close3,FOX,2023-09-25,2026-09-24,0,1,0,1,752
close3,FOXA,2023-09-25,2026-09-24,0,1,0,1,752
close3,FRT,2023-09-25,2026-09-24,0,1,0,1,752
close3,FSLR,2023-09-25,2026-09-24,0,1,0,1,752
close3,FTNT,2023-09-25,2026-09-24,0,1,0,1,752
close3,FTV,2023-09-25,2026-09-24,0,1,0,1,752
close3,GD,2023-09-25,2026-09-24,0,1,0,1,752
close3,GDDY,2023-09-25,2026-09-24,0,1,0,1,752
close3,GE,2023-09-25,2026-09-24,0,1,0,1,752
close3,GEHC,2023-09-25,2026-09-24,0,1,0,1,752
close3,GEN,2023-09-25,2026-09-24,0,1,0,1,752
close3,GEV,2024-03-27,2026-09-24,127,1,0,1,625
close3,GILD,2023-09-25,2026-09-24,0,1,0,1,752
close3,GIS,2023-09-25,2026-09-24,0,0,0,0,753
close3,GL,2023-09-25,2026-09-24,0,1,0,1,752
close3,GLW,2023-09-25,2026-09-24,0,0,0,0,753
close3,GM,2023-09-25,2026-09-24,0,1,0,1,752
close3,GNRC,2023-09-25,2026-09-24,0,1,0,1,752
close3,GOOG,2023-09-25,2026-09-24,0,0,0,0,753
close3,GOOGL,2023-09-25,2026-09-24,0,0,0,0,753
close3,GPC,2023-09-25,2026-09-24,0,1,0,1,752
close3,GPN,2023-09-25,2026-09-24,0,1,0,1,752
close3,GRMN,2023-09-25,2026-09-24,0,1,0,1,752
close3,GS,2023-09-25,2026-09-24,0,1,0,1,752
close3,GWW,2023-09-25,2026-09-24,0,1,0,1,752
close3,HAL,2023-09-25,2026-09-24,0,1,0,1,752
close3,HAS,2023-09-25,2026-09-24,0,1,0,1,752
close3,HBAN,2023-09-25,2026-09-24,0,1,0,1,752
close3,HCA,2023-09-25,2026-09-24,0,1,0,1,752
close3,HD,2023-09-25,2026-09-24,0,1,0,1,752
close3,HIG,2023-09-25,2026-09-24,0,1,0,1,752
close3,HII,2023-09-25,2026-09-24,0,1,0,1,752
close3,HLT,2023-09-25,2026-09-24,0,1,0,1,752
close3,HON,2023-09-25,2026-09-24,0,1,0,1,752
close3,HONA,2026-06-15,2026-09-24,682,1,0,1,70
close3,HOOD,2023-09-25,2026-09-24,0,0,0,0,753
close3,HPE,2023-09-25,2026-09-24,0,0,0,0,753
close3,HPQ,2023-09-25,2026-09-24,0,1,0,1,752
close3,HRL,2023-09-25,2026-09-24,0,1,0,1,752
close3,HSIC,2023-09-25,2026-09-24,0,1,0,1,752
close3,HST,2023-09-25,2026-09-24,0,1,0,1,752
close3,HSY,2023-09-25,2026-09-24,0,1,0,1,752
close3,HUBB,2023-09-25,2026-09-24,0,0,0,0,753
close3,HUM,2023-09-25,2026-09-24,0,1,0,1,752
close3,HWM,2023-09-25,2026-09-24,0,1,0,1,752
close3,IBKR,2023-09-25,2026-09-24,0,1,0,1,752
close3,IBM,2023-09-25,2026-09-24,0,1,0,1,752
close3,ICE,2023-09-25,2026-09-24,0,1,0,1,752
close3,IDXX,2023-09-25,2026-09-24,0,1,0,1,752
close3,IEX,2023-09-25,2026-09-24,0,1,0,1,752
close3,IFF,2023-09-25,2026-09-24,0,1,0,1,752
close3,ILMN,2023-09-25,2026-09-24,0,1,0,1,752
close3,INCY,2023-09-25,2026-09-24,0,1,0,1,752
close3,INTC,2023-09-25,2026-09-24,0,0,0,0,753
close3,INTU,2023-09-25,2026-09-24,0,1,0,1,752
close3,INVH,2023-09-25,2026-09-24,0,1,0,1,752
close3,IP,2023-09-25,2026-09-24,0,1,0,1,752
close3,IQV,2023-09-25,2026-09-24,0,1,0,1,752
close3,IR,2023-09-25,2026-09-24,0,1,0,1,752
close3,IRM,2023-09-25,2026-09-24,0,1,0,1,752
close3,ISRG,2023-09-25,2026-09-24,0,1,0,1,752
close3,IT,2023-09-25,2026-09-24,0,1,0,1,752
close3,ITW,2023-09-25,2026-09-24,0,1,0,1,752
close3,IVZ,2023-09-25,2026-09-24,0,1,0,1,752
close3,J,2023-09-25,2026-09-24,0,1,0,1,752
close3,JBHT,2023-09-25,2026-09-24,0,1,0,1,752
close3,JBL,2023-09-25,2026-09-24,0,1,0,1,752
close3,JCI,2023-09-25,2026-09-24,0,1,0,1,752
close3,JKHY,2023-09-25,2026-09-24,0,1,0,1,752
close3,JNJ,2023-09-25,2026-09-24,0,1,0,1,752
close3,JPM,2023-09-25,2026-09-24,0,0,0,0,753
close3,KDP,2023-09-25,2026-09-24,0,1,0,1,752
close3,KEY,2023-09-25,2026-09-24,0,1,0,1,752
close3,KEYS,2023-09-25,2026-09-24,0,1,0,1,752
close3,KHC,2023-09-25,2026-09-24,0,1,0,1,752
close3,KIM,2023-09-25,2026-09-24,0,1,0,1,752
close3,KKR,2023-09-25,2026-09-24,0,0,0,0,753
close3,KLAC,2023-09-25,2026-09-24,0,1,0,1,752
close3,KMB,2023-09-25,2026-09-24,0,1,0,1,752
close3,KMI,2023-09-25,2026-09-24,0,1,0,1,752
close3,KO,2023-09-25,2026-09-24,0,1,0,1,752
close3,KR,2023-09-25,2026-09-24,0,1,0,1,752
close3,KVUE,2023-09-25,2026-09-24,0,1,0,1,752
close3,L,2023-09-25,2026-09-24,0,1,0,1,752
close3,LDOS,2023-09-25,2026-09-24,0,1,0,1,752
close3,LEN,2023-09-25,2026-09-24,0,1,0,1,752
close3,LH,2023-09-25,2026-09-24,0,1,0,1,752
close3,LHX,2023-09-25,2026-09-24,0,1,0,1,752
close3,LII,2023-09-25,2026-09-24,0,1,0,1,752
close3,LIN,2023-09-25,2026-09-24,0,1,0,1,752
close3,LITE,2023-09-25,2026-09-24,0,0,0,0,753
close3,LLY,2023-09-25,2026-09-24,0,1,0,1,752
close3,LMT,2023-09-25,2026-09-24,0,1,0,1,752
close3,LNT,2023-09-25,2026-09-24,0,1,0,1,752
close3,LOW,2023-09-25,2026-09-24,0,1,0,1,752
close3,LRCX,2023-09-25,2026-09-24,0,0,0,0,753
close3,LULU,2023-09-25,2026-09-24,0,0,0,0,753
close3,LUV,2023-09-25,2026-09-24,0,1,0,1,752
close3,LVS,2023-09-25,2026-09-24,0,1,0,1,752
close3,LYB,2023-09-25,2026-09-24,0,1,0,1,752
close3,LYV,2023-09-25,2026-09-24,0,1,0,1,752
close3,MA,2023-09-25,2026-09-24,0,1,0,1,752
close3,MAA,2023-09-25,2026-09-24,0,1,0,1,752
close3,MAR,2023-09-25,2026-09-24,0,1,0,1,752
close3,MAS,2023-09-25,2026-09-24,0,1,0,1,752
close3,MCD,2023-09-25,2026-09-24,0,0,0,0,753
close3,MCHP,2023-09-25,2026-09-24,0,1,0,1,752
close3,MCK,2023-09-25,2026-09-24,0,1,0,1,752
close3,MCO,2023-09-25,2026-09-24,0,1,0,1,752
close3,MDLZ,2023-09-25,2026-09-24,0,1,0,1,752
close3,MDT,2023-09-25,2026-09-24,0,1,0,1,752
close3,MET,2023-09-25,2026-09-24,0,1,0,1,752
close3,META,2023-09-25,2026-09-24,0,0,0,0,753
close3,MGM,2023-09-25,2026-09-24,0,1,0,1,752
close3,MKC,2023-09-25,2026-09-24,0,1,0,1,752
close3,MLM,2023-09-25,2026-09-24,0,1,0,1,752
close3,MMM,2023-09-25,2026-09-24,0,1,0,1,752
close3,MNST,2023-09-25,2026-09-24,0,1,0,1,752
close3,MO,2023-09-25,2026-09-24,0,1,0,1,752
close3,MOS,2023-09-25,2026-09-24,0,1,0,1,752
close3,MPC,2023-09-25,2026-09-24,0,1,0,1,752
close3,MPWR,2023-09-25,2026-09-24,0,1,0,1,752
close3,MRK,2023-09-25,2026-09-24,0,1,0,1,752
close3,MRNA,2023-09-25,2026-09-24,0,0,0,0,753
close3,MRSH,2023-09-25,2026-09-24,0,1,0,1,752
close3,MRVL,2023-09-25,2026-09-24,0,0,0,0,753
close3,MS,2023-09-25,2026-09-24,0,1,0,1,752
close3,MSCI,2023-09-25,2026-09-24,0,1,0,1,752
close3,MSFT,2023-09-25,2026-09-24,0,0,0,0,753
close3,MSI,2023-09-25,2026-09-24,0,1,0,1,752
close3,MTB,2023-09-25,2026-09-24,0,1,0,1,752
close3,MTD,2023-09-25,2026-09-24,0,1,0,1,752
close3,MU,2023-09-25,2026-09-24,0,0,0,0,753
close3,NCLH,2023-09-25,2026-09-24,0,0,0,0,753
close3,NDAQ,2023-09-25,2026-09-24,0,1,0,1,752
close3,NDSN,2023-09-25,2026-09-24,0,1,0,1,752
close3,NEE,2023-09-25,2026-09-24,0,1,0,1,752
close3,NEM,2023-09-25,2026-09-24,0,1,0,1,752
close3,NFLX,2023-09-25,2026-09-24,0,0,0,0,753
close3,NI,2023-09-25,2026-09-24,0,1,0,1,752
close3,NKE,2023-09-25,2026-09-24,0,0,0,0,753
close3,NOC,2023-09-25,2026-09-24,0,1,0,1,752
close3,NOW,2023-09-25,2026-09-24,0,0,0,0,753
close3,NRG,2023-09-25,2026-09-24,0,1,0,1,752
close3,NSC,2023-09-25,2026-09-24,0,1,0,1,752
close3,NTAP,2023-09-25,2026-09-24,0,1,0,1,752
close3,NTRS,2023-09-25,2026-09-24,0,1,0,1,752
close3,NUE,2023-09-25,2026-09-24,0,1,0,1,752
close3,NVDA,2023-09-25,2026-09-24,0,0,0,0,753
close3,NVR,2023-09-25,2026-09-24,0,1,0,1,752
close3,NWS,2023-09-25,2026-09-24,0,1,0,1,752
close3,NWSA,2023-09-25,2026-09-24,0,1,0,1,752
close3,NXPI,2023-09-25,2026-09-24,0,1,0,1,752
close3,O,2023-09-25,2026-09-24,0,1,0,1,752
close3,ODFL,2023-09-25,2026-09-24,0,1,0,1,752
close3,OKE,2023-09-25,2026-09-24,0,1,0,1,752
close3,OMC,2023-09-25,2026-09-24,0,1,0,1,752
close3,ON,2023-09-25,2026-09-24,0,1,0,1,752
close3,ORCL,2023-09-25,2026-09-24,0,0,0,0,753
close3,ORLY,2023-09-25,2026-09-24,0,1,0,1,752
close3,OTIS,2023-09-25,2026-09-24,0,1,0,1,752
close3,OXY,2023-09-25,2026-09-24,0,1,0,1,752
close3,P,2023-09-25,2026-09-24,0,1,0,1,752
close3,PANW,2023-09-25,2026-09-24,0,1,0,1,752
close3,PAYX,2023-09-25,2026-09-24,0,1,0,1,752
close3,PCAR,2023-09-25,2026-09-24,0,1,0,1,752
close3,PCG,2023-09-25,2026-09-24,0,0,0,0,753
close3,PEG,2023-09-25,2026-09-24,0,1,0,1,752
close3,PEP,2023-09-25,2026-09-24,0,1,0,1,752
close3,PFE,2023-09-25,2026-09-24,0,1,0,1,752
close3,PFG,2023-09-25,2026-09-24,0,1,0,1,752
close3,PG,2023-09-25,2026-09-24,0,1,0,1,752
close3,PGR,2023-09-25,2026-09-24,0,1,0,1,752
close3,PH,2023-09-25,2026-09-24,0,1,0,1,752
close3,PHM,2023-09-25,2026-09-24,0,1,0,1,752
close3,PKG,2023-09-25,2026-09-24,0,1,0,1,752
close3,PLD,2023-09-25,2026-09-24,0,1,0,1,752
close3,PLTR,2023-09-25,2026-09-24,0,0,0,0,753
close3,PM,2023-09-25,2026-09-24,0,1,0,1,752
close3,PNC,2023-09-25,2026-09-24,0,1,0,1,752
close3,PNR,2023-09-25,2026-09-24,0,1,0,1,752
close3,PNW,2023-09-25,2026-09-24,0,1,0,1,752
close3,PODD,2023-09-25,2026-09-24,0,1,0,1,752
close3,PPG,2023-09-25,2026-09-24,0,1,0,1,752
close3,PPL,2023-09-25,2026-09-24,0,1,0,1,752
close3,PRU,2023-09-25,2026-09-24,0,1,0,1,752
close3,PSA,2023-09-25,2026-09-24,0,1,0,1,752
close3,PSKY,2023-09-25,2026-09-24,0,0,0,0,753
close3,PSX,2023-09-25,2026-09-24,0,1,0,1,752
close3,PTC,2023-09-25,2026-09-24,0,1,0,1,752
close3,PWR,2023-09-25,2026-09-24,0,1,0,1,752
close3,PYPL,2023-09-25,2026-09-24,0,0,0,0,753
close3,Q,2025-10-27,2026-09-24,524,1,0,1,228
close3,QCOM,2023-09-25,2026-09-24,0,0,0,0,753
close3,RCL,2023-09-25,2026-09-24,0,0,0,0,753
close3,RDDT,2024-03-21,2026-09-24,123,1,0,1,629
close3,REG,2023-09-25,2026-09-24,0,1,0,1,752
close3,REGN,2023-09-25,2026-09-24,0,1,0,1,752
close3,RF,2023-09-25,2026-09-24,0,1,0,1,752
close3,RJF,2023-09-25,2026-09-24,0,1,0,1,752
close3,RL,2023-09-25,2026-09-24,0,1,0,1,752
close3,RMD,2023-09-25,2026-09-24,0,1,0,1,752
close3,ROK,2023-09-25,2026-09-24,0,1,0,1,752
close3,ROL,2023-09-25,2026-09-24,0,1,0,1,752
close3,ROP,2023-09-25,2026-09-24,0,1,0,1,752
close3,ROST,2023-09-25,2026-09-24,0,1,0,1,752
close3,RSG,2023-09-25,2026-09-24,0,1,0,1,752
close3,RTX,2023-09-25,2026-09-24,0,1,0,1,752
close3,RVTY,2023-09-25,2026-09-24,0,1,0,1,752
close3,SBAC,2023-09-25,2026-09-24,0,1,0,1,752
close3,SBUX,2023-09-25,2026-09-24,0,1,0,1,752
close3,SCHW,2023-09-25,2026-09-24,0,0,0,0,753
close3,SHW,2023-09-25,2026-09-24,0,1,0,1,752
close3,SJM,2023-09-25,2026-09-24,0,1,0,1,752
close3,SLB,2023-09-25,2026-09-24,0,1,0,1,752
close3,SMCI,2023-09-25,2026-09-24,0,0,0,0,753
close3,SNA,2023-09-25,2026-09-24,0,1,0,1,752
close3,SNDK,2025-02-13,2026-09-24,348,0,0,0,405
close3,SNPS,2023-09-25,2026-09-24,0,1,0,1,752
close3,SO,2023-09-25,2026-09-24,0,1,0,1,752
close3,SOLV,2024-03-26,2026-09-24,126,1,0,1,626
close3,SPG,2023-09-25,2026-09-24,0,1,0,1,752
close3,SPGI,2023-09-25,2026-09-24,0,1,0,1,752
close3,SRE,2023-09-25,2026-09-24,0,1,0,1,752
close3,STE,2023-09-25,2026-09-24,0,1,0,1,752
close3,STLD,2023-09-25,2026-09-24,0,1,0,1,752
close3,STT,2023-09-25,2026-09-24,0,1,0,1,752
close3,STX,2023-09-25,2026-09-24,0,1,0,1,752
close3,STZ,2023-09-25,2026-09-24,0,1,0,1,752
close3,SW,2023-09-25,2026-09-24,0,1,0,1,752
close3,SWK,2023-09-25,2026-09-24,0,1,0,1,752
close3,SWKS,2023-09-25,2026-09-24,0,1,0,1,752
close3,SYF,2023-09-25,2026-09-24,0,1,0,1,752
close3,SYK,2023-09-25,2026-09-24,0,1,0,1,752
close3,SYY,2023-09-25,2026-09-24,0,1,0,1,752
close3,T,2023-09-25,2026-09-24,0,0,0,0,753
close3,TDG,2023-09-25,2026-09-24,0,1,0,1,752
close3,TDY,2023-09-25,2026-09-24,0,1,0,1,752
close3,TECH,2023-09-25,2026-09-24,0,1,0,1,752
close3,TEL,2023-09-25,2026-09-24,0,1,0,1,752
close3,TER,2023-09-25,2026-09-24,0,1,0,1,752
close3,TFC,2023-09-25,2026-09-24,0,1,0,1,752
close3,TGT,2023-09-25,2026-09-24,0,1,0,1,752
close3,TJX,2023-09-25,2026-09-24,0,1,0,1,752
close3,TKO,2023-09-25,2026-09-24,0,1,0,1,752
close3,TMO,2023-09-25,2026-09-24,0,1,0,1,752
close3,TMUS,2023-09-25,2026-09-24,0,1,0,1,752
close3,TPL,2023-09-25,2026-09-24,0,1,0,1,752
close3,TPR,2023-09-25,2026-09-24,0,1,0,1,752
close3,TRGP,2023-09-25,2026-09-24,0,1,0,1,752
close3,TRMB,2023-09-25,2026-09-24,0,1,0,1,752
close3,TROW,2023-09-25,2026-09-24,0,1,0,1,752
close3,TRV,2023-09-25,2026-09-24,0,1,0,1,752
close3,TSCO,2023-09-25,2026-09-24,0,1,0,1,752
close3,TSLA,2023-09-25,2026-09-24,0,0,0,0,753
close3,TSN,2023-09-25,2026-09-24,0,1,0,1,752
close3,TT,2023-09-25,2026-09-24,0,1,0,1,752
close3,TTWO,2023-09-25,2026-09-24,0,1,0,1,752
close3,TXN,2023-09-25,2026-09-24,0,1,0,1,752
close3,TXT,2023-09-25,2026-09-24,0,1,0,1,752
close3,TYL,2023-09-25,2026-09-24,0,1,0,1,752
close3,UAL,2023-09-25,2026-09-24,0,1,0,1,752
close3,UBER,2023-09-25,2026-09-24,0,0,0,0,753
close3,UDR,2023-09-25,2026-09-24,0,1,0,1,752
close3,UHS,2023-09-25,2026-09-24,0,1,0,1,752
close3,ULTA,2023-09-25,2026-09-24,0,1,0,1,752
close3,UNH,2023-09-25,2026-09-24,0,1,0,1,752
close3,UNP,2023-09-25,2026-09-24,0,1,0,1,752
close3,UPS,2023-09-25,2026-09-24,0,0,0,0,753
close3,URI,2023-09-25,2026-09-24,0,1,0,1,752
close3,USB,2023-09-25,2026-09-24,0,1,0,1,752
close3,V,2023-09-25,2026-09-24,0,1,0,1,752
close3,VEEV,2023-09-25,2026-09-24,0,1,0,1,752
close3,VICI,2023-09-25,2026-09-24,0,1,0,1,752
close3,VLO,2023-09-25,2026-09-24,0,1,0,1,752
close3,VLTO,2023-10-04,2026-09-24,7,1,0,1,745
close3,VMC,2023-09-25,2026-09-24,0,1,0,1,752
close3,VMRK,2023-09-25,2026-09-24,0,1,0,1,752
close3,VRSK,2023-09-25,2026-09-24,0,1,0,1,752
close3,VRSN,2023-09-25,2026-09-24,0,1,0,1,752
close3,VRT,2023-09-25,2026-09-24,0,1,0,1,752
close3,VRTX,2023-09-25,2026-09-24,0,1,0,1,752
close3,VST,2023-09-25,2026-09-24,0,0,0,0,753
close3,VTR,2023-09-25,2026-09-24,0,1,0,1,752
close3,VTRS,2023-09-25,2026-09-24,0,1,0,1,752
close3,VZ,2023-09-25,2026-09-24,0,0,0,0,753
close3,WAB,2023-09-25,2026-09-24,0,1,0,1,752
close3,WAT,2023-09-25,2026-09-24,0,1,0,1,752
close3,WBD,2023-09-25,2026-09-24,0,1,0,1,752
close3,WDAY,2023-09-25,2026-09-24,0,1,0,1,752
close3,WDC,2023-09-25,2026-09-24,0,0,0,0,753
close3,WEC,2023-09-25,2026-09-24,0,1,0,1,752
close3,WELL,2023-09-25,2026-09-24,0,1,0,1,752
close3,WFC,2023-09-25,2026-09-24,0,1,0,1,752
close3,WM,2023-09-25,2026-09-24,0,1,0,1,752
close3,WMB,2023-09-25,2026-09-24,0,1,0,1,752
close3,WMT,2023-09-25,2026-09-24,0,0,0,0,753
close3,WRB,2023-09-25,2026-09-24,0,1,0,1,752
close3,WSM,2023-09-25,2026-09-24,0,1,0,1,752
close3,WST,2023-09-25,2026-09-24,0,1,0,1,752
close3,WTW,2023-09-25,2026-09-24,0,1,0,1,752
close3,WY,2023-09-25,2026-09-24,0,1,0,1,752
close3,WYNN,2023-09-25,2026-09-24,0,1,0,1,752
close3,XEL,2023-09-25,2026-09-24,0,1,0,1,752
close3,XOM,2023-09-25,2026-09-24,0,1,0,1,752
close3,XYL,2023-09-25,2026-09-24,0,1,0,1,752
close3,XYZ,2023-09-25,2026-09-24,0,1,0,1,752
close3,YUM,2023-09-25,2026-09-24,0,1,0,1,752
close3,ZBH,2023-09-25,2026-09-24,0,1,0,1,752
close3,ZBRA,2023-09-25,2026-09-24,0,1,0,1,752
close3,ZTS,2023-09-25,2026-09-24,0,1,0,1,752
close3,^GSPC,2023-09-25,2026-09-24,0,1,0,1,752
