ticker,is_finalist,close10_sep22,close3_sep22,close10_missing_sep22,close3_missing_sep22,filled_sep22_return,filled_sep23_return,vol252_original_ffill,vol252_exclude_gap_intervals_sensitivity,source_date,repair_status
SNDK,False,1887.0400390625,1887.0400390625,False,False,0.0681519853596333,-0.03734424883133258,1.1674897837850762,1.1674897837850762,2026-09-24,UNREPAIRED: no independently corroborated Sep22 close
EXPE,False,,,True,True,0.0,-0.07821500721673091,0.5084934465695432,0.5042131495970117,2026-09-24,UNREPAIRED: no independently corroborated Sep22 close
MU,False,1096.1600341796875,1096.1600341796875,False,False,0.05000198781120946,-0.022150077123588074,0.8153764252423125,0.8153764252423125,2026-09-24,UNREPAIRED: no independently corroborated Sep22 close
NEM,False,,,True,True,0.0,0.004063388765538578,0.4971786099956159,0.499162937471389,2026-09-24,UNREPAIRED: no independently corroborated Sep22 close
STX,False,,,True,True,0.0,0.05303587858085779,0.7513613922060911,0.7528926516730549,2026-09-24,UNREPAIRED: no independently corroborated Sep22 close
BMY,False,,,True,True,0.0,-0.023474887114017018,0.27603221301926656,0.2759797914282686,2026-09-24,UNREPAIRED: no independently corroborated Sep22 close
CNC,False,,,True,True,0.0,-0.044776059830232806,0.4813294418384442,0.4808433470656083,2026-09-24,UNREPAIRED: no independently corroborated Sep22 close
HPE,False,61.029998779296875,61.029998779296875,False,False,-0.011659938796811709,0.02130104993871984,0.5721511224301812,0.5721511224301812,2026-09-24,UNREPAIRED: no independently corroborated Sep22 close
APA,False,,,True,True,0.0,-0.002510856126533345,0.4560608204141372,0.45784624973618104,2026-09-24,UNREPAIRED: no independently corroborated Sep22 close
MPC,False,,,True,True,0.0,-0.0347929813363298,0.34964966231521116,0.3489447167641894,2026-09-24,UNREPAIRED: no independently corroborated Sep22 close
SWK,False,,,True,True,0.0,0.03473163983373295,0.37256562803442544,0.3725232723015728,2026-09-24,UNREPAIRED: no independently corroborated Sep22 close
WDC,False,464.6000061035156,464.6000061035156,False,False,0.036660178466916715,0.019565209251988902,0.804289027369319,0.804289027369319,2026-09-24,UNREPAIRED: no independently corroborated Sep22 close
GM,False,,,True,True,0.0,-0.0021441371258983377,0.3512914082192616,0.35267638222313125,2026-09-24,UNREPAIRED: no independently corroborated Sep22 close
BIIB,False,,,True,True,0.0,0.038617753102813124,0.35174066574699697,0.3512283200786224,2026-09-24,UNREPAIRED: no independently corroborated Sep22 close
VTRS,False,,,True,True,0.0,0.0011696173869881754,0.31882194790398427,0.3200843898445683,2026-09-24,UNREPAIRED: no independently corroborated Sep22 close
MMM,False,,,True,True,0.0,0.03230891550957815,0.2634792925996846,0.2625827772642257,2026-09-24,UNREPAIRED: no independently corroborated Sep22 close
CPAY,True,,,True,True,0.0,-0.005186036836672736,0.3684938500849455,0.36990760428240493,2026-09-24,UNREPAIRED: no independently corroborated Sep22 close
NVDA,True,228.8699951171875,228.8699951171875,False,False,0.006552863938686704,-0.014680826154739757,0.37722869111267043,0.37722869111267043,2026-09-24,UNREPAIRED: no independently corroborated Sep22 close
INCY,False,,,True,True,0.0,-8.02417658084531e-05,0.33140216973217185,0.33272060267145454,2026-09-24,UNREPAIRED: no independently corroborated Sep22 close
NTAP,True,,,True,True,0.0,-0.009184921127882939,0.44284241005883057,0.4444601627347857,2026-09-24,UNREPAIRED: no independently corroborated Sep22 close
IVZ,False,,,True,True,0.0,-0.02039513724552955,0.3424586347602927,0.34311141081922997,2026-09-24,UNREPAIRED: no independently corroborated Sep22 close
PFE,False,,,True,True,0.0,0.015861591120693852,0.23275648031449747,0.23320821669958333,2026-09-24,UNREPAIRED: no independently corroborated Sep22 close
VLO,False,,,True,True,0.0,-0.044320678319482165,0.36896771315735954,0.3672683032964001,2026-09-24,UNREPAIRED: no independently corroborated Sep22 close
MRK,False,,,True,True,0.0,-0.009498315511339839,0.303888528144039,0.30484409178116056,2026-09-24,UNREPAIRED: no independently corroborated Sep22 close
KEYS,False,,,True,True,0.0,0.033125710062574365,0.4476964003347682,0.4484641084255902,2026-09-24,UNREPAIRED: no independently corroborated Sep22 close
IT,False,,,True,True,0.0,-0.02618373805358054,0.5626762015850475,0.5643520099325586,2026-09-24,UNREPAIRED: no independently corroborated Sep22 close
AIZ,True,,,True,True,0.0,-0.03752975513324186,0.2242190718646084,0.22174160002350896,2026-09-24,UNREPAIRED: no independently corroborated Sep22 close
ADI,False,,,True,True,0.0,0.005822482993023792,0.361176033772866,0.3625978931341055,2026-09-24,UNREPAIRED: no independently corroborated Sep22 close
AMGN,False,,,True,True,0.0,0.03288735516162422,0.29527681416718266,0.29478049780229476,2026-09-24,UNREPAIRED: no independently corroborated Sep22 close
KDP,False,,,True,True,0.0,0.037230547302525174,0.2695032828349898,0.2680901789482273,2026-09-24,UNREPAIRED: no independently corroborated Sep22 close
TRV,False,,,True,True,0.0,-0.028938620141387483,0.20954308008073158,0.20817001552145958,2026-09-24,UNREPAIRED: no independently corroborated Sep22 close
WDAY,False,,,True,True,0.0,0.002396867018841009,0.5392986549487349,0.5414530070755788,2026-09-24,UNREPAIRED: no independently corroborated Sep22 close
HUM,False,,,True,True,0.0,-0.01003747669646926,0.46996032321162506,0.4716821421996893,2026-09-24,UNREPAIRED: no independently corroborated Sep22 close
GEN,False,,,True,True,0.0,-0.10017153051479766,0.388848846030235,0.3772642450543261,2026-09-24,UNREPAIRED: no independently corroborated Sep22 close
ALL,False,,,True,True,0.0,-0.07082268345967002,0.25636640975325,0.24713001589823821,2026-09-24,UNREPAIRED: no independently corroborated Sep22 close
ANET,False,,,True,True,0.0,-0.00949273179643606,0.5406448947049786,0.5426844312312502,2026-09-24,UNREPAIRED: no independently corroborated Sep22 close
DAL,False,,,True,True,0.0,-0.009090909090909038,0.3912156675128643,0.3926289771109698,2026-09-24,UNREPAIRED: no independently corroborated Sep22 close
HST,False,,,True,True,0.0,-0.007171665228247082,0.24705788077226642,0.2478934760651919,2026-09-24,UNREPAIRED: no independently corroborated Sep22 close
ABBV,False,,,True,True,0.0,0.0022685101369286365,0.2636326643339451,0.26468426518756993,2026-09-24,UNREPAIRED: no independently corroborated Sep22 close
BE,False,276.5299987792969,276.5299987792969,False,False,0.013338649036128247,-0.0048457539645095915,1.1382885481689533,1.1382885481689533,2026-09-24,UNREPAIRED: no independently corroborated Sep22 close
GPN,False,,,True,True,0.0,-0.015124878669012798,0.4060658678919842,0.40739520926495204,2026-09-24,UNREPAIRED: no independently corroborated Sep22 close
FCX,False,,,True,True,0.0,0.005820373442772642,0.5126271024344008,0.5146645815690702,2026-09-24,UNREPAIRED: no independently corroborated Sep22 close
GILD,False,,,True,True,0.0,0.005379898855793597,0.26454893364914456,0.2655742833060515,2026-09-24,UNREPAIRED: no independently corroborated Sep22 close
MO,False,,,True,True,0.0,0.006128676148060785,0.25788723400692365,0.25886081110748643,2026-09-24,UNREPAIRED: no independently corroborated Sep22 close
BBY,False,,,True,True,0.0,-0.025960074418105217,0.3854798839301613,0.38604040337219214,2026-09-24,UNREPAIRED: no independently corroborated Sep22 close
JBHT,False,,,True,True,0.0,-0.006520698217693077,0.40715972912142084,0.4086812798630935,2026-09-24,UNREPAIRED: no independently corroborated Sep22 close
FIX,False,,,True,True,0.0,-0.004097747472610824,0.5666013514944207,0.5688100744571175,2026-09-24,UNREPAIRED: no independently corroborated Sep22 close
FTNT,False,,,True,True,0.0,0.020030872859705173,0.42232558988558894,0.42366963169649346,2026-09-24,UNREPAIRED: no independently corroborated Sep22 close
CAH,False,,,True,True,0.0,-0.01984494231468026,0.29648600793977176,0.2968789991260283,2026-09-24,UNREPAIRED: no independently corroborated Sep22 close
EMR,False,,,True,True,0.0,0.01891639265816103,0.31900617543513515,0.31977089102932954,2026-09-24,UNREPAIRED: no independently corroborated Sep22 close
HPQ,False,,,True,True,0.0,-0.023975748019280707,0.4593525005246492,0.46050722778841535,2026-09-24,UNREPAIRED: no independently corroborated Sep22 close
DVA,False,,,True,True,0.0,0.004387424963392839,0.4569846533643487,0.4588045254754439,2026-09-24,UNREPAIRED: no independently corroborated Sep22 close
AMD,False,623.77001953125,623.77001953125,False,False,0.013403300848415567,-0.014684954218497137,0.7273449406638821,0.7273449406638821,2026-09-24,UNREPAIRED: no independently corroborated Sep22 close
LITE,False,945.6699829101562,945.6699829101562,False,False,-0.009240544599166456,-0.009168085132062354,0.9779308310439179,0.9779308310439179,2026-09-24,UNREPAIRED: no independently corroborated Sep22 close
DD,False,,,True,True,0.0,0.00839827146208938,0.3095069622100542,0.3106646151046683,2026-09-24,UNREPAIRED: no independently corroborated Sep22 close
FLEX,False,,,True,True,0.0,0.006182263575243319,0.6905322205147381,0.693285787878851,2026-09-24,UNREPAIRED: no independently corroborated Sep22 close
JBL,False,,,True,True,0.0,0.0167286407865046,0.4633835143095691,0.46498664092781417,2026-09-24,UNREPAIRED: no independently corroborated Sep22 close
SJM,False,,,True,True,0.0,0.021104491713852314,0.28503786628009803,0.2854459331490478,2026-09-24,UNREPAIRED: no independently corroborated Sep22 close
HAS,False,,,True,True,0.0,-0.013679942555147817,0.3030028125171217,0.3038607078121198,2026-09-24,UNREPAIRED: no independently corroborated Sep22 close
TROW,False,,,True,True,0.0,-0.0005734259788656715,0.24067879881674797,0.24164163038219014,2026-09-24,UNREPAIRED: no independently corroborated Sep22 close
AMP,True,,,True,True,0.0,-0.061468610391699596,0.2631503742747253,0.25680808850905257,2026-09-24,UNREPAIRED: no independently corroborated Sep22 close
ON,False,,,True,True,0.0,0.03318456794352298,0.6305227043667415,0.632279158377175,2026-09-24,UNREPAIRED: no independently corroborated Sep22 close
ADP,False,,,True,True,0.0,-0.02319037456104278,0.27466591197040097,0.27478391459094176,2026-09-24,UNREPAIRED: no independently corroborated Sep22 close
PRU,False,,,True,True,0.0,-0.007930502413625584,0.22379431230946156,0.22451449580217822,2026-09-24,UNREPAIRED: no independently corroborated Sep22 close
FANG,False,,,True,True,0.0,-0.019126170519684793,0.32689862953218557,0.3275501034024768,2026-09-24,UNREPAIRED: no independently corroborated Sep22 close
LLY,False,,,True,True,0.0,-0.011932477950081455,0.3583080791219912,0.359459529203081,2026-09-24,UNREPAIRED: no independently corroborated Sep22 close
AMAT,False,472.4599914550781,472.4599914550781,False,False,0.017706361781873126,0.004063864586334898,0.5975199321675206,0.5975199321675206,2026-09-24,UNREPAIRED: no independently corroborated Sep22 close
BDX,False,,,True,True,0.0,0.01007198314862201,0.26005841164693977,0.26093960260527627,2026-09-24,UNREPAIRED: no independently corroborated Sep22 close
UPS,False,95.87000274658203,95.87000274658203,False,False,0.011820609462607212,-0.0005215714021620244,0.3007951245155919,0.3007951245155919,2026-09-24,UNREPAIRED: no independently corroborated Sep22 close
STT,False,,,True,True,0.0,-0.02413230529031507,0.25019611716227863,0.24979340001649925,2026-09-24,UNREPAIRED: no independently corroborated Sep22 close
PAYX,True,,,True,True,0.0,-0.09147034237943841,0.297190043620669,0.28397701846157936,2026-09-24,UNREPAIRED: no independently corroborated Sep22 close
IEX,False,,,True,True,0.0,0.03208555893055043,0.221530202917969,0.2202780002914812,2026-09-24,UNREPAIRED: no independently corroborated Sep22 close
CRM,False,,,True,True,0.0,0.004906537818684997,0.4745338159832085,0.4764136073013404,2026-09-24,UNREPAIRED: no independently corroborated Sep22 close
MRVL,False,262.3599853515625,262.3599853515625,False,False,0.01934874650040297,-0.005564840435258178,0.7944880053515984,0.7944880053515984,2026-09-24,UNREPAIRED: no independently corroborated Sep22 close
PYPL,False,52.88999938964844,52.88999938964844,False,False,0.00513113765192541,-0.007184743287964701,0.4401278635336351,0.4401278635336351,2026-09-24,UNREPAIRED: no independently corroborated Sep22 close
GDDY,False,,,True,True,0.0,-0.08008017236300713,0.4880114556687119,0.4834236921494924,2026-09-24,UNREPAIRED: no independently corroborated Sep22 close
CVS,False,,,True,True,0.0,-0.019862989658425256,0.3093207468784517,0.3098644316803389,2026-09-24,UNREPAIRED: no independently corroborated Sep22 close
REGN,False,,,True,True,0.0,0.004572991332941756,0.33244729237682286,0.33376236645320456,2026-09-24,UNREPAIRED: no independently corroborated Sep22 close
PSX,False,,,True,True,0.0,-0.020133673404668095,0.31413118019127495,0.31451729787121724,2026-09-24,UNREPAIRED: no independently corroborated Sep22 close
USB,False,,,True,True,0.0,-0.032428840652000246,0.22501671004054957,0.22340048218097813,2026-09-24,UNREPAIRED: no independently corroborated Sep22 close
BAX,False,,,True,True,0.0,0.024422130767088435,0.431737750148046,0.43279623599877787,2026-09-24,UNREPAIRED: no independently corroborated Sep22 close
FFIV,False,,,True,True,0.0,0.013085945458762627,0.3641831778315449,0.3654541407721701,2026-09-24,UNREPAIRED: no independently corroborated Sep22 close
TER,False,,,True,True,0.0,0.019919290069997597,0.7654730658715819,0.7683825500329312,2026-09-24,UNREPAIRED: no independently corroborated Sep22 close
CSCO,False,106.44000244140625,106.44000244140625,False,False,-0.04503854911448435,-9.396971064501436e-05,0.3447667934226964,0.3447667934226964,2026-09-24,UNREPAIRED: no independently corroborated Sep22 close
UNH,False,,,True,True,0.0,-0.016606603067632508,0.34402378550482654,0.34496368697269575,2026-09-24,UNREPAIRED: no independently corroborated Sep22 close
PLTR,False,184.99000549316406,184.99000549316406,False,False,0.010377460228722768,0.036758676636830634,0.6057873356555061,0.6057873356555061,2026-09-24,UNREPAIRED: no independently corroborated Sep22 close
EOG,False,,,True,True,0.0,0.0032535821133929943,0.2880224097525927,0.28916670874975026,2026-09-24,UNREPAIRED: no independently corroborated Sep22 close
EXPD,False,,,True,True,0.0,-0.021441557366934094,0.3093930682410113,0.3097355316074278,2026-09-24,UNREPAIRED: no independently corroborated Sep22 close
ELV,False,,,True,True,0.0,-0.026263712257507454,0.3511512734879673,0.3514718895553318,2026-09-24,UNREPAIRED: no independently corroborated Sep22 close
NDSN,False,,,True,True,0.0,0.022490877006347443,0.22091108936958007,0.22078809040342443,2026-09-24,UNREPAIRED: no independently corroborated Sep22 close
CF,False,,,True,True,0.0,-0.021335258579046168,0.4350390990945309,0.43616302878350055,2026-09-24,UNREPAIRED: no independently corroborated Sep22 close
ZBRA,False,,,True,True,0.0,0.05751907674843926,0.4977764265143788,0.4965208460902569,2026-09-24,UNREPAIRED: no independently corroborated Sep22 close
UNP,False,,,True,True,0.0,0.021881815041499664,0.2258985313546863,0.2258154195847815,2026-09-24,UNREPAIRED: no independently corroborated Sep22 close
TPR,False,,,True,True,0.0,-0.022640820425428365,0.4123382391392361,0.41334690824833925,2026-09-24,UNREPAIRED: no independently corroborated Sep22 close
MS,False,,,True,True,0.0,-0.037502405931769234,0.2855363147302631,0.2840329250077853,2026-09-24,UNREPAIRED: no independently corroborated Sep22 close
SOLV,False,,,True,True,0.0,-0.005290337805970213,0.29725934536504056,0.2983835591286085,2026-09-24,UNREPAIRED: no independently corroborated Sep22 close
ABNB,True,,,True,True,0.0,-0.10345237884014546,0.3616748740742025,0.34750269729013505,2026-09-24,UNREPAIRED: no independently corroborated Sep22 close
FDX,False,,,True,True,0.0,-0.014503561381351893,0.287809724367158,0.2884894631968796,2026-09-24,UNREPAIRED: no independently corroborated Sep22 close
WSM,False,,,True,True,0.0,0.002949454825427411,0.3352425305671442,0.336578276290623,2026-09-24,UNREPAIRED: no independently corroborated Sep22 close
LRCX,False,310.6300048828125,310.6300048828125,False,False,0.028715056697592667,-0.010784554134683266,0.6485424211898234,0.6485424211898234,2026-09-24,UNREPAIRED: no independently corroborated Sep22 close
TXN,False,,,True,True,0.0,0.0064606639035189595,0.4246099701523843,0.4262835640702404,2026-09-24,UNREPAIRED: no independently corroborated Sep22 close
VRT,False,,,True,True,0.0,-0.008291484596962273,0.6590485050797605,0.6615847318509571,2026-09-24,UNREPAIRED: no independently corroborated Sep22 close
APH,False,,,True,True,0.0,0.019790324418946792,0.45563471045007004,0.45708920001563175,2026-09-24,UNREPAIRED: no independently corroborated Sep22 close
SNA,True,,,True,True,0.0,0.0013522650439485862,0.1951561604808223,0.1959358119753375,2026-09-24,UNREPAIRED: no independently corroborated Sep22 close
ACGL,False,,,True,True,0.0,-0.006473116778964894,0.20832931379455003,0.20905014985652948,2026-09-24,UNREPAIRED: no independently corroborated Sep22 close
JCI,False,,,True,True,0.0,0.004959369451898565,0.30172187220430596,0.3029065892802701,2026-09-24,UNREPAIRED: no independently corroborated Sep22 close
EIX,False,,,True,True,0.0,-0.026205685558014502,0.3665696517919094,0.36706816457525876,2026-09-24,UNREPAIRED: no independently corroborated Sep22 close
IQV,False,,,True,True,0.0,-0.00748488029754979,0.411370478341698,0.41290694472114114,2026-09-24,UNREPAIRED: no independently corroborated Sep22 close
GS,False,,,True,True,0.0,-0.02400486657693035,0.32162113714220764,0.32193789737412243,2026-09-24,UNREPAIRED: no independently corroborated Sep22 close
NUE,False,,,True,True,0.0,0.018894397468551816,0.3193791070264944,0.3202307506654651,2026-09-24,UNREPAIRED: no independently corroborated Sep22 close
MCHP,False,,,True,True,0.0,0.010029419794636896,0.5007344507240766,0.5026606371484214,2026-09-24,UNREPAIRED: no independently corroborated Sep22 close
CRWD,False,,,True,True,0.0,0.05269694729987062,0.5478009581058338,0.5477558801468403,2026-09-24,UNREPAIRED: no independently corroborated Sep22 close
C,False,,,True,True,0.0,-0.02310263091797804,0.29418142630345034,0.2943362255545592,2026-09-24,UNREPAIRED: no independently corroborated Sep22 close
ADBE,False,238.25,238.25,False,False,-0.04516673645193903,0.010241353374212947,0.40807078974782274,0.40807078974782274,2026-09-24,UNREPAIRED: no independently corroborated Sep22 close
EBAY,False,,,True,True,0.0,0.00729448997111537,0.3596780349978006,0.36106230856426974,2026-09-24,UNREPAIRED: no independently corroborated Sep22 close
EL,False,,,True,True,0.0,0.02584602021813387,0.4855533385804986,0.4868478293093275,2026-09-24,UNREPAIRED: no independently corroborated Sep22 close
ILMN,False,,,True,True,0.0,0.06934091387122399,0.49814631380160257,0.49583578034338904,2026-09-24,UNREPAIRED: no independently corroborated Sep22 close
NXPI,False,,,True,True,0.0,0.013037299305334704,0.49521141128655305,0.49703819829447093,2026-09-24,UNREPAIRED: no independently corroborated Sep22 close
RVTY,False,,,True,True,0.0,-0.010307094959849383,0.39239954347046363,0.3937501557254404,2026-09-24,UNREPAIRED: no independently corroborated Sep22 close
RL,True,,,True,True,0.0,-0.006915443625641227,0.3503301321510068,0.35164786311247576,2026-09-24,UNREPAIRED: no independently corroborated Sep22 close
DDOG,False,,,True,True,0.0,0.02628036058439065,0.6989851644385972,0.7013999953032719,2026-09-24,UNREPAIRED: no independently corroborated Sep22 close
CSX,False,,,True,True,0.0,0.026092561523085145,0.2231598268318471,0.22266588423668457,2026-09-24,UNREPAIRED: no independently corroborated Sep22 close
FTV,False,,,True,True,0.0,0.02123794092765774,0.2678774395717202,0.2681519928936289,2026-09-24,UNREPAIRED: no independently corroborated Sep22 close
BNY,False,,,True,True,0.0,-0.028461920203939672,0.21655621820856438,0.2153175790340234,2026-09-24,UNREPAIRED: no independently corroborated Sep22 close
KHC,False,,,True,True,0.0,-0.02379974984540456,0.26815950666539945,0.26816513519987256,2026-09-24,UNREPAIRED: no independently corroborated Sep22 close
VZ,False,46.45000076293945,46.45000076293945,False,False,-0.02579697009991022,0.001506990175984324,0.25502561243271027,0.25502561243271027,2026-09-24,UNREPAIRED: no independently corroborated Sep22 close
STLD,False,,,True,True,0.0,0.018696411540789937,0.3619993087027676,0.3630736009498234,2026-09-24,UNREPAIRED: no independently corroborated Sep22 close
FDS,False,,,True,True,0.0,-0.01643792089899776,0.46570774797010867,0.46727130254092514,2026-09-24,UNREPAIRED: no independently corroborated Sep22 close
PFG,False,,,True,True,0.0,-0.02189407594257442,0.22817296929098327,0.2278613989555275,2026-09-24,UNREPAIRED: no independently corroborated Sep22 close
FITB,False,,,True,True,0.0,-0.030388345617144763,0.26513011819984944,0.2643291330287801,2026-09-24,UNREPAIRED: no independently corroborated Sep22 close
DLTR,False,,,True,True,0.0,0.00738895947231466,0.4171312382232611,0.4187531915666572,2026-09-24,UNREPAIRED: no independently corroborated Sep22 close
KLAC,False,,,True,True,0.0,0.02114474840374503,0.6052726928219727,0.6074153161956304,2026-09-24,UNREPAIRED: no independently corroborated Sep22 close
DXCM,False,,,True,True,0.0,-0.016148871162736222,0.39561107817976826,0.39680475326991493,2026-09-24,UNREPAIRED: no independently corroborated Sep22 close
UAL,False,,,True,True,0.0,-0.03208320822211164,0.4832253353580693,0.48403342027463414,2026-09-24,UNREPAIRED: no independently corroborated Sep22 close
ZBH,False,,,True,True,0.0,-0.036471612092202066,0.32321940294138746,0.3224473179484293,2026-09-24,UNREPAIRED: no independently corroborated Sep22 close
BKNG,False,164.22000122070312,164.22000122070312,False,False,-0.025516276659984127,-0.05066378798181281,0.3766937893707578,0.3766937893707578,2026-09-24,UNREPAIRED: no independently corroborated Sep22 close
BKR,False,,,True,True,0.0,0.0034583597079325124,0.3305906524521373,0.33190446041483684,2026-09-24,UNREPAIRED: no independently corroborated Sep22 close
AIG,False,,,True,True,0.0,0.013952252518831143,0.24026194859996208,0.24082118461123272,2026-09-24,UNREPAIRED: no independently corroborated Sep22 close
MAS,False,,,True,True,0.0,0.00620026294043452,0.3496146847917131,0.35096154813652125,2026-09-24,UNREPAIRED: no independently corroborated Sep22 close
P,False,,,True,True,0.0,-0.03528067928056278,0.685878730326639,0.6875840226979535,2026-09-24,UNREPAIRED: no independently corroborated Sep22 close
DOC,False,,,True,True,0.0,-0.011583000920443065,0.29196758738390555,0.2928750039786282,2026-09-24,UNREPAIRED: no independently corroborated Sep22 close
CRL,False,,,True,True,0.0,-0.006021372476100906,0.45775743735939656,0.4594896890599893,2026-09-24,UNREPAIRED: no independently corroborated Sep22 close
ROK,False,,,True,True,0.0,0.018828401996265676,0.30838454880045985,0.30910640040677384,2026-09-24,UNREPAIRED: no independently corroborated Sep22 close
BR,False,,,True,True,0.0,-0.007107266453946992,0.2900224388799668,0.2911226356137995,2026-09-24,UNREPAIRED: no independently corroborated Sep22 close
DECK,False,,,True,True,0.0,-0.02044131809077432,0.4506627107362771,0.45204359147902046,2026-09-24,UNREPAIRED: no independently corroborated Sep22 close
AME,True,,,True,True,0.0,0.021639105058057995,0.23696928473058834,0.2370274396023095,2026-09-24,UNREPAIRED: no independently corroborated Sep22 close
KVUE,False,,,True,True,0.0,0.0,0.2965257357362779,0.29771339066083535,2026-09-24,UNREPAIRED: no independently corroborated Sep22 close
URI,False,,,True,True,0.0,0.002009812607523642,0.4305947056834096,0.43231788895849427,2026-09-24,UNREPAIRED: no independently corroborated Sep22 close
INTC,False,123.86000061035156,123.86000061035156,False,False,0.017079995499296174,-0.010172792911525064,0.7763466978034541,0.7763466978034541,2026-09-24,UNREPAIRED: no independently corroborated Sep22 close
FOXA,False,,,True,True,0.0,-0.012810647003028142,0.3512714731409215,0.35242647901741253,2026-09-24,UNREPAIRED: no independently corroborated Sep22 close
RDDT,False,,,True,True,0.0,-0.04252504366966914,0.7107683116685839,0.7123730671680291,2026-09-24,UNREPAIRED: no independently corroborated Sep22 close
TGT,False,,,True,True,0.0,-0.009194167429477096,0.3069908124771113,0.30797719240713445,2026-09-24,UNREPAIRED: no independently corroborated Sep22 close
COP,False,,,True,True,0.0,0.004391104555429903,0.30930347672260966,0.31052630942382564,2026-09-24,UNREPAIRED: no independently corroborated Sep22 close
DELL,False,548.9199829101562,548.9199829101562,False,False,-0.04587094742039444,0.0016578630911974201,0.7537103414115256,0.7537103414115256,2026-09-24,UNREPAIRED: no independently corroborated Sep22 close
ALGN,False,,,True,True,0.0,0.008782633736716061,0.3918884622527904,0.39337579859061556,2026-09-24,UNREPAIRED: no independently corroborated Sep22 close
GL,False,,,True,True,0.0,-0.01980717698404577,0.20197435200027075,0.2017324622656267,2026-09-24,UNREPAIRED: no independently corroborated Sep22 close
CFG,False,,,True,True,0.0,-0.04082541530703898,0.2697762217594436,0.2675457959088049,2026-09-24,UNREPAIRED: no independently corroborated Sep22 close
PNC,False,,,True,True,0.0,-0.03952840823452575,0.22097340731555404,0.21814170464875857,2026-09-24,UNREPAIRED: no independently corroborated Sep22 close
EG,False,,,True,True,0.0,0.007958345019126067,0.24160065978295828,0.24245397967485643,2026-09-24,UNREPAIRED: no independently corroborated Sep22 close
HOOD,False,124.25,124.25,False,False,0.007704760135678335,-0.01247487365599853,0.7301035170420802,0.7301035170420802,2026-09-24,UNREPAIRED: no independently corroborated Sep22 close
HSIC,False,,,True,True,0.0,-0.001760491805832931,0.2547549197841824,0.2557593056597374,2026-09-24,UNREPAIRED: no independently corroborated Sep22 close
KIM,False,,,True,True,0.0,-0.014640719505355282,0.17793095895323463,0.17800687368051027,2026-09-24,UNREPAIRED: no independently corroborated Sep22 close
VRSN,False,,,True,True,0.0,-0.04834834918099251,0.29301584712427176,0.2900755295969229,2026-09-24,UNREPAIRED: no independently corroborated Sep22 close
BEN,False,,,True,True,0.0,-0.02764566950206182,0.2821278360458086,0.2817185928426097,2026-09-24,UNREPAIRED: no independently corroborated Sep22 close
ALB,False,,,True,True,0.0,0.004870732028660951,0.5795080971913285,0.5818199653612764,2026-09-24,UNREPAIRED: no independently corroborated Sep22 close
AMCR,False,,,True,True,0.0,0.015421060205242476,0.31215877877721226,0.31305244192352505,2026-09-24,UNREPAIRED: no independently corroborated Sep22 close
WST,False,,,True,True,0.0,0.03894631097747947,0.3378459941789266,0.3371248247626645,2026-09-24,UNREPAIRED: no independently corroborated Sep22 close
GNRC,False,,,True,True,0.0,-0.02702970513001568,0.5698628988473579,0.5714315947199374,2026-09-24,UNREPAIRED: no independently corroborated Sep22 close
NWSA,False,,,True,True,0.0,-0.053198649263256126,0.27095483660466796,0.2667259005685538,2026-09-24,UNREPAIRED: no independently corroborated Sep22 close
BXP,False,,,True,True,0.0,-0.027600135956220906,0.27190282945807187,0.2716202033513315,2026-09-24,UNREPAIRED: no independently corroborated Sep22 close
MPWR,False,,,True,True,0.0,0.060883721841201055,0.5444071170831362,0.543366569970834,2026-09-24,UNREPAIRED: no independently corroborated Sep22 close
OMC,False,,,True,True,0.0,-0.0013229061908416329,0.3622871215345684,0.363735175220538,2026-09-24,UNREPAIRED: no independently corroborated Sep22 close
VLTO,False,,,True,True,0.0,0.007354454150008349,0.2295437823268957,0.23033657103902128,2026-09-24,UNREPAIRED: no independently corroborated Sep22 close
BAC,False,56.20000076293945,56.20000076293945,False,False,-0.03036574101680245,-0.0035587323883337074,0.22088638813571299,0.22088638813571299,2026-09-24,UNREPAIRED: no independently corroborated Sep22 close
SCHW,False,100.3499984741211,100.3499984741211,False,False,-0.06109654703502576,-0.008470338685060308,0.254145147137956,0.254145147137956,2026-09-24,UNREPAIRED: no independently corroborated Sep22 close
BLK,False,,,True,True,0.0,-0.026947457378901585,0.2749982336532876,0.2747586146742274,2026-09-24,UNREPAIRED: no independently corroborated Sep22 close
MSFT,True,498.0,498.0,False,False,-0.007196797226898033,0.005200795859218177,0.3248179347252996,0.3248179347252996,2026-09-24,UNREPAIRED: no independently corroborated Sep22 close
EXR,False,,,True,True,0.0,-0.026335007996266646,0.22698900926250037,0.22633554547923826,2026-09-24,UNREPAIRED: no independently corroborated Sep22 close
COHR,False,310.3900146484375,310.3900146484375,False,False,-0.03461674155743111,-0.031540990634027044,0.857823115575517,0.857823115575517,2026-09-24,UNREPAIRED: no independently corroborated Sep22 close
AVY,False,,,True,True,0.0,0.019665752052475227,0.25613935327645415,0.2564279673145729,2026-09-24,UNREPAIRED: no independently corroborated Sep22 close
HIG,True,,,True,True,0.0,-0.0316683203927951,0.19634590840589214,0.194538044279245,2026-09-24,UNREPAIRED: no independently corroborated Sep22 close
HAL,False,,,True,True,0.0,-0.011380685087195364,0.35210587741480087,0.3532745948922055,2026-09-24,UNREPAIRED: no independently corroborated Sep22 close
VEEV,False,,,True,True,0.0,0.0361256841667128,0.4276403632520509,0.4278328499523252,2026-09-24,UNREPAIRED: no independently corroborated Sep22 close
AVGO,False,364.5400085449219,364.5400085449219,False,False,0.005183932233575161,-0.026197449077444812,0.464504201703922,0.464504201703922,2026-09-24,UNREPAIRED: no independently corroborated Sep22 close
SYF,False,,,True,True,0.0,-0.05773335774739585,0.32021277590014896,0.3161667956992047,2026-09-24,UNREPAIRED: no independently corroborated Sep22 close
IBKR,True,,,True,True,0.0,-0.017701979852865035,0.3959455396640428,0.39705355351841265,2026-09-24,UNREPAIRED: no independently corroborated Sep22 close
ITW,False,,,True,True,0.0,0.022054518003740586,0.21470078567593753,0.21444804636436568,2026-09-24,UNREPAIRED: no independently corroborated Sep22 close
STZ,False,,,True,True,0.0,-0.015372917511674133,0.3034134562540044,0.3042488975411532,2026-09-24,UNREPAIRED: no independently corroborated Sep22 close
GRMN,False,,,True,True,0.0,0.02593553236413637,0.34410594870013744,0.3445795239548679,2026-09-24,UNREPAIRED: no independently corroborated Sep22 close
PLD,False,,,True,True,0.0,-0.01369459954387664,0.21262377626406276,0.21297123547737618,2026-09-24,UNREPAIRED: no independently corroborated Sep22 close
CTSH,False,,,True,True,0.0,-0.0040417930978392524,0.41131021980916377,0.4129409740615983,2026-09-24,UNREPAIRED: no independently corroborated Sep22 close
DGX,False,,,True,True,0.0,-0.048513576633166466,0.24490460448652746,0.24073859631078456,2026-09-24,UNREPAIRED: no independently corroborated Sep22 close
V,False,,,True,True,0.0,-0.02278692503094648,0.2206114366610598,0.22025233932450197,2026-09-24,UNREPAIRED: no independently corroborated Sep22 close
CB,False,,,True,True,0.0,-0.006078450605429109,0.19429449735016996,0.19494498541530433,2026-09-24,UNREPAIRED: no independently corroborated Sep22 close
MRNA,False,182.55999755859375,182.55999755859375,False,False,0.05562619973043459,-0.0024649263489268103,1.9254590898884625,1.9254590898884625,2026-09-24,UNREPAIRED: no independently corroborated Sep22 close
PHM,False,,,True,True,0.0,-0.002185442830652251,0.32789568588326784,0.32920338878616046,2026-09-24,UNREPAIRED: no independently corroborated Sep22 close
ALLE,True,,,True,True,0.0,0.018036441044731122,0.27292915327171663,0.27339112557040246,2026-09-24,UNREPAIRED: no independently corroborated Sep22 close
KO,False,,,True,True,0.0,0.011133994039579598,0.18703249439899236,0.18751493605916167,2026-09-24,UNREPAIRED: no independently corroborated Sep22 close
PSA,False,,,True,True,0.0,-0.03350524822700873,0.23183122190484526,0.2302523162251407,2026-09-24,UNREPAIRED: no independently corroborated Sep22 close
OXY,False,,,True,True,0.0,0.0019214080410754342,0.3550517468675701,0.35647200009005897,2026-09-24,UNREPAIRED: no independently corroborated Sep22 close
SMCI,False,41.540000915527344,41.540000915527344,False,False,0.008252430735237626,-0.0024073732935566694,0.9249241933032795,0.9249241933032795,2026-09-24,UNREPAIRED: no independently corroborated Sep22 close
T,False,25.100000381469727,25.100000381469727,False,False,-0.01375247037239391,0.007968081774949676,0.25398678556766874,0.25398678556766874,2026-09-24,UNREPAIRED: no independently corroborated Sep22 close
WAB,False,,,True,True,0.0,0.03119484856225574,0.26130228690581164,0.2606591189859675,2026-09-24,UNREPAIRED: no independently corroborated Sep22 close
CVX,False,,,True,True,0.0,0.009034204126443512,0.23821741050990897,0.2390424100908647,2026-09-24,UNREPAIRED: no independently corroborated Sep22 close
CDW,False,,,True,True,0.0,-0.0017075335957026372,0.4608004271972775,0.46264463357737556,2026-09-24,UNREPAIRED: no independently corroborated Sep22 close
CDNS,False,,,True,True,0.0,0.048118015378417534,0.4036822356092593,0.40236427309396366,2026-09-24,UNREPAIRED: no independently corroborated Sep22 close
SW,False,,,True,True,0.0,0.023783348044125407,0.4449249613997445,0.44610134417825104,2026-09-24,UNREPAIRED: no independently corroborated Sep22 close
MTB,False,,,True,True,0.0,-0.032516763590497266,0.2193965321770222,0.217738521203834,2026-09-24,UNREPAIRED: no independently corroborated Sep22 close
ADSK,False,,,True,True,0.0,-0.007767933103127955,0.38010407099665505,0.38157127562411247,2026-09-24,UNREPAIRED: no independently corroborated Sep22 close
DOV,False,,,True,True,0.0,0.015798820459257623,0.2605739991036516,0.26116842816095875,2026-09-24,UNREPAIRED: no independently corroborated Sep22 close
MET,False,,,True,True,0.0,0.005794676760456641,0.23483454491715078,0.23572383105442626,2026-09-24,UNREPAIRED: no independently corroborated Sep22 close
PH,False,,,True,True,0.0,0.013609317026290757,0.264555156423399,0.2653164635147463,2026-09-24,UNREPAIRED: no independently corroborated Sep22 close
CI,False,,,True,True,0.0,-0.022589034063674518,0.3285011325714049,0.3290337488277926,2026-09-24,UNREPAIRED: no independently corroborated Sep22 close
PM,False,,,True,True,0.0,0.017921915334554228,0.2786700083861996,0.27925995386024094,2026-09-24,UNREPAIRED: no independently corroborated Sep22 close
GOOGL,False,351.1600036621094,351.1600036621094,False,False,-0.010733294491060086,-0.03795995258808027,0.31705077162409157,0.31705077162409157,2026-09-24,UNREPAIRED: no independently corroborated Sep22 close
CMI,False,,,True,True,0.0,-0.018942376917349235,0.3666639118793212,0.3675744064521296,2026-09-24,UNREPAIRED: no independently corroborated Sep22 close
JNJ,False,,,True,True,0.0,-0.001113251165657747,0.18913457245708856,0.18985971498933374,2026-09-24,UNREPAIRED: no independently corroborated Sep22 close
DASH,False,,,True,True,0.0,-0.023525757186796725,0.4746698845723392,0.47602707995038995,2026-09-24,UNREPAIRED: no independently corroborated Sep22 close
CL,False,,,True,True,0.0,-0.003825664536079132,0.22424961491388004,0.22510677118721487,2026-09-24,UNREPAIRED: no independently corroborated Sep22 close
PCAR,False,,,True,True,0.0,-0.023010607005995776,0.2739660762027517,0.2740192765883201,2026-09-24,UNREPAIRED: no independently corroborated Sep22 close
SPG,False,,,True,True,0.0,-0.004000351656361811,0.18978699122549453,0.1904881978941956,2026-09-24,UNREPAIRED: no independently corroborated Sep22 close
DG,False,,,True,True,0.0,-0.010745674256717686,0.37361680363662797,0.37492531874976404,2026-09-24,UNREPAIRED: no independently corroborated Sep22 close
PWR,False,,,True,True,0.0,-0.011997885363206673,0.4434448143309967,0.44497953787183253,2026-09-24,UNREPAIRED: no independently corroborated Sep22 close
CIEN,False,,,True,True,0.0,-0.02746198499188235,0.723982436826279,0.7261395215166748,2026-09-24,UNREPAIRED: no independently corroborated Sep22 close
PTC,False,,,True,True,0.0,0.0378473918050557,0.35823085854701164,0.3574911245761674,2026-09-24,UNREPAIRED: no independently corroborated Sep22 close
ESS,False,,,True,True,0.0,0.007664197133266271,0.19459498769182224,0.19523316068247432,2026-09-24,UNREPAIRED: no independently corroborated Sep22 close
PPG,False,,,True,True,0.0,0.02163343787729355,0.3033384826417157,0.3037931390181686,2026-09-24,UNREPAIRED: no independently corroborated Sep22 close
REG,False,,,True,True,0.0,-0.002605524091916833,0.1565609709698141,0.1571611224207513,2026-09-24,UNREPAIRED: no independently corroborated Sep22 close
AKAM,False,,,True,True,0.0,0.008772666273489493,0.6026241182261087,0.6049993624859474,2026-09-24,UNREPAIRED: no independently corroborated Sep22 close
NTRS,False,,,True,True,0.0,-0.027717192174709582,0.2502799143048509,0.24956342552036523,2026-09-24,UNREPAIRED: no independently corroborated Sep22 close
LUV,False,,,True,True,0.0,-0.01747664673775806,0.44144370756357576,0.4428055505546505,2026-09-24,UNREPAIRED: no independently corroborated Sep22 close
CAT,False,,,True,True,0.0,-0.005486810127066755,0.3975435428149456,0.39904825424873525,2026-09-24,UNREPAIRED: no independently corroborated Sep22 close
F,False,13.100000381469727,13.100000381469727,False,False,-0.005315086895877785,-0.012213801253987078,0.3893320574361748,0.3893320574361748,2026-09-24,UNREPAIRED: no independently corroborated Sep22 close
PANW,False,,,True,True,0.0,0.057940546216693756,0.4737843267090503,0.4724432203553799,2026-09-24,UNREPAIRED: no independently corroborated Sep22 close
CBRE,False,,,True,True,0.0,-0.047482736770930956,0.3298313983553057,0.32774743774447257,2026-09-24,UNREPAIRED: no independently corroborated Sep22 close
FSLR,False,,,True,True,0.0,-0.039381481492227755,0.5475470623239341,0.5483283811412266,2026-09-24,UNREPAIRED: no independently corroborated Sep22 close
ROST,False,,,True,True,0.0,0.011805386929898631,0.2649814966276822,0.2658547944752574,2026-09-24,UNREPAIRED: no independently corroborated Sep22 close
AAPL,False,339.75,339.75,False,False,0.002271487960105567,-0.008035352424806796,0.24467640237224705,0.24467640237224705,2026-09-24,UNREPAIRED: no independently corroborated Sep22 close
MCK,False,,,True,True,0.0,-0.006734543639859258,0.3080680631268055,0.30920756853296616,2026-09-24,UNREPAIRED: no independently corroborated Sep22 close
VRTX,False,,,True,True,0.0,0.0110041228487876,0.28716970527463714,0.2881556463123076,2026-09-24,UNREPAIRED: no independently corroborated Sep22 close
ES,False,,,True,True,0.0,-0.029600773592554086,0.24170089972323575,0.2408329301837135,2026-09-24,UNREPAIRED: no independently corroborated Sep22 close
CMCSA,False,22.420000076293945,22.420000076293945,False,False,-0.022241614570180257,0.005798356838725427,0.321094583535984,0.321094583535984,2026-09-24,UNREPAIRED: no independently corroborated Sep22 close
PGR,False,,,True,True,0.0,-0.04292310768266061,0.2674119832580133,0.26501805253003724,2026-09-24,UNREPAIRED: no independently corroborated Sep22 close
JPM,False,340.0,340.0,False,False,-0.034200682458469855,-0.007264709472656228,0.2237539133315643,0.2237539133315643,2026-09-24,UNREPAIRED: no independently corroborated Sep22 close
MA,False,,,True,True,0.0,-0.013617618552708266,0.22209199857812134,0.22255326416255605,2026-09-24,UNREPAIRED: no independently corroborated Sep22 close
EW,False,,,True,True,0.0,-0.017206211298137153,0.25181969892072936,0.2521843140965709,2026-09-24,UNREPAIRED: no independently corroborated Sep22 close
A,False,,,True,True,0.0,0.02087195771184125,0.33288716665548296,0.33364745270522533,2026-09-24,UNREPAIRED: no independently corroborated Sep22 close
DE,False,,,True,True,0.0,0.036145635076554994,0.3229372767974602,0.32237276407079085,2026-09-24,UNREPAIRED: no independently corroborated Sep22 close
PKG,False,,,True,True,0.0,0.011203886518813988,0.28134499029305904,0.28227278180990595,2026-09-24,UNREPAIRED: no independently corroborated Sep22 close
GD,False,,,True,True,0.0,-0.029867215333466368,0.22566219286200717,0.22451257554046528,2026-09-24,UNREPAIRED: no independently corroborated Sep22 close
CTVA,False,,,True,True,0.0,0.01655919034871478,0.2721619904394533,0.2727851350051449,2026-09-24,UNREPAIRED: no independently corroborated Sep22 close
TMO,False,,,True,True,0.0,0.009927709530623385,0.30557812479449276,0.3066852178040258,2026-09-24,UNREPAIRED: no independently corroborated Sep22 close
GEV,False,,,True,True,0.0,0.005918324273934239,0.5255267293954263,0.5276150911966123,2026-09-24,UNREPAIRED: no independently corroborated Sep22 close
EFX,False,,,True,True,0.0,-0.020804361962883267,0.3885051620117712,0.38958897574940304,2026-09-24,UNREPAIRED: no independently corroborated Sep22 close
BALL,False,,,True,True,0.0,-0.014905365990532715,0.25912920586718086,0.259684071492322,2026-09-24,UNREPAIRED: no independently corroborated Sep22 close
ADM,False,,,True,True,0.0,-0.014751688271237517,0.2743492136086437,0.27495990820705,2026-09-24,UNREPAIRED: no independently corroborated Sep22 close
UBER,False,69.88999938964844,69.88999938964844,False,False,-0.013410460154612669,-0.006724870865755572,0.35175468777304236,0.35175468777304236,2026-09-24,UNREPAIRED: no independently corroborated Sep22 close
SLB,False,,,True,True,0.0,0.0021252050602520445,0.3645295439066742,0.3659853046026365,2026-09-24,UNREPAIRED: no independently corroborated Sep22 close
EME,False,,,True,True,0.0,-0.007799862755280773,0.4519379024284341,0.4536608929729196,2026-09-24,UNREPAIRED: no independently corroborated Sep22 close
LMT,False,,,True,True,0.0,-0.02002247151559844,0.28226475064927453,0.28263575470940966,2026-09-24,UNREPAIRED: no independently corroborated Sep22 close
LH,False,,,True,True,0.0,-0.052992242018596314,0.24386135817351315,0.23881506819906864,2026-09-24,UNREPAIRED: no independently corroborated Sep22 close
MDT,False,,,True,True,0.0,-0.026702964013538777,0.2369665464391043,0.23639355303441337,2026-09-24,UNREPAIRED: no independently corroborated Sep22 close
QCOM,False,198.27000427246094,198.27000427246094,False,False,0.020800126827933862,-0.005194929929397962,0.5382653943896698,0.5382653943896698,2026-09-24,UNREPAIRED: no independently corroborated Sep22 close
MSI,False,,,True,True,0.0,-0.001994067408024547,0.26169768863476367,0.2627385224226052,2026-09-24,UNREPAIRED: no independently corroborated Sep22 close
ROP,False,,,True,True,0.0,0.0026272344584385987,0.2929390449851163,0.29408726907236943,2026-09-24,UNREPAIRED: no independently corroborated Sep22 close
NOW,False,137.0,137.0,False,False,-0.004938936025240426,0.027591231965670593,0.5727327090701761,0.5727327090701761,2026-09-24,UNREPAIRED: no independently corroborated Sep22 close
ETN,False,,,True,True,0.0,0.0076476520815214055,0.3926305005445674,0.3941467738418793,2026-09-24,UNREPAIRED: no independently corroborated Sep22 close
AFL,False,,,True,True,0.0,0.0004341296373095993,0.17023906991620505,0.170921015485664,2026-09-24,UNREPAIRED: no independently corroborated Sep22 close
VRSK,False,,,True,True,0.0,-0.0012789281202124636,0.35817252949595985,0.35960623226155725,2026-09-24,UNREPAIRED: no independently corroborated Sep22 close
RTX,False,,,True,True,0.0,-0.011063054116489113,0.2611676546267325,0.2619386387866966,2026-09-24,UNREPAIRED: no independently corroborated Sep22 close
TEL,False,,,True,True,0.0,0.0208561735030659,0.3516301409269354,0.35242374215758965,2026-09-24,UNREPAIRED: no independently corroborated Sep22 close
FRT,False,,,True,True,0.0,-0.011208513916249108,0.16301800632133986,0.16323596459421183,2026-09-24,UNREPAIRED: no independently corroborated Sep22 close
KEY,False,,,True,True,0.0,-0.030186921072417938,0.23902696779524416,0.2379714105620881,2026-09-24,UNREPAIRED: no independently corroborated Sep22 close
RJF,False,,,True,True,0.0,-0.04213334106787692,0.2548208295628999,0.2523298352496453,2026-09-24,UNREPAIRED: no independently corroborated Sep22 close
RF,False,,,True,True,0.0,-0.0406304685958212,0.24402985643503286,0.24149931114123768,2026-09-24,UNREPAIRED: no independently corroborated Sep22 close
WTW,False,,,True,True,0.0,-0.02551990386197245,0.3048639991788043,0.3050328621922646,2026-09-24,UNREPAIRED: no independently corroborated Sep22 close
ODFL,False,,,True,True,0.0,0.01345803263080203,0.3790566316981999,0.3803738243599138,2026-09-24,UNREPAIRED: no independently corroborated Sep22 close
COF,False,,,True,True,0.0,-0.04304114846886775,0.3229537919786587,0.3213637501079007,2026-09-24,UNREPAIRED: no independently corroborated Sep22 close
GLW,False,159.69000244140625,159.69000244140625,False,False,0.004466012913247219,-0.03262575386194799,0.7235026269067972,0.7235026269067972,2026-09-24,UNREPAIRED: no independently corroborated Sep22 close
TT,False,,,True,True,0.0,0.00870024219964316,0.2843274300858488,0.2853469910941627,2026-09-24,UNREPAIRED: no independently corroborated Sep22 close
NSC,False,,,True,True,0.0,0.019218954607831407,0.20604156984109065,0.20599822096865197,2026-09-24,UNREPAIRED: no independently corroborated Sep22 close
BG,False,,,True,True,0.0,-0.010034608358878705,0.3164758305492979,0.3175214862826573,2026-09-24,UNREPAIRED: no independently corroborated Sep22 close
ACN,False,,,True,True,0.0,-0.013916481271273318,0.4518350497135677,0.4534479177476142,2026-09-24,UNREPAIRED: no independently corroborated Sep22 close
MNST,False,,,True,True,0.0,-0.002045458013361201,0.2647285937533874,0.26576584829638117,2026-09-24,UNREPAIRED: no independently corroborated Sep22 close
TECH,False,,,True,True,0.0,0.0006898774875279123,0.4565912841078901,0.4584170538083542,2026-09-24,UNREPAIRED: no independently corroborated Sep22 close
SWKS,False,,,True,True,0.0,0.030538642660696835,0.5135594377858014,0.5147539087047058,2026-09-24,UNREPAIRED: no independently corroborated Sep22 close
DVN,False,,,True,True,0.0,0.009455784019680946,0.34681759613398305,0.34811626752189395,2026-09-24,UNREPAIRED: no independently corroborated Sep22 close
GE,False,,,True,True,0.0,0.0024763424443143833,0.32958425897570004,0.3308984651778747,2026-09-24,UNREPAIRED: no independently corroborated Sep22 close
IP,False,,,True,True,0.0,0.01047265532716568,0.44152289527732325,0.4431528379313523,2026-09-24,UNREPAIRED: no independently corroborated Sep22 close
GWW,False,,,True,True,0.0,-0.0055721166228619445,0.23355533937300788,0.2343882260043973,2026-09-24,UNREPAIRED: no independently corroborated Sep22 close
J,False,,,True,True,0.0,-0.01836393635590261,0.3309863391328945,0.33180204328298457,2026-09-24,UNREPAIRED: no independently corroborated Sep22 close
HON,False,,,True,True,0.0,0.029494438796462186,0.2721682434311194,0.2716715219752728,2026-09-24,UNREPAIRED: no independently corroborated Sep22 close
XOM,False,,,True,True,0.0,0.018509113198331706,0.2610179891889401,0.26150763542032784,2026-09-24,UNREPAIRED: no independently corroborated Sep22 close
AES,False,,,True,True,0.0,-0.0013485842341365295,0.32712229821016187,0.32842439367526266,2026-09-24,UNREPAIRED: no independently corroborated Sep22 close
AMT,False,,,True,True,0.0,-0.021878620794285486,0.26132182992593495,0.26146666736175,2026-09-24,UNREPAIRED: no independently corroborated Sep22 close
TRGP,False,,,True,True,0.0,-0.021944898767611187,0.29034667194653724,0.2904764982639257,2026-09-24,UNREPAIRED: no independently corroborated Sep22 close
HWM,False,,,True,True,0.0,0.006201362063550375,0.33822800432361594,0.33954054422398927,2026-09-24,UNREPAIRED: no independently corroborated Sep22 close
TRMB,False,,,True,True,0.0,0.027186141901718086,0.31942878453268414,0.3194279719209588,2026-09-24,UNREPAIRED: no independently corroborated Sep22 close
GEHC,False,,,True,True,0.0,0.019750020483176867,0.346614774283387,0.3474213757358191,2026-09-24,UNREPAIRED: no independently corroborated Sep22 close
ULTA,False,,,True,True,0.0,-0.02518550919925633,0.35012753720917666,0.35058141039563673,2026-09-24,UNREPAIRED: no independently corroborated Sep22 close
WFC,False,,,True,True,0.0,-0.05361681696973397,0.26917603742199464,0.26476968945603596,2026-09-24,UNREPAIRED: no independently corroborated Sep22 close
LVS,False,,,True,True,0.0,-0.026577241416622877,0.3496725084470883,0.3501196733800953,2026-09-24,UNREPAIRED: no independently corroborated Sep22 close
XYZ,False,,,True,True,0.0,-0.04145813380964414,0.4713779804436368,0.47137807266882564,2026-09-24,UNREPAIRED: no independently corroborated Sep22 close
APO,False,,,True,True,0.0,-0.027753912517550994,0.3708449139848393,0.37130783441678944,2026-09-24,UNREPAIRED: no independently corroborated Sep22 close
SBAC,False,,,True,True,0.0,-0.03261856160550025,0.34344759175250966,0.3432901270503235,2026-09-24,UNREPAIRED: no independently corroborated Sep22 close
INTU,False,,,True,True,0.0,-0.05695122847001488,0.49388673090653956,0.4928802002854429,2026-09-24,UNREPAIRED: no independently corroborated Sep22 close
TMUS,False,,,True,True,0.0,0.0023597711597169724,0.30121423655984814,0.3023976627410335,2026-09-24,UNREPAIRED: no independently corroborated Sep22 close
CCL,False,22.280000686645508,22.280000686645508,False,False,-0.0013446337971755318,-0.021544050035540163,0.4762360353624258,0.4762360353624258,2026-09-24,UNREPAIRED: no independently corroborated Sep22 close
MAR,False,,,True,True,0.0,0.02626510215319655,0.27317449377416575,0.2731140991471112,2026-09-24,UNREPAIRED: no independently corroborated Sep22 close
MGM,False,,,True,True,0.0,-0.022721432442971312,0.3937893178981184,0.394693248249719,2026-09-24,UNREPAIRED: no independently corroborated Sep22 close
NDAQ,False,,,True,True,0.0,0.007920582750687855,0.2768666632482251,0.2778745345520697,2026-09-24,UNREPAIRED: no independently corroborated Sep22 close
MTD,False,,,True,True,0.0,0.04327341723498668,0.32426000995896376,0.3227530703019792,2026-09-24,UNREPAIRED: no independently corroborated Sep22 close
KR,False,,,True,True,0.0,-0.03434409924987414,0.2889494683217965,0.28805349598147106,2026-09-24,UNREPAIRED: no independently corroborated Sep22 close
VTR,False,,,True,True,0.0,-0.004481206424435946,0.22184876540741766,0.22266287331929013,2026-09-24,UNREPAIRED: no independently corroborated Sep22 close
BX,False,,,True,True,0.0,-0.05648292708010694,0.3702593227443931,0.36756821497038117,2026-09-24,UNREPAIRED: no independently corroborated Sep22 close
XYL,False,,,True,True,0.0,0.013054844775895802,0.2522344414021051,0.25283827945627835,2026-09-24,UNREPAIRED: no independently corroborated Sep22 close
BF-B,False,,,True,True,0.0,0.005353778165941625,0.3863320517827831,0.3878466106620684,2026-09-24,UNREPAIRED: no independently corroborated Sep22 close
DUK,False,,,True,True,0.0,-0.02201473138472465,0.1610180022717323,0.16015304205373415,2026-09-24,UNREPAIRED: no independently corroborated Sep22 close
TFC,False,,,True,True,0.0,-0.04081632653061229,0.24491630560290634,0.24235988749270848,2026-09-24,UNREPAIRED: no independently corroborated Sep22 close
CTAS,False,,,True,True,0.0,-0.02493906714921057,0.2329663122764401,0.23253545006246254,2026-09-24,UNREPAIRED: no independently corroborated Sep22 close
TDY,False,,,True,True,0.0,0.019652542141042506,0.26098939748824435,0.2613178445908432,2026-09-24,UNREPAIRED: no independently corroborated Sep22 close
DIS,False,,,True,True,0.0,-0.007387549147667927,0.2665388710522683,0.2675048180477486,2026-09-24,UNREPAIRED: no independently corroborated Sep22 close
CINF,False,,,True,True,0.0,-0.025651774784122616,0.2084533861003607,0.20764074672536356,2026-09-24,UNREPAIRED: no independently corroborated Sep22 close
HLT,False,,,True,True,0.0,0.0004559549777254368,0.23436721155499135,0.23530499272826097,2026-09-24,UNREPAIRED: no independently corroborated Sep22 close
CCI,False,,,True,True,0.0,-0.04083580734664205,0.30089678664111896,0.29941325293065557,2026-09-24,UNREPAIRED: no independently corroborated Sep22 close
INVH,False,,,True,True,0.0,-0.005539129208008697,0.20894189222617102,0.20971003065108887,2026-09-24,UNREPAIRED: no independently corroborated Sep22 close
CHD,False,,,True,True,0.0,0.005550306745770284,0.22652142772339806,0.22737196293574485,2026-09-24,UNREPAIRED: no independently corroborated Sep22 close
AOS,False,,,True,True,0.0,0.013693865985450415,0.2674834005853008,0.26816451816124326,2026-09-24,UNREPAIRED: no independently corroborated Sep22 close
SNPS,False,,,True,True,0.0,0.02789595939981271,0.432345740012298,0.4331537315879926,2026-09-24,UNREPAIRED: no independently corroborated Sep22 close
AMZN,False,254.97999572753906,254.97999572753906,False,False,-0.013426257750425385,-0.022393880111205244,0.3434765842402968,0.3434765842402968,2026-09-24,UNREPAIRED: no independently corroborated Sep22 close
DLR,False,,,True,True,0.0,-0.02619011879384403,0.27217772014816777,0.2719493732840681,2026-09-24,UNREPAIRED: no independently corroborated Sep22 close
RMD,False,,,True,True,0.0,-0.005858403269165313,0.2853119354178321,0.286406764465789,2026-09-24,UNREPAIRED: no independently corroborated Sep22 close
TPL,False,,,True,True,0.0,-0.08467829496255275,0.48800648750038295,0.48231830741378545,2026-09-24,UNREPAIRED: no independently corroborated Sep22 close
DRI,False,,,True,True,0.0,0.011263096447448273,0.2692889593005843,0.27015717510240117,2026-09-24,UNREPAIRED: no independently corroborated Sep22 close
EQT,False,,,True,True,0.0,0.018551771102340853,0.3081152686318358,0.308802803106294,2026-09-24,UNREPAIRED: no independently corroborated Sep22 close
DHR,False,,,True,True,0.0,0.026501118039997662,0.31551932936616744,0.3157285517363619,2026-09-24,UNREPAIRED: no independently corroborated Sep22 close
EQIX,False,,,True,True,0.0,-0.018538463012785722,0.25104564248135847,0.25126095389153547,2026-09-24,UNREPAIRED: no independently corroborated Sep22 close
WAT,False,,,True,True,0.0,-0.00790244856907818,0.35828094918668113,0.35958254085391816,2026-09-24,UNREPAIRED: no independently corroborated Sep22 close
GIS,False,35.45000076293945,35.45000076293945,False,False,0.0011296502598054925,0.010437205188203347,0.2841056828277072,0.2841056828277072,2026-09-24,UNREPAIRED: no independently corroborated Sep22 close
MCO,False,,,True,True,0.0,0.014190327609028497,0.2776700249351905,0.27842131915844337,2026-09-24,UNREPAIRED: no independently corroborated Sep22 close
TSN,False,,,True,True,0.0,-0.012687424867440789,0.26619201459731906,0.2669492401601387,2026-09-24,UNREPAIRED: no independently corroborated Sep22 close
WRB,False,,,True,True,0.0,-0.016281475965633008,0.22251852949296919,0.22281980672495633,2026-09-24,UNREPAIRED: no independently corroborated Sep22 close
DHI,False,,,True,True,0.0,0.006606809112713163,0.3524562205600908,0.3537985213123541,2026-09-24,UNREPAIRED: no independently corroborated Sep22 close
BRK-B,False,,,True,True,0.0,0.01027868680251709,0.1467089377577853,0.14694129743638573,2026-09-24,UNREPAIRED: no independently corroborated Sep22 close
NRG,False,,,True,True,0.0,-0.02478696348616649,0.4841265313573616,0.48550276095105166,2026-09-24,UNREPAIRED: no independently corroborated Sep22 close
ZTS,False,,,True,True,0.0,0.003925399861338219,0.3768304034543629,0.37827843203762246,2026-09-24,UNREPAIRED: no independently corroborated Sep22 close
MRSH,False,,,True,True,0.0,-0.013547917562254708,0.26284607263908893,0.26356523542188837,2026-09-24,UNREPAIRED: no independently corroborated Sep22 close
FAST,False,,,True,True,0.0,0.026988924701028427,0.254850665804854,0.25446798723273734,2026-09-24,UNREPAIRED: no independently corroborated Sep22 close
WBD,False,,,True,True,0.0,-0.0012986691288804364,0.27623062746916743,0.27731127154164725,2026-09-24,UNREPAIRED: no independently corroborated Sep22 close
PSKY,False,10.109999656677246,10.109999656677246,False,False,0.020181615776448725,-0.014836758024141417,0.4986177023915274,0.4986177023915274,2026-09-24,UNREPAIRED: no independently corroborated Sep22 close
GPC,False,,,True,True,0.0,0.018268071287809162,0.329333231155727,0.33014448069961,2026-09-24,UNREPAIRED: no independently corroborated Sep22 close
ICE,False,,,True,True,0.0,0.006307594883999013,0.2501562268918501,0.2510758847336066,2026-09-24,UNREPAIRED: no independently corroborated Sep22 close
RCL,False,234.88999938964844,234.88999938964844,False,False,-0.06137862381758863,-0.019541046233630732,0.47208124539035906,0.47208124539035906,2026-09-24,UNREPAIRED: no independently corroborated Sep22 close
KMB,False,,,True,True,0.0,-0.00040925840394534507,0.27518377293386187,0.2762859664714771,2026-09-24,UNREPAIRED: no independently corroborated Sep22 close
HBAN,False,,,True,True,0.0,-0.04114717976403104,0.27095154761950113,0.26888811700163845,2026-09-24,UNREPAIRED: no independently corroborated Sep22 close
HSY,False,,,True,True,0.0,0.0032757776757090795,0.2715537117358342,0.27261856880367596,2026-09-24,UNREPAIRED: no independently corroborated Sep22 close
APTV,False,,,True,True,0.0,0.03672248072820539,0.4340777495193402,0.43403287280704334,2026-09-24,UNREPAIRED: no independently corroborated Sep22 close
CPRT,False,,,True,True,0.0,-0.0013835699892710274,0.31062181205455,0.3118618546984256,2026-09-24,UNREPAIRED: no independently corroborated Sep22 close
LDOS,False,,,True,True,0.0,-0.02760659287281375,0.3445385009956814,0.3449046424931771,2026-09-24,UNREPAIRED: no independently corroborated Sep22 close
LYB,False,,,True,True,0.0,-0.004482079187261845,0.4325711697187254,0.43426345959298573,2026-09-24,UNREPAIRED: no independently corroborated Sep22 close
META,False,736.5999755859375,736.5999755859375,False,False,-0.006273220120151746,0.010181917253030193,0.41345755986771765,0.41345755986771765,2026-09-24,UNREPAIRED: no independently corroborated Sep22 close
FE,False,,,True,True,0.0,-0.02935289435163546,0.16377176083767572,0.16171550068353438,2026-09-24,UNREPAIRED: no independently corroborated Sep22 close
ED,False,,,True,True,0.0,-0.012035432242000321,0.17135621665241252,0.1715888400965601,2026-09-24,UNREPAIRED: no independently corroborated Sep22 close
SYY,False,,,True,True,0.0,-0.016447799445465705,0.27242268566317646,0.27300777235940465,2026-09-24,UNREPAIRED: no independently corroborated Sep22 close
SHW,False,,,True,True,0.0,0.016028115949131783,0.2725545102774628,0.2731632610312792,2026-09-24,UNREPAIRED: no independently corroborated Sep22 close
APP,False,,,True,True,0.0,-0.04518888094299933,0.7364686196573336,0.7381239997983209,2026-09-24,UNREPAIRED: no independently corroborated Sep22 close
EXC,False,,,True,True,0.0,-0.03072894067636822,0.19450961951599605,0.192843152961859,2026-09-24,UNREPAIRED: no independently corroborated Sep22 close
FICO,False,,,True,True,0.0,-0.04856576760428366,0.5692515048197752,0.5695717980216523,2026-09-24,UNREPAIRED: no independently corroborated Sep22 close
IR,False,,,True,True,0.0,0.054072794829526094,0.32950547302614824,0.3262855046408526,2026-09-24,UNREPAIRED: no independently corroborated Sep22 close
PNW,False,,,True,True,0.0,-0.01350331732722132,0.16610679395773234,0.1661835083055183,2026-09-24,UNREPAIRED: no independently corroborated Sep22 close
PNR,False,,,True,True,0.0,-0.009501591805225806,0.32586199940299376,0.3270841946379768,2026-09-24,UNREPAIRED: no independently corroborated Sep22 close
UHS,False,,,True,True,0.0,0.03805650502136748,0.32402800961110184,0.32303879594599194,2026-09-24,UNREPAIRED: no independently corroborated Sep22 close
AEE,False,,,True,True,0.0,-0.02052444200828618,0.17223161178178648,0.17166729172511985,2026-09-24,UNREPAIRED: no independently corroborated Sep22 close
IFF,False,,,True,True,0.0,0.02523924221128704,0.3558119904505065,0.35644081294510616,2026-09-24,UNREPAIRED: no independently corroborated Sep22 close
UDR,False,,,True,True,0.0,-0.0029506779557995078,0.20102961125964866,0.20181586656997516,2026-09-24,UNREPAIRED: no independently corroborated Sep22 close
LIN,False,,,True,True,0.0,0.02671038518186486,0.19137565784477134,0.1902508174544698,2026-09-24,UNREPAIRED: no independently corroborated Sep22 close
MAA,False,,,True,True,0.0,-0.009086335398862722,0.1888029954743481,0.1893605936444742,2026-09-24,UNREPAIRED: no independently corroborated Sep22 close
FERG,False,,,True,True,0.0,0.023271947781534852,0.29779724674171865,0.2980706120114207,2026-09-24,UNREPAIRED: no independently corroborated Sep22 close
D,False,,,True,True,0.0,-0.02626554495215716,0.20375314941215616,0.20282260408236946,2026-09-24,UNREPAIRED: no independently corroborated Sep22 close
ECL,False,,,True,True,0.0,0.024964775020756225,0.21986686867831937,0.21934105452348635,2026-09-24,UNREPAIRED: no independently corroborated Sep22 close
FIS,False,,,True,True,0.0,-0.014776938847874677,0.32967656539632206,0.33074104621884454,2026-09-24,UNREPAIRED: no independently corroborated Sep22 close
CSGP,False,,,True,True,0.0,-0.026859526930264388,0.44371018037311194,0.44487632885736944,2026-09-24,UNREPAIRED: no independently corroborated Sep22 close
SBUX,False,,,True,True,0.0,-0.008008452307803338,0.2775864678074354,0.2785630587357003,2026-09-24,UNREPAIRED: no independently corroborated Sep22 close
PEG,False,,,True,True,0.0,-0.028855865970983885,0.18598214801279367,0.1845473146097107,2026-09-24,UNREPAIRED: no independently corroborated Sep22 close
COO,False,,,True,True,0.0,0.036031056936895345,0.32146890033444847,0.32064008479123324,2026-09-24,UNREPAIRED: no independently corroborated Sep22 close
ARE,False,,,True,True,0.0,-0.027746523022169955,0.4754845354863382,0.4766525334360833,2026-09-24,UNREPAIRED: no independently corroborated Sep22 close
CHRW,False,,,True,True,0.0,-0.02074063232726886,0.44442887348737237,0.44568107238342924,2026-09-24,UNREPAIRED: no independently corroborated Sep22 close
CARR,False,,,True,True,0.0,0.008787981538317613,0.3552845465467706,0.35659786846843494,2026-09-24,UNREPAIRED: no independently corroborated Sep22 close
MDLZ,False,,,True,True,0.0,0.021106872135806976,0.23447761877569687,0.2344591017778116,2026-09-24,UNREPAIRED: no independently corroborated Sep22 close
VMRK,False,,,True,True,0.0,-0.0011408033593208744,0.20691276837475345,0.20773906373911072,2026-09-24,UNREPAIRED: no independently corroborated Sep22 close
ABT,False,,,True,True,0.0,0.004952364441747736,0.26820543021550053,0.2692131078266279,2026-09-24,UNREPAIRED: no independently corroborated Sep22 close
HRL,False,,,True,True,0.0,-0.026392914581727545,0.2925816707613361,0.29258827913563157,2026-09-24,UNREPAIRED: no independently corroborated Sep22 close
HCA,False,,,True,True,0.0,0.024673121899444705,0.3090475794576478,0.30931592484027776,2026-09-24,UNREPAIRED: no independently corroborated Sep22 close
TYL,False,,,True,True,0.0,0.00021057368109866914,0.41660891461328897,0.41827194551691366,2026-09-24,UNREPAIRED: no independently corroborated Sep22 close
TXT,False,,,True,True,0.0,-0.03274154367979487,0.26736196021858566,0.26642222751362704,2026-09-24,UNREPAIRED: no independently corroborated Sep22 close
EXE,False,,,True,True,0.0,-0.006959504845775233,0.31314273070317167,0.31432448114368017,2026-09-24,UNREPAIRED: no independently corroborated Sep22 close
AXP,False,,,True,True,0.0,-0.03708665779721254,0.269776050495569,0.2683003897723846,2026-09-24,UNREPAIRED: no independently corroborated Sep22 close
SPGI,False,,,True,True,0.0,0.005018910606893634,0.3070923205381416,0.30827479625554444,2026-09-24,UNREPAIRED: no independently corroborated Sep22 close
CASY,False,,,True,True,0.0,0.02044960220374703,0.3746984941737291,0.37566830828369985,2026-09-24,UNREPAIRED: no independently corroborated Sep22 close
CVNA,False,,,True,True,0.0,-0.04807977861809387,0.6225507224198219,0.6231544458121023,2026-09-24,UNREPAIRED: no independently corroborated Sep22 close
STE,False,,,True,True,0.0,0.014543143881156961,0.2538082637281382,0.25437076389803015,2026-09-24,UNREPAIRED: no independently corroborated Sep22 close
RSG,False,,,True,True,0.0,-0.0038797111236454906,0.19235695601643865,0.19309125756339188,2026-09-24,UNREPAIRED: no independently corroborated Sep22 close
EVRG,False,,,True,True,0.0,-0.010598081562518402,0.1621207060744787,0.16239061964480317,2026-09-24,UNREPAIRED: no independently corroborated Sep22 close
PG,False,,,True,True,0.0,0.00896767211235927,0.19566558045837257,0.1962421500536877,2026-09-24,UNREPAIRED: no independently corroborated Sep22 close
SO,False,,,True,True,0.0,-0.02328572297084308,0.1731942725298205,0.17233764755119,2026-09-24,UNREPAIRED: no independently corroborated Sep22 close
OKE,False,,,True,True,0.0,-0.013725513010278023,0.26620365880175045,0.26684039941656484,2026-09-24,UNREPAIRED: no independently corroborated Sep22 close
CMG,False,32.630001068115234,32.630001068115234,False,False,-0.015389207330296584,0.0024516706631552143,0.42294198065923744,0.42294198065923744,2026-09-24,UNREPAIRED: no independently corroborated Sep22 close
ETR,False,,,True,True,0.0,-0.02313445985194562,0.20521920214868308,0.2046603463001125,2026-09-24,UNREPAIRED: no independently corroborated Sep22 close
IRM,False,,,True,True,0.0,-0.01539911935286753,0.32528822346439384,0.32618744176375186,2026-09-24,UNREPAIRED: no independently corroborated Sep22 close
LULU,False,103.7300033569336,103.7300033569336,False,False,0.023988156287954032,-0.013978641961933325,0.4514928847911827,0.4514928847911827,2026-09-24,UNREPAIRED: no independently corroborated Sep22 close
COR,False,,,True,True,0.0,-0.013302131457492372,0.31181615025022663,0.3127640570561262,2026-09-24,UNREPAIRED: no independently corroborated Sep22 close
JKHY,False,,,True,True,0.0,-0.021311663892646382,0.29151210933341404,0.2918784171855361,2026-09-24,UNREPAIRED: no independently corroborated Sep22 close
TDG,False,,,True,True,0.0,-0.00393817421803333,0.27413574816018144,0.2752121482136476,2026-09-24,UNREPAIRED: no independently corroborated Sep22 close
OTIS,False,,,True,True,0.0,0.02521008884397946,0.21783345913042795,0.21710563842771546,2026-09-24,UNREPAIRED: no independently corroborated Sep22 close
APD,False,,,True,True,0.0,0.02687329133062044,0.2659380440789109,0.265662419314489,2026-09-24,UNREPAIRED: no independently corroborated Sep22 close
NVR,False,,,True,True,0.0,0.008508659192092871,0.27115995550345007,0.27208246249310847,2026-09-24,UNREPAIRED: no independently corroborated Sep22 close
VICI,False,,,True,True,0.0,-0.014552951568570283,0.18347014769969947,0.1836900825763528,2026-09-24,UNREPAIRED: no independently corroborated Sep22 close
MSCI,False,,,True,True,0.0,-0.005849971675545462,0.29815856842503885,0.2992925915919764,2026-09-24,UNREPAIRED: no independently corroborated Sep22 close
WELL,False,,,True,True,0.0,-0.01241622038946888,0.22777216315567342,0.22825836567687172,2026-09-24,UNREPAIRED: no independently corroborated Sep22 close
SYK,False,,,True,True,0.0,-0.0028812448954651515,0.295303628724614,0.29647967594254226,2026-09-24,UNREPAIRED: no independently corroborated Sep22 close
ORCL,False,149.1999969482422,149.1999969482422,False,False,0.004308019656475981,-0.031099192255734875,0.5652211391377912,0.5652211391377912,2026-09-24,UNREPAIRED: no independently corroborated Sep22 close
LNT,False,,,True,True,0.0,-0.0197014402023169,0.16591334513281172,0.1653803703643767,2026-09-24,UNREPAIRED: no independently corroborated Sep22 close
HUBB,False,458.8299865722656,458.8299865722656,False,False,0.002929017828792624,0.010614009060627483,0.32001523036453583,0.32001523036453583,2026-09-24,UNREPAIRED: no independently corroborated Sep22 close
AWK,False,,,True,True,0.0,-0.006792592773140482,0.22464423340243542,0.22543944163144725,2026-09-24,UNREPAIRED: no independently corroborated Sep22 close
CBOE,False,,,True,True,0.0,-0.009431520567631746,0.3373341887679335,0.33853197043775074,2026-09-24,UNREPAIRED: no independently corroborated Sep22 close
KKR,False,98.44000244140625,98.44000244140625,False,False,-0.023703256434062125,-0.012494954555346771,0.3882759537997218,0.3882759537997218,2026-09-24,UNREPAIRED: no independently corroborated Sep22 close
PCG,False,12.880000114440918,12.880000114440918,False,False,-0.004636744040806606,-0.03649070363763807,0.35046551083651595,0.35046551083651595,2026-09-24,UNREPAIRED: no independently corroborated Sep22 close
ARES,False,,,True,True,0.0,-0.04097256561959994,0.445423544031169,0.44539574602893245,2026-09-24,UNREPAIRED: no independently corroborated Sep22 close
TTWO,False,,,True,True,0.0,-0.017149346780335195,0.33100397430224204,0.3319126859653236,2026-09-24,UNREPAIRED: no independently corroborated Sep22 close
IBM,False,,,True,True,0.0,0.0035786739846750404,0.4900182564372588,0.49196813210741547,2026-09-24,UNREPAIRED: no independently corroborated Sep22 close
LII,False,,,True,True,0.0,0.023924709435137803,0.40652322937199287,0.4073725357372597,2026-09-24,UNREPAIRED: no independently corroborated Sep22 close
WEC,False,,,True,True,0.0,-0.022323203643706657,0.16123415240692585,0.16033985374512433,2026-09-24,UNREPAIRED: no independently corroborated Sep22 close
ISRG,False,,,True,True,0.0,-0.008340610368287482,0.36682547627962886,0.3682039392755067,2026-09-24,UNREPAIRED: no independently corroborated Sep22 close
MKC,False,,,True,True,0.0,0.004090831774111292,0.29839928140211885,0.2995521683941834,2026-09-24,UNREPAIRED: no independently corroborated Sep22 close
VST,False,140.41000366210938,140.41000366210938,False,False,-0.0026281795737727043,-0.017377696586904245,0.4858472768794849,0.4858472768794849,2026-09-24,UNREPAIRED: no independently corroborated Sep22 close
BRO,False,,,True,True,0.0,-0.04043549246374856,0.31302228356188405,0.31180735327456877,2026-09-24,UNREPAIRED: no independently corroborated Sep22 close
CHTR,False,,,True,True,0.0,-0.05464124805144277,0.5221533837326988,0.5216176908801806,2026-09-24,UNREPAIRED: no independently corroborated Sep22 close
ERIE,False,,,True,True,0.0,-0.04314470357045319,0.37554937923600695,0.3746647285453077,2026-09-24,UNREPAIRED: no independently corroborated Sep22 close
NEE,False,,,True,True,0.0,-0.032776600532151035,0.2152570507776334,0.21351909656025997,2026-09-24,UNREPAIRED: no independently corroborated Sep22 close
HII,False,,,True,True,0.0,-0.022817885444685104,0.3832965992024323,0.38413218267664884,2026-09-24,UNREPAIRED: no independently corroborated Sep22 close
PEP,False,,,True,True,0.0,0.0045527923031363216,0.2109309196203514,0.21172299241147988,2026-09-24,UNREPAIRED: no independently corroborated Sep22 close
FISV,False,,,True,True,0.0,-0.011190024620270633,0.57910326349256,0.5836510357533244,2026-09-24,UNREPAIRED: no independently corroborated Sep22 close
LYV,False,,,True,True,0.0,-0.0008865935865822738,0.31110783347365156,0.3123520390247071,2026-09-24,UNREPAIRED: no independently corroborated Sep22 close
IDXX,False,,,True,True,0.0,0.013041008921935271,0.3214325082924312,0.3224213992345651,2026-09-24,UNREPAIRED: no independently corroborated Sep22 close
DTE,False,,,True,True,0.0,-0.025687766069318108,0.17276792533818536,0.17156531117602594,2026-09-24,UNREPAIRED: no independently corroborated Sep22 close
LHX,False,,,True,True,0.0,-0.03126386502611045,0.28708767375508115,0.28656528884359034,2026-09-24,UNREPAIRED: no independently corroborated Sep22 close
CME,False,,,True,True,0.0,-0.017166954623031527,0.23824436301799598,0.2385449376763659,2026-09-24,UNREPAIRED: no independently corroborated Sep22 close
NOC,False,,,True,True,0.0,-0.02324078315899658,0.27173169520069396,0.27183790110114237,2026-09-24,UNREPAIRED: no independently corroborated Sep22 close
AON,False,,,True,True,0.0,-0.03170346258338497,0.27731156390987444,0.27667428612564776,2026-09-24,UNREPAIRED: no independently corroborated Sep22 close
NKE,False,36.099998474121094,36.099998474121094,False,False,0.0,-0.0013850204757318574,0.36265127760611165,0.36265127760611165,2026-09-24,UNREPAIRED: no independently corroborated Sep22 close
WM,False,,,True,True,0.0,0.004057243160352941,0.20291621883008948,0.20368755404566236,2026-09-24,UNREPAIRED: no independently corroborated Sep22 close
L,False,,,True,True,0.0,-0.01601872678662908,0.16196103051248753,0.16177165933517623,2026-09-24,UNREPAIRED: no independently corroborated Sep22 close
ECHO,False,,,True,True,0.0,-0.027684557180695513,0.5220804720681154,0.5233531539802214,2026-09-24,UNREPAIRED: no independently corroborated Sep22 close
ATO,False,,,True,True,0.0,-0.01282617504579231,0.15560973332233705,0.15570630149317638,2026-09-24,UNREPAIRED: no independently corroborated Sep22 close
NFLX,False,72.16000366210938,72.16000366210938,False,False,-0.016357646377566426,-0.011086516230013554,0.3631796416328123,0.3631796416328123,2026-09-24,UNREPAIRED: no independently corroborated Sep22 close
PPL,False,,,True,True,0.0,-0.024205726339729172,0.1797584160464856,0.17886481599684823,2026-09-24,UNREPAIRED: no independently corroborated Sep22 close
CRH,False,,,True,True,0.0,-0.0219187060602819,0.3210377539793845,0.3216307482649577,2026-09-24,UNREPAIRED: no independently corroborated Sep22 close
TKO,False,,,True,True,0.0,-0.010673887286790529,0.31750109441268143,0.31859514350396767,2026-09-24,UNREPAIRED: no independently corroborated Sep22 close
AEP,False,,,True,True,0.0,-0.013579915604390647,0.19076926536417663,0.19100455366688407,2026-09-24,UNREPAIRED: no independently corroborated Sep22 close
BA,False,197.72000122070312,197.72000122070312,False,False,-0.01705191538582096,0.011177379331549053,0.3373391665745427,0.3373391665745427,2026-09-24,UNREPAIRED: no independently corroborated Sep22 close
WY,False,,,True,True,0.0,0.007615413882393174,0.26529417804314026,0.2662320306184872,2026-09-24,UNREPAIRED: no independently corroborated Sep22 close
DPZ,False,,,True,True,0.0,0.0016557080162624693,0.3069301373534454,0.3081445585976582,2026-09-24,UNREPAIRED: no independently corroborated Sep22 close
COIN,False,201.07000732421875,201.07000732421875,False,False,9.949899108319116e-05,-0.014621785121167297,0.728474691409203,0.728474691409203,2026-09-24,UNREPAIRED: no independently corroborated Sep22 close
O,False,,,True,True,0.0,-0.018358356355069994,0.16527767513503236,0.16490739547643105,2026-09-24,UNREPAIRED: no independently corroborated Sep22 close
AZO,False,,,True,True,0.0,0.014301288822126113,0.2936108181906877,0.29436623918366006,2026-09-24,UNREPAIRED: no independently corroborated Sep22 close
TJX,False,,,True,True,0.0,0.0048105497230150895,0.20914018884726993,0.20991999462538333,2026-09-24,UNREPAIRED: no independently corroborated Sep22 close
BSX,False,,,True,True,0.0,0.020585491446771798,0.38265073281905465,0.3834495331790315,2026-09-24,UNREPAIRED: no independently corroborated Sep22 close
KMI,False,,,True,True,0.0,-0.011034000053516402,0.20679990459671438,0.20728697486903228,2026-09-24,UNREPAIRED: no independently corroborated Sep22 close
AJG,False,,,True,True,0.0,-0.02945776257437782,0.31417100471180376,0.3141145604322054,2026-09-24,UNREPAIRED: no independently corroborated Sep22 close
XEL,False,,,True,True,0.0,-0.016562210678965128,0.20031521373839142,0.20042340050431945,2026-09-24,UNREPAIRED: no independently corroborated Sep22 close
WMB,False,,,True,True,0.0,-0.007536649044345145,0.24145866562053195,0.2422797476949515,2026-09-24,UNREPAIRED: no independently corroborated Sep22 close
SRE,False,,,True,True,0.0,-0.027093559494152375,0.20514636330314437,0.20417760816364006,2026-09-24,UNREPAIRED: no independently corroborated Sep22 close
LOW,False,,,True,True,0.0,0.001989762756904767,0.2699242951684722,0.2709867479487004,2026-09-24,UNREPAIRED: no independently corroborated Sep22 close
PODD,False,,,True,True,0.0,-0.028748262443790695,0.4454673295889392,0.44649377682833696,2026-09-24,UNREPAIRED: no independently corroborated Sep22 close
AXON,False,,,True,True,0.0,-0.0032075658427248577,0.6292979140642408,0.6318159912418266,2026-09-24,UNREPAIRED: no independently corroborated Sep22 close
CLX,False,,,True,True,0.0,-0.011074397295339988,0.3089742037055236,0.3100495425951384,2026-09-24,UNREPAIRED: no independently corroborated Sep22 close
MCD,False,250.35000610351562,250.35000610351562,False,False,0.009964503679394499,-0.04805272013583517,0.19146068372579986,0.19146068372579986,2026-09-24,UNREPAIRED: no independently corroborated Sep22 close
WYNN,False,,,True,True,0.0,-0.022443624021018738,0.3347197589419375,0.33539922736669164,2026-09-24,UNREPAIRED: no independently corroborated Sep22 close
COST,False,,,True,True,0.0,0.0069228384310089375,0.19853135321641188,0.19920120685463602,2026-09-24,UNREPAIRED: no independently corroborated Sep22 close
YUM,False,,,True,True,0.0,0.00933038853565904,0.24516409654335664,0.24596146001093105,2026-09-24,UNREPAIRED: no independently corroborated Sep22 close
VMC,False,,,True,True,0.0,-0.007311141649348651,0.2830156395543922,0.2840696458291391,2026-09-24,UNREPAIRED: no independently corroborated Sep22 close
CPT,False,,,True,True,0.0,-0.011536120149453377,0.19549023977976235,0.19593945962967196,2026-09-24,UNREPAIRED: no independently corroborated Sep22 close
DOW,False,,,True,True,0.0,0.013441781203163972,0.4439914638992412,0.44560510917669716,2026-09-24,UNREPAIRED: no independently corroborated Sep22 close
MLM,False,,,True,True,0.0,-0.01845218038491836,0.28300843367122974,0.2835843083408052,2026-09-24,UNREPAIRED: no independently corroborated Sep22 close
ORLY,False,,,True,True,0.0,0.036438276695724525,0.26049473563156444,0.2588593893593066,2026-09-24,UNREPAIRED: no independently corroborated Sep22 close
LEN,False,,,True,True,0.0,0.04405730957147003,0.3704033828345488,0.36906476152848405,2026-09-24,UNREPAIRED: no independently corroborated Sep22 close
CNP,False,,,True,True,0.0,-0.02184790193165853,0.17342621964358274,0.17273054777538482,2026-09-24,UNREPAIRED: no independently corroborated Sep22 close
CMS,False,,,True,True,0.0,-0.023956653716741716,0.17182456180602373,0.17086202180399243,2026-09-24,UNREPAIRED: no independently corroborated Sep22 close
NCLH,False,14.220000267028809,14.220000267028809,False,False,-0.0014044595794108217,-0.00281293678634964,0.538333545149644,0.538333545149644,2026-09-24,UNREPAIRED: no independently corroborated Sep22 close
ROL,False,,,True,True,0.0,0.004327765408016937,0.27780524212885205,0.2788331209966264,2026-09-24,UNREPAIRED: no independently corroborated Sep22 close
HD,False,,,True,True,0.0,-0.001615110923998686,0.25300153836951556,0.25401259775464946,2026-09-24,UNREPAIRED: no independently corroborated Sep22 close
NI,False,,,True,True,0.0,-0.03134255783356832,0.1794590850592723,0.17739979730429017,2026-09-24,UNREPAIRED: no independently corroborated Sep22 close
CEG,False,,,True,True,0.0,0.006752964900882841,0.47190088483624776,0.4737349815578984,2026-09-24,UNREPAIRED: no independently corroborated Sep22 close
WMT,False,110.12000274658203,110.12000274658203,False,False,0.0249441571507536,0.0037231749227100153,0.26087799088223157,0.26087799088223157,2026-09-24,UNREPAIRED: no independently corroborated Sep22 close
TSLA,False,378.8999938964844,378.8999938964844,False,False,0.009592342714121127,0.0032198501988798256,0.4630085001789759,0.4630085001789759,2026-09-24,UNREPAIRED: no independently corroborated Sep22 close
MOS,False,,,True,True,0.0,0.012463695397291197,0.4511504523168042,0.4527578428022166,2026-09-24,UNREPAIRED: no independently corroborated Sep22 close
TSCO,False,,,True,True,0.0,-0.0012372692007991404,0.3231316482133053,0.32441809242322395,2026-09-24,UNREPAIRED: no independently corroborated Sep22 close
