year,rev_ttm,opinc_ttm,gp_ttm,ni_ttm,ocf_ttm,capex_ttm,total_debt,cash_sti,shares_out,eps_q0,sue,n_rows
2009,0.0246,0.0205,0.0185,0.0499,0.0287,0.0287,0.7804,0.948,0.9542,0.9316,0.0,1462
2010,0.6646,0.4573,0.3876,0.6897,0.6875,0.5819,0.7698,0.9591,0.9647,0.9491,0.0063,4422
2011,0.8656,0.626,0.5403,0.8939,0.8907,0.7679,0.7664,0.9681,0.9695,0.9575,0.477,5958
2012,0.9561,0.7513,0.6106,0.9788,0.9732,0.8561,0.7815,0.968,0.9745,0.9629,0.8106,6310
2013,0.9723,0.7749,0.6298,0.99,0.9862,0.8677,0.7934,0.97,0.9784,0.9688,0.907,6432
2014,0.9783,0.7806,0.6382,0.9897,0.9878,0.8804,0.8123,0.9644,0.9868,0.9786,0.9229,6536
2015,0.9839,0.7866,0.6373,0.9914,0.9896,0.8882,0.8174,0.9606,0.9866,0.9814,0.9327,6653
2016,0.9883,0.7982,0.6473,0.9954,0.9917,0.8924,0.8222,0.9582,0.9861,0.9816,0.9406,6754
2017,0.9839,0.8009,0.6522,0.9925,0.9905,0.8954,0.8336,0.9595,0.988,0.9793,0.9426,6845
2018,0.9818,0.8031,0.6537,0.9905,0.9876,0.8986,0.8384,0.9697,0.9813,0.9767,0.9382,6941
2019,0.9881,0.8092,0.6948,0.9906,0.9889,0.9019,0.8411,0.9797,0.9761,0.9743,0.9356,7034
2020,0.9897,0.8105,0.7138,0.9917,0.9913,0.9049,0.8457,0.9883,0.9741,0.9775,0.9403,7097
2021,0.9828,0.8065,0.7102,0.9861,0.9858,0.904,0.8522,0.9875,0.9756,0.9731,0.9367,7208
2022,0.9837,0.8114,0.7106,0.9882,0.9882,0.9063,0.8496,0.9853,0.9823,0.9717,0.9367,7287
2023,0.9863,0.8146,0.7114,0.9913,0.9913,0.908,0.8518,0.9884,0.9811,0.9735,0.9422,7319
2024,0.9873,0.8169,0.7127,0.9909,0.9909,0.9092,0.8437,0.9904,0.9825,0.9749,0.9407,7382
2025,0.9919,0.8313,0.7236,0.9939,0.9939,0.9132,0.8487,0.9906,0.9806,0.9763,0.9387,7435
2026,0.992,0.8324,0.7248,0.9948,0.9948,0.9161,0.8502,0.9909,0.9801,0.973,0.9413,5626
