concept,ticker,cik,period_end,orig_val,orig_filed,orig_form,orig_accn,revised_val,revised_filed,revised_form,revised_accn,panel_month_before,panel_val_before,match_before,panel_month_after,panel_val_after,match_after
Assets,MTCH,891103,2010-12-31,3439554000.0,2011-03-01,10-K,0001047469-11-001622,3329079000.0,2012-02-01,10-K/A,0001047469-12-000530,2012-01-31,3548327000.0,False,2012-02-29,3409865000.0,False
Assets,MAS,62996,2012-12-31,6875000000.0,2013-02-15,10-K,0001193125-13-062852,6883000000.0,2014-04-30,10-Q,0001104659-14-032611,2014-03-31,6933000000.0,False,2014-04-30,6880000000.0,False
Assets,BHF,1685040,2021-12-31,259840000000.0,2022-02-24,10-K,0001685040-22-000006,262257000000.0,2023-05-09,10-Q,0001685040-23-000028,2023-04-28,225580000000.0,False,2023-05-31,230002000000.0,False
Assets,AIG,5272,2009-12-31,847585000000.0,2010-02-26,10-K,0001047469-10-001465,838346000000.0,2012-05-04,8-K,0001047469-12-005364,2012-04-30,555773000000.0,False,2012-05-31,554403000000.0,False
Assets,SWK,93556,2011-01-01,15139400000.0,2011-02-18,10-K,0000950123-11-015782,15949000000.0,2014-02-21,10-K,0000093556-14-000004,2014-01-31,17023700000.0,False,2014-02-28,16535100000.0,False
Assets,AMP,820027,2021-12-31,175979000000.0,2022-02-25,10-K,0000820027-22-000016,177735000000.0,2023-05-02,10-Q,0000820027-23-000067,2023-04-28,158468000000.0,False,2023-05-31,166640000000.0,False
Assets,PRGO,1585364,2015-12-31,19393900000.0,2016-02-25,10-KT,0001585364-16-000245,19349600000.0,2017-05-22,10-Q/A,0001585364-17-000069,2017-04-28,17467600000.0,False,2017-05-31,13979400000.0,False
Assets,PODD,1145197,2011-12-31,209583000.0,2012-02-28,10-K,0001193125-12-085240,221322000.0,2013-02-28,10-K/A,0001193125-13-083603,2013-01-31,191642000.0,False,2013-02-28,198059000.0,False
Assets,MMM,66740,2015-12-31,32718000000.0,2016-02-11,10-K,0001558370-16-003162,32883000000.0,2017-02-09,10-K,0001558370-17-000479,2017-01-31,34051000000.0,False,2017-02-28,32906000000.0,False
Assets,GE,40545,2014-12-31,648349000000.0,2015-02-27,10-K,0000040545-15-000030,653931000000.0,2017-02-24,10-K,0000040545-17-000010,2017-01-31,387694000000.0,False,2017-02-28,365183000000.0,False
StockholdersEquity,LH,920148,2012-12-31,2717400000.0,2013-02-26,10-K,0000920148-13-000022,4945100000.0,2019-02-28,10-K,0000920148-19-000033,2019-01-31,7248100000.0,False,2019-02-28,6971400000.0,False
StockholdersEquity,PENN,921738,2014-12-31,554486000.0,2015-02-27,10-K,0001047469-15-001405,-708014000.0,2016-03-08,10-K/A,0001047469-16-010837,2016-02-29,599221000.0,False,2016-03-31,-678043000.0,False
StockholdersEquity,PENN,921738,2013-12-31,758400000.0,2014-02-27,10-K,0001047469-14-001467,-550852000.0,2016-03-08,10-K/A,0001047469-16-010837,2016-02-29,599221000.0,False,2016-03-31,-678043000.0,False
StockholdersEquity,BAC,70858,2012-12-31,236956000000.0,2013-02-28,10-K,0000070858-13-000097,236962000000.0,2016-11-01,8-K,0000070858-16-000223,2016-10-31,267069000000.0,False,2016-11-30,270083000000.0,False
StockholdersEquity,PARA,1826011,2024-12-31,-2763802.0,2025-04-15,10-K,0000950170-25-054303,-2764000.0,2026-05-15,10-Q,0001193125-26-226795,2026-04-30,8055001.0,False,2026-05-29,8097000.0,False
StockholdersEquity,BAC,70858,2013-12-31,232685000000.0,2014-02-25,10-K,0000070858-14-000012,232475000000.0,2016-11-01,8-K,0000070858-16-000223,2016-10-31,267069000000.0,False,2016-11-30,270083000000.0,False
StockholdersEquity,BAC,70858,2014-12-31,243471000000.0,2015-02-25,10-K,0000070858-15-000008,243476000000.0,2016-11-01,10-Q,0000070858-16-000222,2016-10-31,267069000000.0,False,2016-11-30,270083000000.0,False
StockholdersEquity,PARA,1826011,2020-12-31,5000006.0,2021-03-26,10-K,0001213900-21-018002,-31770564.0,2021-11-15,10-Q,0001213900-21-059342,2021-10-29,5000010.0,True,2021-11-30,-19047547.0,False
StockholdersEquity,BAC,70858,2015-12-31,256205000000.0,2016-02-24,10-K,0000070858-16-000137,255615000000.0,2018-02-22,10-K,0000070858-18-000009,2018-01-31,272459000000.0,False,2018-02-28,267146000000.0,False
StockholdersEquity,ADT,1703056,2022-12-31,3433103000.0,2023-02-28,10-K,0001703056-23-000046,3393148000.0,2023-07-27,10-K/A,0001703056-23-000146,2023-06-30,3314526000.0,False,2023-07-31,3245432000.0,False
