ticker,concept,period_end,gap_days,orig_val,orig_filed,orig_form,rev_val,rev_filed,rev_form,panel_month_before,panel_before,match_before,panel_month_after,panel_after,match_after
MAA,Assets,2013-06-30,0,2834217000.0,2013-08-02,10-Q,2620720000.0,2013-08-02,8-K,2013-07-31,2775008000.0,False,2013-08-30,2834217000.0,False
KMB,StockholdersEquity,2010-03-31,7,5396.0,2010-05-07,10-Q,5396000000.0,2010-05-14,10-Q/A,2010-04-30,5406000000.0,False,2010-05-28,5396000000.0,True
KMB,Assets,2010-03-31,7,18997.0,2010-05-07,10-Q,18997000000.0,2010-05-14,10-Q/A,2010-04-30,19209000000.0,False,2010-05-28,18997000000.0,True
MDT,StockholdersEquity,2011-01-28,9,15358.0,2011-03-09,10-Q,15358000000.0,2011-03-18,10-Q/A,2011-02-28,14825.0,False,2011-03-31,15358000000.0,True
MDT,Assets,2011-01-28,9,30597.0,2011-03-09,10-Q,30597000000.0,2011-03-18,10-Q/A,2011-02-28,29311.0,False,2011-03-31,30597000000.0,True
LUV,Assets,2011-09-30,14,17885.0,2011-10-25,10-Q,17885000000.0,2011-11-08,10-Q/A,2011-10-31,17885.0,True,2011-11-30,17885000000.0,True
LUV,StockholdersEquity,2011-09-30,14,6485.0,2011-10-25,10-Q,6485000000.0,2011-11-08,10-Q/A,2011-10-31,6485.0,True,2011-11-30,6485000000.0,True
MAA,Assets,2013-03-31,20,2775008000.0,2013-05-03,10-Q,2555374000.0,2013-05-23,8-K,2013-04-30,2751068000.0,False,2013-05-31,2775008000.0,False
CPWR,StockholdersEquity,2024-12-31,25,-55198464.0,2025-10-02,10-Q,-44551904.0,2025-10-27,10-K,2025-09-30,-43501703.0,False,2025-10-31,-44551904.0,True
MAA,Assets,2012-12-31,28,2751068000.0,2013-02-22,10-K,2529871000.0,2013-03-22,8-K,2013-02-28,2751068000.0,True,2013-03-28,2751068000.0,False
MI,Assets,2014-06-30,57,14430.0,2014-08-26,10-Q,6297500.0,2014-10-22,8-K,2014-09-30,14430.0,True,2014-10-31,14430.0,False
VRT,StockholdersEquity,2020-12-31,60,668300000.0,2021-03-01,10-K,512100000.0,2021-04-30,10-K/A,2021-03-31,668300000.0,True,2021-04-30,512100000.0,True
