ticker,ttm_start,ttm_end,ttm_revenue,ttm_net_income,ttm_ocf,ttm_capex,n_q,rev_ttm,ni_ttm,ocf_ttm,capex_ttm,capex_shibui_abs,diff_rev_ttm,pass1pct_rev_ttm,pass5pct_rev_ttm,diff_ni_ttm,pass1pct_ni_ttm,pass5pct_ni_ttm,diff_ocf_ttm,pass1pct_ocf_ttm,pass5pct_ocf_ttm,diff_capex_ttm,pass1pct_capex_ttm,pass5pct_capex_ttm
A,2025-10-31,2026-07-31,7372000000.0,1440000000.0,1609000000.0,-342000000.0,4.0,7372000000.0,1440000000.0,1609000000.0,342000000.0,342000000.0,0.0,True,True,0.0,True,True,0.0,True,True,0.0,True,True
ACGL,2025-09-30,2026-06-30,19232000000.0,4692000000.0,6100000000.0,-45000000.0,4.0,19232000000.0,4692000000.0,6100000000.0,45000000.0,45000000.0,0.0,True,True,0.0,True,True,0.0,True,True,0.0,True,True
AEE,2025-09-30,2026-06-30,8749000000.0,1563000000.0,3251000000.0,-4701000000.0,4.0,8749000000.0,1563000000.0,3251000000.0,4651000000.0,4701000000.0,0.0,True,True,0.0,True,True,0.0,True,True,-0.010636034886194426,False,True
AIG,2025-09-30,2026-06-30,26636000000.0,2965000000.0,3850000000.0,0.0,4.0,26636000000.0,2965000000.0,3850000000.0,240000000.0,0.0,0.0,True,True,0.0,True,True,0.0,True,True,inf,False,False
AKAM,2025-09-30,2026-06-30,4322834000.0,410965000.0,1447190000.0,-817311000.0,4.0,4322834000.0,410965000.0,1447190000.0,491087000.0,817311000.0,0.0,True,True,0.0,True,True,0.0,True,True,-0.3991430434681535,False,False
AMAT,2025-10-26,2026-07-26,30837000000.0,9267000000.0,8396000000.0,-2773000000.0,4.0,30837000000.0,9267000000.0,8396000000.0,2773000000.0,2773000000.0,0.0,True,True,0.0,True,True,0.0,True,True,0.0,True,True
AMD,2025-09-27,2026-06-27,41305000000.0,6434000000.0,10080000000.0,-1715000000.0,4.0,41305000000.0,6434000000.0,10080000000.0,1677000000.0,1715000000.0,0.0,True,True,0.0,True,True,0.0,True,True,-0.022157434402332362,False,True
AME,2025-09-30,2026-06-30,7863923000.0,1576270000.0,1960339000.0,-135389000.0,4.0,7863923000.0,1576270000.0,1960339000.0,135389000.0,135389000.0,0.0,True,True,0.0,True,True,0.0,True,True,0.0,True,True
AMT,2025-09-30,2026-06-30,10941500000.0,3401000000.0,5774900000.0,-1815100000.0,4.0,10941500000.0,3401000000.0,5774900000.0,1815100000.0,1815100000.0,0.0,True,True,0.0,True,True,0.0,True,True,0.0,True,True
AOS,2025-09-30,2026-06-30,3804900000.0,500300000.0,692300000.0,-52900000.0,4.0,3804900000.0,500300000.0,692300000.0,52900000.0,52900000.0,0.0,True,True,0.0,True,True,0.0,True,True,0.0,True,True
APA,2025-09-30,2026-06-30,8610000000.0,1677000000.0,4528000000.0,-2426000000.0,4.0,2433000000.0,1677000000.0,4528000000.0,0.0,2426000000.0,-0.7174216027874565,False,False,0.0,True,True,0.0,True,True,-1.0,False,False
APO,2025-09-30,2026-06-30,35899000000.0,1875000000.0,9473000000.0,0.0,4.0,35899000000.0,1875000000.0,9473000000.0,,0.0,0.0,True,True,0.0,True,True,0.0,True,True,,False,False
APP,2025-09-30,2026-06-30,6829124000.0,4409952000.0,4527589000.0,0.0,4.0,6829124000.0,4409952000.0,4527589000.0,4776000.0,0.0,0.0,True,True,0.0,True,True,0.0,True,True,inf,False,False
APTV,2025-09-30,2026-06-30,18725000000.0,220000000.0,1351000000.0,-572000000.0,4.0,18725000000.0,220000000.0,1351000000.0,667000000.0,572000000.0,0.0,True,True,0.0,True,True,0.0,True,True,0.1660839160839161,False,False
ARES,2025-09-30,2026-06-30,5987595000.0,636354000.0,912125000.0,-75978000.0,4.0,5302805000.0,636354000.0,912125000.0,18419000.0,75978000.0,-0.11436812276047395,False,False,0.0,True,True,0.0,True,True,-0.7575745610571482,False,False
AXON,2025-09-30,2026-06-30,3219099000.0,199298000.0,265809000.0,-132617000.0,4.0,3219099000.0,199298000.0,265809000.0,132617000.0,132617000.0,0.0,True,True,0.0,True,True,0.0,True,True,0.0,True,True
AXP,2025-09-30,2026-06-30,70914000000.0,11445000000.0,18475000000.0,-3423000000.0,4.0,75950000000.0,11445000000.0,18475000000.0,3423000000.0,3423000000.0,0.07101559635614971,False,False,0.0,True,True,0.0,True,True,0.0,True,True
BA,2025-09-30,2026-06-30,93995000000.0,2435000000.0,3639000000.0,-3768000000.0,4.0,93995000000.0,2435000000.0,3639000000.0,3849000000.0,3768000000.0,0.0,True,True,0.0,True,True,0.0,True,True,0.021496815286624203,False,True
BAC,2025-09-30,2026-06-30,121098000000.0,33655000000.0,94742000000.0,0.0,4.0,121098000000.0,33655000000.0,94742000000.0,,0.0,0.0,True,True,0.0,True,True,0.0,True,True,,False,False
BBY,2025-11-01,2026-08-01,42201000000.0,1272000000.0,2475000000.0,-707000000.0,4.0,42201000000.0,1272000000.0,2475000000.0,707000000.0,707000000.0,0.0,True,True,0.0,True,True,0.0,True,True,0.0,True,True
BEN,2025-09-30,2026-06-30,9324100000.0,812800000.0,277800000.0,-46200000.0,4.0,9324100000.0,812800000.0,277800000.0,154500000.0,46200000.0,0.0,True,True,0.0,True,True,0.0,True,True,2.344155844155844,False,False
BG,2025-09-30,2026-06-30,91819000000.0,1007000000.0,1075000000.0,-1786000000.0,4.0,80547000000.0,683000000.0,588000000.0,1749000000.0,1786000000.0,-0.12276326250558163,False,False,-0.3217477656405164,False,False,-0.4530232558139535,False,False,-0.020716685330347144,False,True
BKNG,2025-09-30,2026-06-30,28241000000.0,7209000000.0,9859000000.0,-320000000.0,4.0,28241000000.0,7209000000.0,9859000000.0,320000000.0,320000000.0,0.0,True,True,0.0,True,True,0.0,True,True,0.0,True,True
BLK,2025-09-30,2026-06-30,27299000000.0,6576000000.0,3938000000.0,-423000000.0,4.0,27299000000.0,6576000000.0,3938000000.0,423000000.0,423000000.0,0.0,True,True,0.0,True,True,0.0,True,True,0.0,True,True
BNY,2025-09-30,2026-06-30,21367000000.0,6299000000.0,3570000000.0,-1978000000.0,4.0,21367000000.0,6299000000.0,3570000000.0,1978000000.0,1978000000.0,0.0,True,True,0.0,True,True,0.0,True,True,0.0,True,True
BRK-B,2025-09-30,2026-06-30,438308000000.0,85768000000.0,46634000000.0,-22419000000.0,4.0,384687000000.0,85768000000.0,46634000000.0,22419000000.0,22419000000.0,-0.12233634795623169,False,False,0.0,True,True,0.0,True,True,0.0,True,True
BSX,2025-09-30,2026-06-30,20996000000.0,3675000000.0,4529000000.0,-904000000.0,4.0,20996000000.0,3675000000.0,4529000000.0,904000000.0,904000000.0,0.0,True,True,0.0,True,True,0.0,True,True,0.0,True,True
BXP,2025-09-30,2026-06-30,3516454000.0,296778000.0,1284500000.0,-558243000.0,4.0,3516454000.0,296778000.0,1284500000.0,,558243000.0,0.0,True,True,0.0,True,True,0.0,True,True,,False,False
C,2025-09-30,2026-06-30,91360000000.0,17839000000.0,-18297000000.0,-6125000000.0,4.0,85225000000.0,14306000000.0,-67632000000.0,6520000000.0,6125000000.0,-0.06715192644483363,False,False,-0.19804921800549358,False,False,-2.696343662895557,False,False,0.06448979591836734,False,False
CASY,2025-10-31,2026-07-31,18672331000.0,772813000.0,1389195000.0,-712118000.0,4.0,18672331000.0,772813000.0,1389195000.0,740269000.0,712118000.0,0.0,True,True,0.0,True,True,0.0,True,True,0.039531369801072296,False,True
CCI,2025-09-30,2026-06-30,4161000000.0,862000000.0,2624000000.0,-218000000.0,4.0,4161000000.0,862000000.0,2624000000.0,218000000.0,218000000.0,0.0,True,True,0.0,True,True,0.0,True,True,0.0,True,True
CDNS,2025-09-30,2026-06-30,5837623000.0,1377994000.0,1854868000.0,-176173000.0,4.0,5528613000.0,1170969000.0,1597542000.0,167630000.0,176173000.0,-0.0529342165467006,False,False,-0.15023650320683543,False,False,-0.13873008753183516,False,False,-0.04849210719009156,False,True
CF,2025-09-30,2026-06-30,7739000000.0,2099000000.0,2977000000.0,-1066000000.0,4.0,7739000000.0,2099000000.0,2977000000.0,1067000000.0,1066000000.0,0.0,True,True,0.0,True,True,0.0,True,True,0.0009380863039399625,True,True
CFG,2025-09-30,2026-06-30,8161000000.0,1984000000.0,2501000000.0,-148000000.0,4.0,8726000000.0,2126000000.0,2501000000.0,126000000.0,148000000.0,0.0692317118000245,False,False,0.0715725806451613,False,False,0.0,True,True,-0.14864864864864866,False,False
CLX,2025-09-30,2026-06-30,6720000000.0,587000000.0,612000000.0,-207000000.0,4.0,6760000000.0,756000000.0,576000000.0,196000000.0,207000000.0,0.005952380952380952,True,True,0.2879045996592845,False,False,-0.058823529411764705,False,False,-0.05314009661835749,False,False
CMI,2025-09-30,2026-06-30,34708000000.0,2715000000.0,4647000000.0,-1280000000.0,4.0,34708000000.0,2715000000.0,4647000000.0,1280000000.0,1280000000.0,0.0,True,True,0.0,True,True,0.0,True,True,0.0,True,True
COHR,2025-09-30,2026-06-30,7118181000.0,804998000.0,79514000.0,-1102909000.0,4.0,7118181000.0,804998000.0,79514000.0,1102909000.0,1102909000.0,0.0,True,True,0.0,True,True,0.0,True,True,0.0,True,True
COIN,2025-09-30,2026-06-30,6282872000.0,-987766000.0,2660690000.0,0.0,4.0,6282872000.0,-987766000.0,1713665000.0,-281000.0,0.0,0.0,True,True,0.0,True,True,-0.355932107836689,False,False,-inf,False,False
COP,2025-09-30,2026-06-30,65283000000.0,9282000000.0,21925000000.0,-11861000000.0,4.0,63345000000.0,9282000000.0,21925000000.0,10159000000.0,11861000000.0,-0.029686135747438076,False,True,0.0,True,True,0.0,True,True,-0.14349548941910462,False,False
COST,2025-08-31,2026-05-10,293587000000.0,8838000000.0,15000000000.0,-6194000000.0,4.0,275235000000.0,8099000000.0,13335000000.0,5498000000.0,6194000000.0,-0.06250957978384601,False,False,-0.08361620276080561,False,False,-0.111,False,False,-0.1123668065870197,False,False
CRH,2025-09-30,2026-06-30,38632000000.0,3838000000.0,5419000000.0,-2307000000.0,4.0,38632000000.0,3838000000.0,5419000000.0,2653000000.0,2307000000.0,0.0,True,True,0.0,True,True,0.0,True,True,0.14997832683138274,False,False
CRL,2025-09-27,2026-06-27,3998987000.0,-238458000.0,582148000.0,-211543000.0,4.0,3998987000.0,-238458000.0,582148000.0,211543000.0,211543000.0,0.0,True,True,0.0,True,True,0.0,True,True,0.0,True,True
CRM,2025-10-31,2026-07-31,43938000000.0,9662000000.0,15750000000.0,-596000000.0,4.0,43938000000.0,9662000000.0,15750000000.0,596000000.0,596000000.0,0.0,True,True,0.0,True,True,0.0,True,True,0.0,True,True
CSCO,2025-10-25,2026-07-25,63325000000.0,13267000000.0,14177000000.0,-1410000000.0,4.0,63325000000.0,13267000000.0,14177000000.0,1410000000.0,1410000000.0,0.0,True,True,0.0,True,True,0.0,True,True,0.0,True,True
CSX,2025-09-30,2026-06-30,14512000000.0,3223000000.0,5322000000.0,-2360000000.0,4.0,14512000000.0,3223000000.0,5322000000.0,2526000000.0,2360000000.0,0.0,True,True,0.0,True,True,0.0,True,True,0.07033898305084746,False,False
CTAS,2025-08-31,2026-05-31,11264761000.0,1999968000.0,2276280000.0,-395105000.0,4.0,11264761000.0,1999968000.0,2276280000.0,395105000.0,395105000.0,0.0,True,True,0.0,True,True,0.0,True,True,0.0,True,True
CVX,2025-09-30,2026-06-30,215261000000.0,20591000000.0,45321000000.0,-17118000000.0,4.0,215261000000.0,20591000000.0,45321000000.0,18309000000.0,17118000000.0,0.0,True,True,0.0,True,True,0.0,True,True,0.06957588503329828,False,False
DAL,2025-09-30,2026-06-30,68287000000.0,3951000000.0,8134000000.0,-4724000000.0,4.0,68287000000.0,3951000000.0,8134000000.0,4476000000.0,4724000000.0,0.0,True,True,0.0,True,True,0.0,True,True,-0.05249788314987299,False,False
DD,2025-09-30,2026-06-30,4701000000.0,55000000.0,1195000000.0,-146000000.0,4.0,6988000000.0,55000000.0,1041000000.0,339000000.0,146000000.0,0.4864922356945331,False,False,0.0,True,True,-0.12887029288702928,False,False,1.321917808219178,False,False
DHR,2025-09-26,2026-06-26,25107000000.0,4004000000.0,6635000000.0,-1146000000.0,4.0,25107000000.0,4004000000.0,6635000000.0,1169000000.0,1146000000.0,0.0,True,True,0.0,True,True,0.0,True,True,0.02006980802792321,False,True
DIS,2025-09-27,2026-06-27,98861000000.0,8600000000.0,16989000000.0,-8696000000.0,4.0,98861000000.0,8600000000.0,16989000000.0,8696000000.0,8696000000.0,0.0,True,True,0.0,True,True,0.0,True,True,0.0,True,True
DOV,2025-09-30,2026-06-30,8420564000.0,1134750000.0,1395359000.0,-218730000.0,4.0,8420564000.0,1134750000.0,1395359000.0,218730000.0,218730000.0,0.0,True,True,0.0,True,True,0.0,True,True,0.0,True,True
DPZ,2025-09-07,2026-06-14,5027815000.0,596523000.0,777805000.0,-124335000.0,4.0,4939994000.0,601704000.0,792062000.0,120558000.0,124335000.0,-0.017467030907064002,False,True,0.008685331496019433,True,True,0.01832978702888256,False,True,-0.030377608879237544,False,True
ED,2025-09-30,2026-06-30,17688000000.0,2217000000.0,3955000000.0,-4817000000.0,4.0,17214000000.0,2155000000.0,4137000000.0,4465000000.0,4817000000.0,-0.026797829036635006,False,True,-0.02796571944068561,False,True,0.04601769911504425,False,True,-0.07307452771434503,False,False
EMR,2025-09-30,2026-06-30,18636000000.0,2577000000.0,3912000000.0,-452000000.0,4.0,18636000000.0,2578000000.0,3912000000.0,452000000.0,452000000.0,0.0,True,True,0.00038804811796662784,True,True,0.0,True,True,0.0,True,True
EOG,2025-09-30,2026-06-30,27026000000.0,6876000000.0,13358000000.0,-6585000000.0,4.0,27026000000.0,6876000000.0,13358000000.0,,6585000000.0,0.0,True,True,0.0,True,True,0.0,True,True,,False,False
ES,2025-09-30,2026-06-30,13998373000.0,1449376000.0,4430451000.0,-4132740000.0,4.0,13998373000.0,1449376000.0,4430451000.0,4132740000.0,4132740000.0,0.0,True,True,0.0,True,True,0.0,True,True,0.0,True,True
ESS,2025-09-30,2026-06-30,1926734000.0,413842000.0,1118023000.0,-537367000.0,4.0,1926734000.0,413842000.0,1118023000.0,,537367000.0,0.0,True,True,0.0,True,True,0.0,True,True,,False,False
EXC,2025-09-30,2026-06-30,25326000000.0,2784000000.0,7212000000.0,-9128000000.0,4.0,24786000000.0,2779000000.0,6778000000.0,8941000000.0,9128000000.0,-0.021321961620469083,False,True,-0.0017959770114942528,True,True,-0.06017748197448697,False,False,-0.020486415425065733,False,True
EXPE,2025-09-30,2026-06-30,15700000000.0,2036000000.0,5216000000.0,-757000000.0,4.0,15700000000.0,2036000000.0,5216000000.0,757000000.0,757000000.0,0.0,True,True,0.0,True,True,0.0,True,True,0.0,True,True
F,2025-09-30,2026-06-30,187973000000.0,-7396000000.0,16947000000.0,-9667000000.0,4.0,189861000000.0,-6105000000.0,18919000000.0,9373000000.0,9667000000.0,0.010043995680230672,False,True,0.17455381287182262,False,False,0.11636277807281525,False,False,-0.03041274438812455,False,True
FCX,2025-09-30,2026-06-30,25868000000.0,2945000000.0,5900000000.0,-3594000000.0,4.0,25868000000.0,2945000000.0,5900000000.0,4295000000.0,3594000000.0,0.0,True,True,0.0,True,True,0.0,True,True,0.19504730105731774,False,False
FE,2025-09-30,2026-06-30,15825000000.0,1085000000.0,3118000000.0,-5082000000.0,4.0,15527000000.0,1065000000.0,3211000000.0,4955000000.0,5082000000.0,-0.018830963665086888,False,True,-0.018433179723502304,False,True,0.02982681205901219,False,True,-0.024990161353797717,False,True
FICO,2025-09-30,2026-06-30,2393575000.0,815017000.0,1001549000.0,-40671000.0,4.0,2393575000.0,815017000.0,1001549000.0,5526000.0,40671000.0,0.0,True,True,0.0,True,True,0.0,True,True,-0.8641292321310025,False,False
FISV,2025-09-30,2026-06-30,20866000000.0,2801000000.0,5831000000.0,-1718000000.0,4.0,20866000000.0,2801000000.0,5831000000.0,1905000000.0,1718000000.0,0.0,True,True,0.0,True,True,0.0,True,True,0.10884749708963912,False,False
FTV,2025-09-26,2026-07-03,4315800000.0,534400000.0,1051300000.0,-98100000.0,4.0,4235400000.0,543700000.0,1076300000.0,122300000.0,98100000.0,-0.01862922285555401,False,True,0.01740269461077844,False,True,0.023780081803481404,False,True,0.24668705402650357,False,False
GPN,2025-09-30,2026-06-30,9627506000.0,-934174000.0,1657741000.0,-835022000.0,4.0,10230917000.0,-934174000.0,1657741000.0,835022000.0,835022000.0,0.06267573346617494,False,False,0.0,True,True,0.0,True,True,0.0,True,True
GWW,2025-09-30,2026-06-30,18845000000.0,1870000000.0,2175000000.0,-669000000.0,4.0,18845000000.0,1870000000.0,2175000000.0,665000000.0,669000000.0,0.0,True,True,0.0,True,True,0.0,True,True,-0.005979073243647235,True,True
HLT,2025-09-30,2026-06-30,12485000000.0,1584000000.0,2109000000.0,-170000000.0,4.0,12485000000.0,1584000000.0,2109000000.0,80000000.0,170000000.0,0.0,True,True,0.0,True,True,0.0,True,True,-0.5294117647058824,False,False
HON,2025-09-30,2026-06-30,36130000000.0,8213000000.0,5118000000.0,-962000000.0,4.0,38057000000.0,8213000000.0,5118000000.0,1108000000.0,962000000.0,0.053335178522003875,False,False,0.0,True,True,0.0,True,True,0.15176715176715178,False,False
HPE,2025-10-31,2026-07-31,41871000000.0,2791000000.0,6694000000.0,-2124000000.0,4.0,41871000000.0,2791000000.0,6694000000.0,2538000000.0,2124000000.0,0.0,True,True,0.0,True,True,0.0,True,True,0.19491525423728814,False,False
HPQ,2025-10-31,2026-07-31,59162000000.0,2451000000.0,4668000000.0,-787000000.0,4.0,59162000000.0,2451000000.0,4668000000.0,787000000.0,787000000.0,0.0,True,True,0.0,True,True,0.0,True,True,0.0,True,True
IBKR,2025-09-30,2026-06-30,6863000000.0,1126000000.0,15915000000.0,-81000000.0,4.0,6863000000.0,1126000000.0,15915000000.0,,81000000.0,0.0,True,True,0.0,True,True,0.0,True,True,,False,False
IBM,2025-09-30,2026-06-30,69096000000.0,10725000000.0,14888000000.0,-1703000000.0,4.0,69096000000.0,10725000000.0,14888000000.0,1098000000.0,1703000000.0,0.0,True,True,0.0,True,True,0.0,True,True,-0.35525543159130946,False,False
IDXX,2025-09-30,2026-06-30,4553223000.0,1139656000.0,1371510000.0,-130728000.0,4.0,4553223000.0,1139656000.0,1371510000.0,117178000.0,130728000.0,0.0,True,True,0.0,True,True,0.0,True,True,-0.1036503273973441,False,False
IEX,2025-09-30,2026-06-30,3585300000.0,519500000.0,716700000.0,-75200000.0,4.0,3585300000.0,519500000.0,716700000.0,75200000.0,75200000.0,0.0,True,True,0.0,True,True,0.0,True,True,0.0,True,True
INTC,2025-09-27,2026-06-27,57032000000.0,-11289000000.0,14936000000.0,-12105000000.0,4.0,57032000000.0,-11289000000.0,14936000000.0,12105000000.0,12105000000.0,0.0,True,True,0.0,True,True,0.0,True,True,0.0,True,True
IRM,2025-09-30,2026-06-30,7562471000.0,418655000.0,1655387000.0,-2134605000.0,4.0,7562471000.0,418655000.0,1655387000.0,2146311000.0,2134605000.0,0.0,True,True,0.0,True,True,0.0,True,True,0.005483918570414667,True,True
ITW,2025-09-30,2026-06-30,16469000000.0,3194000000.0,3330000000.0,-401000000.0,4.0,16469000000.0,3194000000.0,3330000000.0,409000000.0,401000000.0,0.0,True,True,0.0,True,True,0.0,True,True,0.0199501246882793,False,True
JBL,2025-08-31,2026-05-31,33590000000.0,862000000.0,1857000000.0,-361000000.0,4.0,33590000000.0,862000000.0,1857000000.0,551000000.0,361000000.0,0.0,True,True,0.0,True,True,0.0,True,True,0.5263157894736842,False,False
LEN,2025-08-31,2026-05-31,32737235000.0,1615359000.0,882991000.0,-166218000.0,4.0,32737235000.0,1615359000.0,882991000.0,166218000.0,166218000.0,0.0,True,True,0.0,True,True,0.0,True,True,0.0,True,True
LITE,2025-09-27,2026-06-27,3014000000.0,-6935100000.0,751400000.0,-408900000.0,4.0,3014000000.0,-6935100000.0,751400000.0,451300000.0,408900000.0,0.0,True,True,0.0,True,True,0.0,True,True,0.1036928344338469,False,False
LLY,2025-09-30,2026-06-30,79665800000.0,26711200000.0,28083500000.0,-9893400000.0,4.0,79665800000.0,26711200000.0,28083000000.0,,9893400000.0,0.0,True,True,0.0,True,True,-1.7804048640660887e-05,True,True,,False,False
LMT,2025-09-28,2026-06-28,77014000000.0,6287000000.0,10402000000.0,-1673000000.0,4.0,77014000000.0,6287000000.0,10402000000.0,1673000000.0,1673000000.0,0.0,True,True,0.0,True,True,0.0,True,True,0.0,True,True
LRCX,2025-09-28,2026-06-28,23232690000.0,7265396000.0,5857657000.0,-966405000.0,4.0,23232690000.0,7265396000.0,5857657000.0,966405000.0,966405000.0,0.0,True,True,0.0,True,True,0.0,True,True,0.0,True,True
LYV,2025-09-30,2026-06-30,26272535000.0,134700000.0,2608702000.0,-1226000000.0,4.0,26272535000.0,134700000.0,2608702000.0,1226000000.0,1226000000.0,0.0,True,True,0.0,True,True,0.0,True,True,0.0,True,True
MAR,2025-09-30,2026-06-30,26904000000.0,2587000000.0,3728000000.0,-596000000.0,4.0,26904000000.0,2587000000.0,3728000000.0,596000000.0,596000000.0,0.0,True,True,0.0,True,True,0.0,True,True,0.0,True,True
MCHP,2025-09-30,2026-06-30,5122300000.0,478400000.0,1198000000.0,-87100000.0,4.0,5122300000.0,478400000.0,1198000000.0,87100000.0,87100000.0,0.0,True,True,0.0,True,True,0.0,True,True,0.0,True,True
MDT,2025-10-24,2026-07-31,37541000000.0,5231000000.0,8035000000.0,-1903000000.0,4.0,37541000000.0,5231000000.0,8035000000.0,1903000000.0,1903000000.0,0.0,True,True,0.0,True,True,0.0,True,True,0.0,True,True
META,2025-09-30,2026-06-30,228247000000.0,68098000000.0,130301000000.0,-89325000000.0,4.0,228247000000.0,68098000000.0,130301000000.0,89325000000.0,89325000000.0,0.0,True,True,0.0,True,True,0.0,True,True,0.0,True,True
MGM,2025-09-30,2026-06-30,17761442000.0,425926000.0,2463036000.0,-448888000.0,4.0,17761442000.0,425926000.0,2463036000.0,968489000.0,448888000.0,0.0,True,True,0.0,True,True,0.0,True,True,1.1575292723351926,False,False
MMM,2025-09-30,2026-06-30,25180000000.0,2997000000.0,4899000000.0,-826000000.0,4.0,25180000000.0,2997000000.0,4899000000.0,914000000.0,826000000.0,0.0,True,True,0.0,True,True,0.0,True,True,0.10653753026634383,False,False
MO,2025-09-30,2026-06-30,23457000000.0,7973000000.0,9408000000.0,-296000000.0,4.0,23457000000.0,7973000000.0,9408000000.0,296000000.0,296000000.0,0.0,True,True,0.0,True,True,0.0,True,True,0.0,True,True
MPC,2025-09-30,2026-06-30,156176000000.0,8554000000.0,17126000000.0,-3232000000.0,4.0,153577000000.0,8554000000.0,17126000000.0,4227000000.0,3232000000.0,-0.01664148140559369,False,True,0.0,True,True,0.0,True,True,0.30785891089108913,False,False
MSI,2025-09-27,2026-07-04,12236000000.0,2134000000.0,2974000000.0,-296000000.0,4.0,12236000000.0,2134000000.0,2974000000.0,297000000.0,296000000.0,0.0,True,True,0.0,True,True,0.0,True,True,0.0033783783783783786,True,True
NCLH,2025-09-30,2026-06-30,10154307000.0,760768000.0,2109712000.0,-3295106000.0,4.0,10154307000.0,760768000.0,2109712000.0,3295106000.0,3295106000.0,0.0,True,True,0.0,True,True,0.0,True,True,0.0,True,True
NEE,2025-09-30,2026-06-30,28701000000.0,9299000000.0,13803000000.0,-10755000000.0,4.0,27867000000.0,8183000000.0,12330000000.0,,10755000000.0,-0.029058220967910525,False,True,-0.1200129046133993,False,False,-0.10671593131927842,False,False,,False,False
NFLX,2025-09-30,2026-06-30,48370764000.0,13649642000.0,11970833000.0,-818828000.0,4.0,48370764000.0,13649642000.0,11970833000.0,818828000.0,818828000.0,0.0,True,True,0.0,True,True,0.0,True,True,0.0,True,True
NOW,2025-09-30,2026-06-30,14732000000.0,1670000000.0,5308000000.0,-728000000.0,4.0,14732000000.0,1670000000.0,5308000000.0,728000000.0,728000000.0,0.0,True,True,0.0,True,True,0.0,True,True,0.0,True,True
NTAP,2025-10-24,2026-07-31,7391000000.0,1418000000.0,1897000000.0,-247000000.0,4.0,7391000000.0,1418000000.0,1897000000.0,247000000.0,247000000.0,0.0,True,True,0.0,True,True,0.0,True,True,0.0,True,True
NWSA,2025-09-30,2026-06-30,9028000000.0,573000000.0,1231000000.0,-426000000.0,4.0,9028000000.0,573000000.0,1237000000.0,426000000.0,426000000.0,0.0,True,True,0.0,True,True,0.00487408610885459,True,True,0.0,True,True
OKE,2025-09-30,2026-06-30,39366000000.0,3656000000.0,6157000000.0,-3251000000.0,4.0,39366000000.0,3656000000.0,6157000000.0,3251000000.0,3251000000.0,0.0,True,True,0.0,True,True,0.0,True,True,0.0,True,True
OMC,2025-09-30,2026-06-30,22371300000.0,390200000.0,2582500000.0,-193300000.0,4.0,19824400000.0,63000000.0,3171800000.0,181500000.0,193300000.0,-0.11384675901713356,False,False,-0.8385443362378268,False,False,0.22818973862536301,False,False,-0.061045007759958615,False,False
ORLY,2025-09-30,2026-06-30,18572562000.0,2650374000.0,3289439000.0,-1099888000.0,4.0,18572562000.0,2650374000.0,3289439000.0,1133180000.0,1099888000.0,0.0,True,True,0.0,True,True,0.0,True,True,0.03026853643280043,False,True
OTIS,2025-09-30,2026-06-30,14911000000.0,1516000000.0,1871000000.0,-133000000.0,4.0,14911000000.0,1516000000.0,1871000000.0,159000000.0,133000000.0,0.0,True,True,0.0,True,True,0.0,True,True,0.19548872180451127,False,False
OXY,2025-09-30,2026-06-30,22212000000.0,7254000000.0,10976000000.0,-5690000000.0,4.0,21671000000.0,6532000000.0,10976000000.0,6183000000.0,5690000000.0,-0.024356203853772736,False,True,-0.09953129307968017,False,False,0.0,True,True,0.08664323374340949,False,False
PLTR,2025-09-30,2026-06-30,6155941000.0,3016692000.0,3400291000.0,-42019000.0,4.0,6155941000.0,3016692000.0,3400291000.0,42019000.0,42019000.0,0.0,True,True,0.0,True,True,0.0,True,True,0.0,True,True
PPL,2025-09-30,2026-06-30,9398000000.0,1266000000.0,3387000000.0,-5668000000.0,4.0,9312000000.0,1219000000.0,2673000000.0,4295000000.0,5668000000.0,-0.009150883166631199,True,True,-0.03712480252764613,False,True,-0.2108060230292294,False,False,-0.24223712067748765,False,False
RJF,2025-09-30,2026-06-30,15249000000.0,2306000000.0,1639000000.0,-197000000.0,4.0,15249000000.0,2306000000.0,1639000000.0,197000000.0,197000000.0,0.0,True,True,0.0,True,True,0.0,True,True,0.0,True,True
RL,2025-09-27,2026-06-27,8355200000.0,982900000.0,1317400000.0,-315400000.0,4.0,8355200000.0,982900000.0,1317400000.0,436600000.0,315400000.0,0.0,True,True,0.0,True,True,0.0,True,True,0.3842739378566899,False,False
RMD,2025-09-30,2026-06-30,5653443000.0,1523293000.0,1805829000.0,-156285000.0,4.0,5653443000.0,1523293000.0,1805829000.0,156285000.0,156285000.0,0.0,True,True,0.0,True,True,0.0,True,True,0.0,True,True
ROL,2025-09-30,2026-06-30,3924019000.0,531716000.0,646966000.0,-27797000.0,4.0,3924019000.0,531716000.0,646966000.0,27797000.0,27797000.0,0.0,True,True,0.0,True,True,0.0,True,True,0.0,True,True
ROST,2025-11-01,2026-08-01,24511798000.0,2659063000.0,3660573000.0,-870387000.0,4.0,24511798000.0,2659063000.0,3660573000.0,870387000.0,870387000.0,0.0,True,True,0.0,True,True,0.0,True,True,0.0,True,True
SBUX,2025-09-28,2026-06-28,38338300000.0,1982700000.0,4985900000.0,-1343800000.0,4.0,38338300000.0,1982700000.0,4985900000.0,1343800000.0,1343800000.0,0.0,True,True,0.0,True,True,0.0,True,True,0.0,True,True
SHW,2025-09-30,2026-06-30,24410300000.0,2688200000.0,3886700000.0,-673500000.0,4.0,24410300000.0,2688200000.0,3886700000.0,673500000.0,673500000.0,0.0,True,True,0.0,True,True,0.0,True,True,0.0,True,True
SJM,2025-10-31,2026-07-31,9156900000.0,229500000.0,1909900000.0,-321000000.0,4.0,9156900000.0,229500000.0,1909900000.0,321500000.0,321000000.0,0.0,True,True,0.0,True,True,0.0,True,True,0.001557632398753894,True,True
SNDK,2025-10-03,2026-07-03,20248000000.0,11433000000.0,11671000000.0,-177000000.0,4.0,20248000000.0,11433000000.0,11671000000.0,177000000.0,177000000.0,0.0,True,True,0.0,True,True,0.0,True,True,0.0,True,True
SRE,2025-09-30,2026-06-30,13552000000.0,2281000000.0,2515000000.0,-2474000000.0,4.0,13555000000.0,1957000000.0,4892000000.0,10737000000.0,2474000000.0,0.00022136953955135774,True,True,-0.14204296361245067,False,False,0.9451292246520875,False,False,3.339935327405012,False,False
STE,2025-09-30,2026-06-30,6037600000.0,805100000.0,1288500000.0,-352500000.0,4.0,6037600000.0,805100000.0,1288500000.0,362900000.0,352500000.0,0.0,True,True,0.0,True,True,0.0,True,True,0.02950354609929078,False,True
STLD,2025-09-30,2026-06-30,20538678000.0,1607241000.0,1571572000.0,-616009000.0,4.0,20538678000.0,1607241000.0,1571572000.0,616009000.0,616009000.0,0.0,True,True,0.0,True,True,0.0,True,True,0.0,True,True
STT,2025-09-30,2026-06-30,15056000000.0,3221000000.0,3474000000.0,-1455000000.0,4.0,15056000000.0,3456000000.0,3474000000.0,1455000000.0,1455000000.0,0.0,True,True,0.07295870847562869,False,False,0.0,True,True,0.0,True,True
STZ,2025-08-31,2026-05-31,9056700000.0,1824400000.0,2693600000.0,-800400000.0,4.0,9056700000.0,1824400000.0,2693600000.0,859400000.0,800400000.0,0.0,True,True,0.0,True,True,0.0,True,True,0.07371314342828586,False,False
SWKS,2025-10-03,2026-07-03,4014100000.0,290100000.0,716200000.0,-282000000.0,4.0,4014100000.0,290100000.0,716200000.0,282000000.0,282000000.0,0.0,True,True,0.0,True,True,0.0,True,True,0.0,True,True
SYF,2025-09-30,2026-06-30,9908000000.0,3435000000.0,9694000000.0,0.0,4.0,19247000000.0,3518000000.0,9694000000.0,,0.0,0.9425716592652402,False,False,0.02416302765647744,False,True,0.0,True,True,,False,False
SYK,2025-09-30,2026-06-30,25837000000.0,3729000000.0,5525000000.0,-823000000.0,4.0,25837000000.0,3729000000.0,5525000000.0,823000000.0,823000000.0,0.0,True,True,0.0,True,True,0.0,True,True,0.0,True,True
TDY,2025-09-28,2026-06-28,6374400000.0,974800000.0,1271300000.0,-129200000.0,4.0,6374400000.0,974800000.0,1271300000.0,129200000.0,129200000.0,0.0,True,True,0.0,True,True,0.0,True,True,0.0,True,True
TFC,2025-09-30,2026-06-30,19028000000.0,5840000000.0,5797000000.0,0.0,4.0,20850000000.0,5533000000.0,5797000000.0,564000000.0,0.0,0.09575362623502208,False,False,-0.05256849315068493,False,False,0.0,True,True,inf,False,False
TGT,2025-11-01,2026-08-01,107705000000.0,4392000000.0,8723000000.0,-4267000000.0,4.0,107705000000.0,4393000000.0,8723000000.0,4267000000.0,4267000000.0,0.0,True,True,0.00022768670309653916,True,True,0.0,True,True,0.0,True,True
TJX,2025-11-01,2026-08-01,62363000000.0,6067000000.0,8034000000.0,-2158000000.0,4.0,62363000000.0,6067000000.0,8034000000.0,2158000000.0,2158000000.0,0.0,True,True,0.0,True,True,0.0,True,True,0.0,True,True
TRGP,2025-09-30,2026-06-30,16741500000.0,2267600000.0,4285500000.0,-3544600000.0,4.0,16741500000.0,2267600000.0,4285500000.0,3544600000.0,3544600000.0,0.0,True,True,0.0,True,True,0.0,True,True,0.0,True,True
TROW,2025-09-30,2026-06-30,7592000000.0,2221600000.0,1932200000.0,-258400000.0,4.0,7592000000.0,2221600000.0,1932200000.0,258400000.0,258400000.0,0.0,True,True,0.0,True,True,0.0,True,True,0.0,True,True
TRV,2025-09-30,2026-06-30,48979000000.0,8303000000.0,11026000000.0,0.0,4.0,48979000000.0,8303000000.0,11026000000.0,,0.0,0.0,True,True,0.0,True,True,0.0,True,True,,False,False
TSLA,2025-09-30,2026-06-30,103619000000.0,3804000000.0,18685000000.0,-12923000000.0,4.0,103619000000.0,3804000000.0,18685000000.0,12923000000.0,12923000000.0,0.0,True,True,0.0,True,True,0.0,True,True,0.0,True,True
TXT,2025-09-27,2026-07-04,15299000000.0,937000000.0,1236000000.0,-471000000.0,4.0,15299000000.0,937000000.0,1236000000.0,477000000.0,471000000.0,0.0,True,True,0.0,True,True,0.0,True,True,0.012738853503184714,False,True
UAL,2025-09-30,2026-06-30,62902000000.0,3497000000.0,8913000000.0,-6286000000.0,4.0,62902000000.0,3497000000.0,8913000000.0,6369000000.0,6286000000.0,0.0,True,True,0.0,True,True,0.0,True,True,0.013203945275214762,False,True
UBER,2025-09-30,2026-06-30,55227000000.0,9579000000.0,10424000000.0,-308000000.0,4.0,55227000000.0,9579000000.0,10424000000.0,308000000.0,308000000.0,0.0,True,True,0.0,True,True,0.0,True,True,0.0,True,True
UHS,2025-09-30,2026-06-30,18114487000.0,1526027000.0,1800302000.0,-989561000.0,4.0,18114487000.0,1526027000.0,1800302000.0,954902000.0,989561000.0,0.0,True,True,0.0,True,True,0.0,True,True,-0.03502462202936454,False,True
ULTA,2025-11-01,2026-08-01,12955517000.0,1210027000.0,1567827000.0,-418375000.0,4.0,12955517000.0,1210027000.0,1567827000.0,418375000.0,418375000.0,0.0,True,True,0.0,True,True,0.0,True,True,0.0,True,True
UPS,2025-09-30,2026-06-30,89930000000.0,4570000000.0,8867000000.0,-3410000000.0,4.0,89930000000.0,4570000000.0,8867000000.0,3410000000.0,3410000000.0,0.0,True,True,0.0,True,True,0.0,True,True,0.0,True,True
V,2025-09-30,2026-06-30,44488000000.0,22592000000.0,22580000000.0,-1567000000.0,4.0,43027000000.0,22236000000.0,22756000000.0,1571000000.0,1567000000.0,-0.032840316489839955,False,True,-0.015757790368271955,False,True,0.007794508414526129,True,True,0.0025526483726866626,True,True
VLTO,2025-10-03,2026-07-03,5696000000.0,988000000.0,1103000000.0,-56000000.0,4.0,5593000000.0,969000000.0,1102000000.0,60000000.0,56000000.0,-0.018082865168539325,False,True,-0.019230769230769232,False,True,-0.0009066183136899365,True,True,0.07142857142857142,False,False
VRT,2025-09-30,2026-06-30,11479600000.0,1732000000.0,3354200000.0,-430200000.0,4.0,11479600000.0,1732000000.0,3354200000.0,424400000.0,430200000.0,0.0,True,True,0.0,True,True,0.0,True,True,-0.013482101348210134,False,True
VZ,2025-09-30,2026-06-30,138895000000.0,16172000000.0,38799000000.0,-17268000000.0,4.0,138895000000.0,16172000000.0,38799000000.0,16964000000.0,17268000000.0,0.0,True,True,0.0,True,True,0.0,True,True,-0.017604818160759785,False,True
WMB,2025-09-30,2026-06-30,12204000000.0,3073000000.0,5994000000.0,-5823000000.0,4.0,12204000000.0,3073000000.0,5994000000.0,6102000000.0,5823000000.0,0.0,True,True,0.0,True,True,0.0,True,True,0.04791344667697063,False,True
WMT,2025-10-31,2026-07-31,735840000000.0,22076000000.0,42923000000.0,-29225000000.0,4.0,735840000000.0,22076000000.0,42923000000.0,29414000000.0,29225000000.0,0.0,True,True,0.0,True,True,0.0,True,True,0.006467065868263473,True,True
WST,2025-09-30,2026-06-30,3326800000.0,564900000.0,662200000.0,-225300000.0,4.0,3326800000.0,564900000.0,662200000.0,225300000.0,225300000.0,0.0,True,True,0.0,True,True,0.0,True,True,0.0,True,True
WYNN,2025-09-30,2026-06-30,7413425000.0,448885000.0,1459197000.0,-667330000.0,4.0,7413425000.0,448885000.0,1459197000.0,667323000.0,667330000.0,0.0,True,True,0.0,True,True,0.0,True,True,-1.0489562884929496e-05,True,True
ZBH,2025-09-30,2026-06-30,8508900000.0,806600000.0,1743300000.0,-543200000.0,4.0,8508900000.0,806600000.0,1743300000.0,220300000.0,543200000.0,0.0,True,True,0.0,True,True,0.0,True,True,-0.594440353460972,False,False
