ticker,staleness_days,last_form,last_period_end,last_filed_date
C,268.0,10-K,2025-12-31,2026-02-20
GRMN,181.0,10-Q,2026-03-28,2026-04-29
NXPI,180.0,10-Q,2026-03-29,2026-04-28
ABT,178.0,10-Q,2026-03-31,2026-04-29
AEP,178.0,10-Q,2026-03-31,2026-05-05
HUBB,178.0,10-Q,2026-03-31,2026-05-01
F,178.0,10-Q,2026-03-31,2026-04-30
OMC,178.0,10-Q,2026-03-31,2026-04-29
CLX,178.0,10-Q,2026-03-31,2026-04-30
ETR,178.0,10-Q,2026-03-31,2026-05-01
UDR,178.0,10-Q,2026-03-31,2026-04-30
MAS,178.0,10-Q,2026-03-31,2026-04-22
SPGI,178.0,10-Q,2026-03-31,2026-04-28
PNR,178.0,10-Q,2026-03-31,2026-04-28
PPG,178.0,10-Q,2026-03-31,2026-04-29
HBAN,178.0,10-Q,2026-03-31,2026-04-30
FRT,178.0,10-Q,2026-03-31,2026-05-01
JCI,178.0,10-Q,2026-03-31,2026-05-06
HCA,178.0,10-Q,2026-03-31,2026-04-29
D,178.0,10-Q,2026-03-31,2026-05-01
LNT,178.0,10-Q,2026-03-31,2026-05-01
NEE,178.0,10-Q,2026-03-31,2026-04-23
WELL,178.0,10-Q,2026-03-31,2026-04-29
CDNS,178.0,10-Q,2026-03-31,2026-05-01
EIX,178.0,10-Q,2026-03-31,2026-04-28
CB,178.0,10-Q,2026-03-31,2026-04-28
INCY,178.0,10-Q,2026-03-31,2026-04-28
BIIB,178.0,10-Q,2026-03-31,2026-04-29
FE,178.0,10-Q,2026-03-31,2026-04-28
REG,178.0,10-Q,2026-03-31,2026-05-04
PPL,178.0,10-Q,2026-03-31,2026-05-08
SO,178.0,10-Q,2026-03-31,2026-04-30
HUM,178.0,10-Q,2026-03-31,2026-04-29
CNP,178.0,10-Q,2026-03-31,2026-04-23
DLR,178.0,10-Q,2026-03-31,2026-05-01
VMC,178.0,10-Q,2026-03-31,2026-04-29
DUK,178.0,10-Q,2026-03-31,2026-05-05
V,178.0,10-Q,2026-03-31,2026-04-29
SRE,178.0,10-Q,2026-03-31,2026-05-07
PLD,178.0,10-Q,2026-03-31,2026-04-30
MAA,178.0,10-Q,2026-03-31,2026-04-30
ED,178.0,10-Q,2026-03-31,2026-05-07
CTSH,178.0,10-Q,2026-03-31,2026-04-29
LII,178.0,10-Q,2026-03-31,2026-04-29
URI,178.0,10-Q,2026-03-31,2026-04-22
MDLZ,178.0,10-Q,2026-03-31,2026-04-28
EXC,178.0,10-Q,2026-03-31,2026-05-06
PFG,178.0,10-Q,2026-03-31,2026-04-29
DTE,178.0,10-Q,2026-03-31,2026-04-30
BE,178.0,10-Q,2026-03-31,2026-04-29
EVRG,178.0,10-Q,2026-03-31,2026-05-07
DOW,178.0,10-Q,2026-03-31,2026-04-24
CARR,178.0,10-Q,2026-03-31,2026-04-30
BG,178.0,10-Q,2026-03-31,2026-04-29
VRSK,178.0,10-Q,2026-03-31,2026-04-29
IQV,178.0,10-Q,2026-03-31,2026-05-05
PYPL,178.0,10-Q,2026-03-31,2026-05-05
GEHC,178.0,10-Q,2026-03-31,2026-04-29
KO,175.0,10-Q,2026-04-03,2026-04-30
FTV,175.0,10-Q,2026-04-03,2026-04-30
VLTO,175.0,10-Q,2026-04-03,2026-04-29
GD,173.0,10-Q,2026-04-05,2026-04-29
CPRT,148.0,10-Q,2026-04-30,2026-05-29
AZO,139.0,10-Q,2026-05-09,2026-06-12
COST,138.0,10-Q,2026-05-10,2026-06-03
