ticker,cik,fy_end,filed_fy,val_fy,val_9m,val_q4_derived,panel_month,panel_ttm,diff_pct,within_1pct
VIAV,912093,2016-07-02,2016-08-30,906300000.0,682200000.0,224100000.0,2016-08-31,906300000.0,0.0,True
IQV,1478242,2023-12-31,2024-02-15,14984000000.0,11116000000.0,3868000000.0,2024-02-29,14984000000.0,0.0,True
SPGI,64040,2014-12-31,2015-02-13,5051000000.0,3761000000.0,1290000000.0,2015-02-27,5051000000.0,0.0,True
MPWR,1280452,2025-12-31,2026-02-27,2790459000.0,2039304000.0,751155000.0,2026-02-27,2790459000.0,0.0,True
BKR,1701605,2021-12-31,2022-02-11,20502000000.0,15017000000.0,5485000000.0,2022-02-28,20502000000.0,0.0,True
NRG,1013871,2019-12-31,2020-02-27,9821000000.0,7626000000.0,2195000000.0,2020-02-28,9821000000.0,0.0,True
VRSN,1014473,2019-12-31,2020-02-14,1231661000.0,921118000.0,310543000.0,2020-02-28,1231661000.0,0.0,True
NWL,814453,2019-12-31,2020-03-02,9714900000.0,6738500000.0,2976400000.0,2020-03-31,9714900000.0,0.0,True
AVY,8818,2019-12-28,2020-02-26,7070100000.0,5297200000.0,1772900000.0,2020-02-28,7070100000.0,0.0,True
TXN,97476,2025-12-31,2026-02-06,17682000000.0,13259000000.0,4423000000.0,2026-02-27,17682000000.0,0.0,True
MET,1099219,2022-12-31,2023-02-23,2110000000.0,53582000000.0,-51472000000.0,2023-02-28,69898000000.0,32.12701421800948,False
CBRE,1138118,2012-12-31,2013-03-01,6514099000.0,4508253000.0,2005846000.0,2013-03-28,6514099000.0,0.0,True
PFG,1126328,2023-12-31,2024-02-20,13665800000.0,10975000000.0,2690800000.0,2024-02-29,13665800000.0,0.0,True
MPC,1510295,2023-12-31,2024-02-28,148379000000.0,112124000000.0,36255000000.0,2024-02-29,148379000000.0,0.0,True
UPS,1090727,2020-12-31,2021-02-22,84628000000.0,59732000000.0,24896000000.0,2021-02-26,84628000000.0,0.0,True
WHR,106640,2024-12-31,2025-02-13,16607000000.0,12471000000.0,4136000000.0,2025-02-28,16607000000.0,0.0,True
LULU,1397187,2022-01-30,2022-03-29,6256617000.0,4127504000.0,2129113000.0,2022-03-31,6256617000.0,0.0,True
MSCI,1408198,2009-11-30,2011-01-31,442948000.0,324158000.0,118790000.0,2011-01-31,662901000.0,0.4965661883561953,False
RRC,315852,2013-12-31,2014-02-26,1862719000.0,1434633000.0,428086000.0,2014-02-28,1862719000.0,0.0,True
BMY,14272,2010-12-31,2011-02-18,19484000000.0,14373000000.0,5111000000.0,2011-02-28,19484000000.0,0.0,True
FMC,37785,2008-12-31,2010-02-22,3115300000.0,2377600000.0,737700000.0,2010-02-26,2826200000.0,-0.09280005135941964,False
INCY,879169,2023-12-31,2024-02-13,3695649000.0,2682308000.0,1013341000.0,2024-02-29,3695649000.0,0.0,True
FLR,1124198,2015-12-31,2016-02-18,18114048000.0,13743367000.0,4370681000.0,2016-02-29,18114048000.0,0.0,True
SPGI,64040,2012-12-31,2013-02-28,4450000000.0,4830000000.0,-380000000.0,2013-02-28,4450000000.0,0.0,True
EXC,1109357,2023-12-31,2024-02-21,21727000000.0,16360000000.0,5367000000.0,2024-02-29,21727000000.0,0.0,True
HAL,45012,2012-12-31,2013-02-11,28503000000.0,21213000000.0,7290000000.0,2013-02-28,28503000000.0,0.0,True
IT,749251,2022-12-31,2023-02-16,5475846000.0,3971129000.0,1504717000.0,2023-02-28,5475846000.0,0.0,True
MAR,1048286,2024-12-31,2025-02-11,25100000000.0,18671000000.0,6429000000.0,2025-02-28,25100000000.0,0.0,True
DVN,1090012,2009-12-31,2010-02-25,8015000000.0,6216000000.0,1799000000.0,2010-02-26,8015000000.0,0.0,True
MGM,789570,2018-12-31,2019-02-27,11763096000.0,8710234000.0,3052862000.0,2019-02-28,11763096000.0,0.0,True
WU,1365135,2020-12-31,2021-02-19,4625100000.0,3563200000.0,1061900000.0,2021-02-26,4835000000.0,0.04538280253399927,False
PKG,75677,2022-12-31,2023-02-23,8478000000.0,6499600000.0,1978400000.0,2023-02-28,8478000000.0,0.0,True
MAT,63276,2015-12-31,2016-02-25,5702613000.0,3702869000.0,1999744000.0,2016-02-29,5702613000.0,0.0,True
CASY,726958,2024-04-30,2024-06-24,14862913000.0,11262898000.0,3600015000.0,2024-06-28,14862913000.0,0.0,True
FAST,815556,2009-12-31,2010-02-09,1930330000.0,1453580000.0,476750000.0,2010-02-26,1930330000.0,0.0,True
CIEN,936395,2018-10-31,2018-12-21,3094286000.0,2194930000.0,899356000.0,2018-12-31,3094286000.0,0.0,True
PCAR,75362,2018-12-31,2019-02-21,23495700000.0,17216000000.0,6279700000.0,2019-02-28,23495700000.0,0.0,True
BE,1664703,2023-12-31,2024-02-15,1268782000.0,927501000.0,341281000.0,2024-02-29,1333470000.0,0.05098432985335542,False
TDY,1094285,2013-12-29,2014-02-25,1031800000.0,1742000000.0,-710200000.0,2014-02-28,2338600000.0,1.2665245202558635,False
KIM,879101,2013-12-31,2014-02-26,946673000.0,716543000.0,230130000.0,2014-02-28,946673000.0,0.0,True
GEN,849399,2023-03-31,2023-05-25,3338000000.0,2391000000.0,947000000.0,2023-05-31,3338000000.0,0.0,True
ANF,1018840,2022-01-29,2022-03-28,3712768000.0,2551415000.0,1161353000.0,2022-03-31,3712768000.0,0.0,True
VNT,1786842,2024-12-31,2025-02-13,2979000000.0,2202200000.0,776800000.0,2025-02-28,2979000000.0,0.0,True
ADBE,796343,2019-11-29,2020-01-21,11171297000.0,8179352000.0,2991945000.0,2020-01-31,11171297000.0,0.0,True
LLY,59478,2022-12-31,2023-02-22,28541400000.0,21239600000.0,7301800000.0,2023-02-28,28541400000.0,0.0,True
KR,56873,2026-01-31,2026-03-31,147642000000.0,112917000000.0,34725000000.0,2026-03-31,147642000000.0,0.0,True
RVTY,31791,2022-01-02,2022-03-03,5067169000.0,3702844000.0,1364325000.0,2022-03-31,5067169000.0,0.0,True
PLD,1045609,2020-12-31,2021-02-11,4438735000.0,3327138000.0,1111597000.0,2021-02-26,4438735000.0,0.0,True
MDT,1613103,2017-04-28,2017-06-27,29710000000.0,21794000000.0,7916000000.0,2017-06-30,29710000000.0,0.0,True
SW,2005951,2023-12-31,2025-03-07,12093000000.0,9231000000.0,2862000000.0,2025-03-31,21109000000.0,0.7455552799139998,False
HWM,4281,2024-12-31,2025-02-14,7430000000.0,5539000000.0,1891000000.0,2025-02-28,7430000000.0,0.0,True
MDLZ,1103982,2023-12-31,2024-02-02,36016000000.0,26702000000.0,9314000000.0,2024-02-29,36016000000.0,0.0,True
NKTR,906709,2012-12-31,2013-03-01,81191000.0,60045000.0,21146000.0,2013-03-28,81191000.0,0.0,True
PGR,80661,2013-12-31,2014-02-26,18170900000.0,13552100000.0,4618800000.0,2014-02-28,18170900000.0,0.0,True
EBAY,1065088,2018-12-31,2019-01-30,10746000000.0,7869000000.0,2877000000.0,2019-01-31,10746000000.0,0.0,True
