,q_gross,q_net,t30_gross,t30_net,ew,spy
2010-02-26,0.02835188705423842,0.027351887054238418,0.03382991757818358,0.03282991757818358,0.04156081123641611,0.03119507958926593
2010-03-31,0.05523995378340474,0.05413995378340474,0.05308414856106669,0.052017481894400024,0.06935988371434969,0.06087988667448907
2010-04-30,0.011052517107793527,0.010158900086516931,0.01620196091680301,0.015335294250136343,0.03688031183314454,0.015469397923991268
2010-05-28,-0.06281238334650803,-0.06327071667984137,-0.05403719493214997,-0.054503861598816636,-0.06698069995310367,-0.07945454248694472
2010-06-30,-0.05071338148833401,-0.051529708018946255,-0.05359115850071489,-0.05445782516738156,-0.05152843460220183,-0.051740816259874256
2010-07-30,0.05938446161348993,0.0589354820216532,0.0455750832999045,0.04504174996657117,0.07097653450273782,0.0683010516756486
2010-08-31,-0.02655090615063579,-0.02717835713102795,-0.026521917915426633,-0.02732191791542663,-0.04083163626913753,-0.044980907903329315
2010-09-30,0.10541161292695589,0.10436243259908703,0.0920892925028564,0.09075595916952306,0.10152138263890376,0.08955501880103744
2010-10-29,0.038068911838385136,0.03745600861257868,0.03719999583897579,0.03659999583897579,0.04289760953972892,0.038202106538726355
2010-11-30,0.00540363405355179,0.0050226816725994095,0.003224924700533123,0.002624924700533123,0.009268164721166714,0.0
2010-12-31,0.05997848567014657,0.059486177977838874,0.06449517850399904,0.06389517850399903,0.07142108440573867,0.06685207600617549
2011-01-31,0.01909581701560599,0.018762483682272655,0.02144706687499046,0.020913733541657126,0.026835550018531898,0.023300176090321756
2011-02-28,0.054008776417309556,0.05364514005367319,0.05313625751770474,0.052669590851038076,0.03811225128078554,0.03473695326597359
2011-03-31,0.02499477527632793,0.024105886387439043,0.03392166840979615,0.03325500174312948,0.014427294466334705,0.0001207026297094238
2011-04-29,0.031601941291768965,0.03108842777825545,0.024791592384192332,0.024191592384192332,0.033509116066632635,0.028961134670064892
2011-05-31,0.008425398817201436,0.00793891233071495,0.0047860031767451554,0.004319336510078489,-0.004508587734872892,-0.011214327509680877
2011-06-30,-0.009385111459153507,-0.009971778125820173,-0.011283530389629903,-0.011950197056296569,-0.018009696346252112,-0.016869837714153846
2011-07-29,-0.020352977039665817,-0.020642450723876344,-0.018916708440683362,-0.019250041774016697,-0.03638893007510327,-0.0200047477999169
2011-08-31,-0.04923656177036868,-0.04962617215997907,-0.033044719624502415,-0.03364471962450242,-0.05719479046208589,-0.05497529825579395
2011-09-30,-0.07484128879316433,-0.07543103238290792,-0.06082870271824617,-0.06169536938491284,-0.08007322260596748,-0.06942093032559382
2011-10-31,0.12202595123761663,0.1216462044021736,0.11906311623435256,0.1183964495676859,0.13026655639774368,0.1091474364940479
2011-11-30,0.009353838226933801,0.008923458480098357,-0.0072580355867609865,-0.00799136892009432,-0.00029256410247686736,-0.004063880946704845
2011-12-30,0.012342082427621583,0.011886386225089937,0.026548976826667202,0.02601564349333387,0.00760713655992408,0.010448335781061857
2012-01-31,0.044758925495839666,0.044508925495839666,0.03855292841358657,0.03815292841358657,0.07272283621044938,0.04637425597806133
2012-02-29,0.03722721708861959,0.03695221708861959,0.029253059632648626,0.02891972629931529,0.03985487056605068,0.04340591591631204
2012-03-30,0.03879012257545045,0.03813158599008459,0.03239150002323299,0.031591500023232987,0.03148920117242449,0.03216356034177292
2012-04-30,0.01576291721891184,0.015401471435779312,0.006320967655718726,0.005920967655718726,-0.0029603875548366763,-0.006675761192001861
2012-05-31,-0.05332261520149216,-0.053635868213540355,-0.04491665618579905,-0.04544998951913238,-0.0557249149121429,-0.0600554426282881
2012-06-29,0.03726738137893082,0.036689068125918774,0.04471382905721593,0.043780495723882595,0.03427948168029076,0.04058057258495551
2012-07-31,0.010077788020523434,0.009839692782428196,0.013701023401643395,0.013367690068310062,0.00489151972847907,0.011829934720672508
2012-08-31,0.024920747272597087,0.02444455679640661,0.022513487090799037,0.021980153757465704,0.02913996417170799,0.02505276089692643
2012-09-28,0.022585757522419304,0.02206194799860978,0.020106897160235865,0.019373563826902532,0.02327683500653779,0.025350487310906278
2012-10-31,-0.011168121216796901,-0.011501454550130234,-0.007523773839006901,-0.007857107172340234,-0.0056378447798297844,-0.018198301704729025
2012-11-30,0.01053740280964953,0.010037402809649529,0.005283761886303644,0.004550428552970311,0.020307669101456212,0.005659715643907992
2012-12-31,0.019243169651004612,0.018576502984337946,0.028243159041382224,0.027509825708048892,0.021219810874907225,0.00893453443913228
2013-01-31,0.06478174876869584,0.0644484154353625,0.05984042156653511,0.05944042156653511,0.06753752941867236,0.05119008064708641
2013-02-28,0.021145380023806153,0.020835856214282345,0.018160012811990384,0.01762667947865705,0.017038131870510363,0.012759118529447333
2013-03-28,0.048533069886153,0.04784259369567681,0.04532787115959188,0.04426120449292521,0.04480871716149102,0.03797121222795208
2013-04-30,0.016115573712349215,0.015639383236158738,0.016687934834361668,0.016087934834361668,0.021488091194145336,0.019212565656503866
2013-05-31,0.02019419381859382,0.019741812866212866,0.03215275814113979,0.03161942480780646,0.026925231657544277,0.02360952254225257
2013-06-28,-0.016530706947237274,-0.017283648123707862,-0.02872035731428768,-0.029453690647621013,-0.009975410385926376,-0.013344252236038412
2013-07-31,0.057958395816465995,0.057676042875289525,0.06178296480401685,0.06144963147068352,0.05501920786692497,0.051676479534480846
2013-08-30,-0.031008059799035006,-0.03140805979903501,-0.03448073909210196,-0.0352140724254353,-0.021660822610269134,-0.029992345343718974
2013-09-30,0.04651677012861658,0.045834417187440114,0.037851882661028964,0.03691854932769563,0.04933594272183129,0.03164647187927683
2013-10-31,0.052168759469754494,0.05190993594034273,0.05844743551175246,0.05804743551175246,0.043493644413801706,0.04630685750280361
2013-11-29,0.03257815188533885,0.03217815188533885,0.03162635506522079,0.03102635506522079,0.026526851221274423,0.029637816651935323
2013-12-31,0.02743770244507384,0.026731820092132662,0.030708914965381532,0.030108914965381532,0.02976925275425832,0.025926231239555397
2014-01-31,-0.013125845111601126,-0.013384668641012891,-0.026435777138248347,-0.026769110471581682,-0.01287532439791882,-0.035248022290683356
2014-02-28,0.0629397966015439,0.06268398264805554,0.07180009893600137,0.07146676560266803,0.05377086181026637,0.045515594782238544
2014-03-31,0.01909315603811664,0.018255946735791055,0.025557634561836278,0.02449096789516961,0.00284142725404761,0.008295725611466631
2014-04-30,-0.0022957522371050546,-0.002737612702221334,0.002930012191308217,0.0023300121913082173,-0.0049637382906966435,0.006951215344439765
2014-05-30,0.03466927160118077,0.03422741113606449,0.03869878006520324,0.03809878006520324,0.024979815274386148,0.02320605124391384
2014-06-30,0.022983732760884768,0.02234005459996523,0.012422061834477702,0.011422061834477703,0.029531290843498616,0.020645549258905715
2014-07-31,-0.02248209675741218,-0.02273497032063057,-0.017456934612098605,-0.01799026794543194,-0.022334009824572277,-0.013437750612462218
2014-08-29,0.052662959708520196,0.05220318959357767,0.05730920804086206,0.05657587470752872,0.04708780856502476,0.0394631056633834
2014-09-30,-0.013356294332695817,-0.013999972493615356,0.0025244583937581774,0.0016577917270915107,-0.020351667157614967,-0.013795747365265676
2014-10-31,0.04641332903142866,0.046137466962463146,0.0429118887763354,0.04244522210966874,0.04023841503590202,0.023550583724702534
2014-11-28,0.0354851824388123,0.0350484008296169,0.04394623392170585,0.04341290058837252,0.03335755166409661,0.027471969385118644
2014-12-31,0.01084729174761228,0.010188200838521372,0.017863521939158255,0.017063521939158256,0.006088524383273817,-0.00253664844089041
2015-01-30,-0.007441110557524765,-0.007668383284797492,-0.002131519219963765,-0.0025315192199637654,-0.015127103590149845,-0.02962927924944958
2015-02-27,0.04909856412639374,0.04875765503548465,0.02735552680764971,0.026822193474316375,0.05859750568236277,0.05620472344148175
2015-03-31,-0.006038245572518138,-0.006583700117972683,-0.009105076078836543,-0.010238409412169877,-0.0021692908546283654,-0.015705724232374485
2015-04-30,-0.019653942562954323,-0.02004030619931796,-0.024417070907896177,-0.025017070907896177,-0.0028387369581292193,0.009834084927104136
2015-05-29,0.025974545535256577,0.025633636444347487,0.03161683656773625,0.030883503234402917,0.01942767513330972,0.012855948146738294
2015-06-30,-0.01591197130324094,-0.016480153121422758,-0.016450855498133018,-0.01718418883146635,-0.016268176268710396,-0.020312082781990703
2015-07-31,0.02205293945221274,0.02182566672494001,0.02213571798319685,0.021669051316530182,0.020838626482852358,0.02258959109960368
2015-08-31,-0.05337453816342269,-0.053779032545445166,-0.06623671860066944,-0.06690338526733611,-0.054464482616052294,-0.06095052685507951
2015-09-30,-0.012922861637755023,-0.013462187480451653,0.006518107374168459,0.005651440707501792,-0.027274235914294735,-0.02551588202502386
2015-10-30,0.0752247337242621,0.07493259889280142,0.08199937768974902,0.08173271102308236,0.07171874988395231,0.0850599387197204
2015-11-30,0.007460584091907047,0.007056089709884575,0.01956273471690306,0.018896068050236393,0.01045250711343238,0.003654928474023267
2015-12-31,-0.013441956973415629,-0.01391386708577518,-0.012519543699831097,-0.013119543699831097,-0.01920990645128611,-0.017282492068151134
2016-01-29,-0.0337376537956714,-0.033962372896795,-0.046171265478220126,-0.04650459881155346,-0.05535057963799056,-0.04978680230152055
2016-02-29,0.013541355519232233,0.013204276867546839,0.016277817284020266,0.0158111506173536,0.016072857282880413,-0.0008258213747524001
2016-03-31,0.07230982960233866,0.0716132003888555,0.06886257995156629,0.06779591328489963,0.08156046577196488,0.0672660952662707
2016-04-29,-0.003515831928572549,-0.003785494849920863,-0.018794256083550114,-0.019394256083550113,0.00788530185356158,0.003941272553318109
2016-05-31,0.026574646462777653,0.02619262399086754,0.006740541298093364,0.006273874631426698,0.025397775450453436,0.017011653780720337
2016-06-30,0.016048079076562072,0.015418865593416004,0.024965678080567023,0.02403234474723369,0.0030444926363019675,0.003475779652516664
2016-07-29,0.02182840301363557,0.021468852451837817,0.021910717264158486,0.02157738393082515,0.0455841384363123,0.03647158819850782
2016-08-31,-0.0026784880355218495,-0.00307848803552185,-0.011435588501118683,-0.012102255167785349,0.008944332820990797,0.0011971302288946717
2016-09-30,0.008031574543159541,0.0074315745431595415,0.012905104379437926,0.011838437712771259,0.006331505840076622,5.8240131911801996e-05
2016-10-31,-0.011425428279876842,-0.011869872724321287,-0.020220078149161203,-0.020753411482494537,-0.02225390540701462,-0.017337284069732117
2016-11-30,0.058044315220443295,0.057510981887109965,0.073064381910186,0.07253104857685266,0.05117261330034466,0.03683872372945296
2016-12-30,0.011322855222655208,0.010773404673204659,0.015378703892856978,0.014312037226190311,0.014932092359958887,0.020271591589760662
2017-01-31,0.019379059182681915,0.019071366874989608,0.015682761887614263,0.015216095220947596,0.032326106619695066,0.017894746879802748
2017-02-28,0.041998298357767805,0.0416906060500755,0.047313621649440654,0.04698028831610732,0.03977692885522437,0.039291204145728065
2017-03-31,0.0038727441765524623,0.0031474694512777374,0.0009013965221817483,0.00016806318884841497,0.003242278762362908,0.001250091642338802
2017-04-28,0.008587808042450119,0.008126269580911658,0.003762688428230295,0.003362688428230295,0.011639979154658408,0.009926278011107348
2017-05-31,0.017369466908942664,0.017017818557294312,0.01957565998455958,0.01897565998455958,0.020306894193710963,0.014112909216573266
2017-06-30,0.007301567156963195,0.00668618254157858,0.00034292903609139534,-0.000390404297241938,0.012943657336888811,0.006375023275731584
2017-07-31,0.016018360011002427,0.01582055781320023,0.019382369866647382,0.019049036533314048,0.019111404647792336,0.020554224390033626
2017-08-31,0.005912232976072638,0.005560584624424287,-0.008908446201769216,-0.009575112868435882,0.003949228088063697,0.0029176291830816936
2017-09-29,0.03300169541535195,0.03254015695381349,0.04030530461770404,0.039371971284370706,0.026650975047994553,0.020149438044597234
2017-10-31,0.032756936829227534,0.03249320056549127,0.03636469650406294,0.03596469650406294,0.026831444863442907,0.023564155865159364
2017-11-30,0.036889803693732834,0.03642826523219437,0.02935983346161233,0.028626500128278998,0.036258431598407956,0.03056563828192571
2017-12-29,0.0026714330246200325,0.0021496938941852487,-0.0016424063297219324,-0.0025757396630552657,0.009655151296859793,0.01212809415984184
2018-01-31,0.052392405710746645,0.052153275275964035,0.06116480311987865,0.060764803119878655,0.05063868520341483,0.05635895319399942
2018-02-28,-0.029852052757760338,-0.030069444062108163,-0.02572271735504383,-0.026389384021710496,-0.0364287309330297,-0.03636053689936103
2018-03-29,-0.008538050083363374,-0.009342397909450332,0.004424771699612267,0.0032914383662789332,-0.003830169642158357,-0.027410379448844502
2018-04-30,-0.0008051071755360836,-0.0011746723929273878,0.018878341812362805,0.018411675145696138,0.0006660463526530561,0.005168520504328367
2018-05-31,0.040431919206897364,0.040018875728636494,0.06421704723021951,0.06348371389688617,0.027152413466718137,0.024308941547855678
2018-06-29,-0.001411664553499733,-0.00212905585784756,0.002800997708097366,0.0017343310414306991,0.010008256293985478,0.005751083011956926
2018-07-31,0.02416224793260091,0.023857900106513955,0.016659259343281035,0.0163259260099477,0.03446828868183806,0.0370463211802059
2018-08-31,0.04804590119796656,0.04771981424144482,0.04445119051733265,0.04391785718399932,0.035291018544042124,0.03192017242488965
2018-09-28,-0.005439379210974117,-0.005874161819669769,-0.029672690633856615,-0.030272690633856614,0.0021910811805712855,0.005944915001058204
2018-10-31,-0.06784762475068497,-0.06810849431590237,-0.05506640678547659,-0.05533307345214326,-0.07396444299335668,-0.06910405283934451
2018-11-30,0.014070915812551982,0.013679611464725896,0.012040223430713119,0.011573556764046452,0.02867656164626378,0.018549248383469275
2018-12-31,-0.08389112129764907,-0.08454329521069255,-0.0913850373434116,-0.09211837067674493,-0.08865933220346417,-0.08804826916946629
2019-01-31,0.07832513664294484,0.0779990496864231,0.06077208467488872,0.060172084674888715,0.09555696678653956,0.08006513219620426
2019-02-28,0.045041501033954656,0.044606718425259005,0.04268398552081283,0.0421506521874795,0.04711636431263495,0.032416193305093266
2019-03-29,0.005508523657085215,0.004660697570128692,-0.002887663864759,-0.0038209971980923334,0.01249726356826706,0.018100409301822218
2019-04-30,0.032763231449464615,0.032328448840768964,0.02042035641088339,0.019887023077550057,0.042361789200668166,0.040852362679626
2019-05-31,-0.06423835135586876,-0.0646948730949992,-0.06689485414162147,-0.06769485414162146,-0.06078009819520544,-0.06377090966487442
2019-06-28,0.07177640593216428,0.07106672851280944,0.06935727006578295,0.06842393673244962,0.07722272662442374,0.06958620194888576
2019-07-31,0.010822325084180528,0.01043522830998698,0.002904484048010564,0.0023711507146772304,0.013184674492275785,0.015119579776015302
2019-08-30,-0.014051076835983826,-0.01452419511555372,-0.03165677686040041,-0.03225677686040041,-0.020588903465778356,-0.01674356397970367
2019-09-30,0.023051406264205553,0.022406244973882973,0.02772732346209839,0.026993990128765057,0.023191286148636612,0.019458076882703512
2019-10-31,0.011609462592711693,0.011308387323894489,0.01007821653701204,0.009611549870345373,0.014254357571434874,0.022104447506440472
2019-11-29,0.028541093466333232,0.02806797518676334,0.03430789689356415,0.03377456356023082,0.04095541142689851,0.03619819994722806
2019-12-31,0.024835097505457388,0.02412542008610255,0.022683343101354045,0.021683343101354044,0.027892049824666903,0.029055532877745538
2020-01-31,-0.0169264446630601,-0.017313541437253648,-0.027788059417902116,-0.02852139275123545,-0.004535543261825038,-0.0004037659096229884
2020-02-28,-0.08432334509450178,-0.08466743111600715,-0.1016954330215153,-0.10236209968818197,-0.08079626346492527,-0.07916580732649181
2020-03-31,-0.16332901954660356,-0.1640386969659584,-0.18415696142391216,-0.1850902947572455,-0.16850453231919607,-0.12487119025640958
2020-04-30,0.14550068117741258,0.1450325960710296,0.10847251145934605,0.10800584479267938,0.1428373068316012,0.1269835382755724
2020-05-29,0.0662930405077117,0.06567601923111596,0.06037516925581326,0.05984183592247993,0.06573819944448848,0.04764536877881165
2020-06-30,0.02124484964211012,0.02047889219530161,0.03519798024492904,0.03399798024492904,0.015656092100577355,0.017734349542061434
2020-07-31,0.04568135863085194,0.045426039481915766,0.0434591237458226,0.04312579041248927,0.05177097336110842,0.05889197808144453
2020-08-31,0.02995033990680437,0.029609914374889478,0.037752453890178804,0.037219120556845474,0.04802618876754511,0.06979683333524944
2020-09-30,-0.03142700122114098,-0.03204402249773672,-0.014396878224712565,-0.015130211558045899,-0.022512452825818458,-0.037443622580183744
2020-10-30,-0.021734448130110107,-0.021925937491812233,-0.04164338486056677,-0.04184338486056677,-0.007451517818272499,-0.02493347089367659
2020-11-30,0.10760389412484207,0.1071358090184591,0.13771745554203021,0.13718412220869688,0.15179879420347644,0.10877688111163497
2020-12-31,0.018800153596826526,0.018294890438931788,0.017626100051657954,0.016759433384991286,0.041384803803793564,0.03704805783514464
2021-01-29,0.004138560397058243,0.003949086712847717,0.011898820085713855,0.011498820085713856,-0.0041683541566321924,-0.01019029114714709
2021-02-26,0.03086947909599914,0.030616847517051772,0.04580578228930633,0.045405782289306335,0.05696196773054349,0.02780530817765059
2021-03-31,0.0734170847553754,0.07280655843958592,0.09643984010442552,0.09557317343775885,0.055070325626942064,0.04539939838906304
2021-04-30,0.04448929905999351,0.04385772011262509,0.042746906897927185,0.04181357356459385,0.04835614771966467,0.05291038347611332
2021-05-28,0.03112873946033788,0.03068663419717999,0.026432242640861237,0.02563224264086124,0.018776551791107123,0.006566149812032629
2021-06-30,-0.005056102480472428,-0.0056876814278408495,-0.01446514129433492,-0.015331807961001587,0.00827885328011823,0.022427556361297007
2021-07-30,0.01364113420528238,0.013388502626335012,0.012227593085447666,0.011760926418781,0.015330284642772835,0.0244123321019869
2021-08-31,0.03727513148777439,0.036795964821107724,0.04760496264077453,0.04693829597410786,0.02772667858866366,0.02975986843161116
2021-09-30,-0.044029690960022475,-0.044717190960022475,-0.04155419498849433,-0.04235419498849433,-0.038863732915733584,-0.04660523471552802
2021-10-29,0.05775512714825387,0.05742179381492054,0.04423388672573333,0.04383388672573333,0.060434497181735644,0.07016341880165111
2021-11-30,-0.00735033001759281,-0.007891996684259477,-0.0057035176181020174,-0.006303517618102017,-0.02211891764993317,-0.008034833169805689
2021-12-31,0.0661493061353062,0.06546180613530621,0.059365099810058185,0.05863176647672485,0.06113286653128128,0.04624774718863689
2022-01-31,-0.03932854640706778,-0.03964104640706778,-0.05869956770607469,-0.05916623437274136,-0.04737951503066413,-0.052741257869987845
2022-02-28,-0.004774911097676073,-0.005087411097676073,0.021797636617119545,0.021330969950452878,-0.01229987949580626,-0.029516926049272252
2022-03-31,0.03987434105076043,0.03918684105076043,0.05183647218806646,0.050903138854733125,0.03409965693156424,0.03759012221972591
2022-04-29,-0.06601523859472573,-0.06641107192805906,-0.05944401433568265,-0.060044014335682655,-0.06858808030791323,-0.0877690314784243
2022-05-31,0.010460922230388376,0.009945458312862603,0.01970319609343872,0.019036529426772055,0.006699725527023092,0.0022573899763325134
2022-06-30,-0.09002708280332714,-0.09064563950435807,-0.10683229273008191,-0.10789895939674857,-0.09245041067654967,-0.08246046317759326
2022-07-29,0.08649628366246495,0.08618700531194949,0.07154234326534036,0.07100900993200703,0.09547562176671064,0.09208758330771083
2022-08-31,-0.020081785335101816,-0.020452919355720373,-0.009274261261046541,-0.009740927927713208,-0.027648832617416554,-0.0408019524184946
2022-09-30,-0.07857761812202246,-0.07909308203954823,-0.07351235589125928,-0.07437902255792594,-0.09076913648238626,-0.09244606963466784
2022-10-31,0.11788621924449906,0.11763879656408668,0.11923137259370749,0.11896470592704082,0.10093460938470662,0.08127552981796349
2022-11-30,0.06351678437726656,0.0630837946865449,0.06250312153685587,0.061969788203522544,0.06803253229102847,0.05559157333715059
2022-12-30,-0.05678186764003058,-0.05723547588745326,-0.06047632361589762,-0.06087632361589762,-0.05191551650324044,-0.05762825182676268
2023-01-31,0.051848997914747424,0.05162219379103609,0.048809398790791644,0.04840939879079165,0.07890608227385004,0.06288736004840412
2023-02-28,-0.012446867215251638,-0.012611815668859886,-0.004491247873889978,-0.004891247873889978,-0.025707920008038246,-0.025142592577141465
2023-03-31,0.005602489446930056,0.004901458519095005,-0.0012256221702413726,-0.002158955503574706,0.004346747833123405,0.03707772259524189
2023-04-28,-0.0006160731284828734,-0.0009665885924003992,-0.027118324119416136,-0.027584990786082803,0.002114192698427992,0.015974882909847832
2023-05-31,-0.015426572685962467,-0.015818325263282054,0.017152241465086895,0.016752241465086894,-0.018360010326973198,0.004616399579227881
2023-06-30,0.08900228580465573,0.0883837291036248,0.09096317085042187,0.0902965041837552,0.08412694352254685,0.06479959553267434
2023-07-31,0.03350155127181077,0.03317165436459428,0.033214945124925954,0.03288161179159262,0.040405450669588276,0.03273345156458696
2023-08-31,-0.01920977842530091,-0.01962214955932153,-0.001305652207340361,-0.0017723188740070277,-0.023975134060395267,-0.016252066365367468
2023-09-29,-0.036436195068743384,-0.037095988883176376,-0.030851310594298,-0.031784643927631334,-0.04663056116886675,-0.04743450425593565
2023-10-31,-0.03549422812522749,-0.03574165080563986,-0.023181042910096296,-0.023647709576762963,-0.037221869331196915,-0.021708606545848608
2023-11-30,0.10211594500072162,0.10168295530999996,0.0918053912894104,0.09113872462274374,0.098766312145094,0.09134383362649356
2023-12-29,0.04795473481751787,0.04736289808282399,0.06083589471513192,0.06030256138179859,0.07043156952701102,0.04565547541776516
2024-01-31,0.025890356140942008,0.02566586634502364,0.02452698726915871,0.024126987269158708,-0.0013055113917207826,0.015926415957328244
2024-02-29,0.06467987869765768,0.06443498073847401,0.09999757876778886,0.09979757876778886,0.054442844502694335,0.05218679623525335
2024-03-28,0.05404356192057403,0.053431317022614847,0.05898567746942377,0.058052344136090436,0.047740038154677256,0.032701906018044236
2024-04-30,-0.04875913126189128,-0.04904484554760556,-0.04495941501291712,-0.04529274834625045,-0.04477920003799759,-0.040319622402039346
2024-05-31,0.033546628863556714,0.033220098251311815,0.060543751615456894,0.06021041828212356,0.03504816708010882,0.05057989735082713
2024-06-28,-0.00638171435872275,-0.006973551093416628,-0.01061464039359103,-0.011347973726924363,0.0014512509360101596,0.03528000162046929
2024-07-31,0.038972063415907934,0.03866594096692834,0.04621614298987874,0.04588280965654541,0.041410774809466804,0.012109145625789353
2024-08-30,0.03869799504682573,0.03831023994478491,0.037804280768015106,0.0372042807680151,0.027468704318890643,0.023365535451421948
2024-09-30,0.025666067580966533,0.024931373703415513,0.04422118156186233,0.04355451489519566,0.02725708575023979,0.021004710308786922
2024-10-31,-0.00471151639693736,-0.005038047009182259,0.00038703250315644776,-1.2967496843552207e-05,-0.008950230992389587,-0.008923604006773722
2024-11-29,0.08114072622389247,0.08073256295858634,0.11995205245912002,0.11955205245912003,0.07775772759398568,0.0596333630046233
2024-12-31,-0.05942388424885047,-0.05989327200395251,-0.04726661171074628,-0.04806661171074628,-0.06064009430936828,-0.024059914436964314
2025-01-31,0.05143281028826432,0.05118791232908065,0.058350354546359555,0.057817021213026225,0.039752017342686144,0.026856237777849623
2025-02-28,-0.014514287780473747,-0.014738777576392114,-0.04223815544828853,-0.042704822114955195,-0.008329104755091032,-0.012694925318311623
2025-03-31,-0.06950704347992608,-0.07019391216679476,-0.07533677115654289,-0.07627010448987621,-0.04080759304684719,-0.05571921132269575
2025-04-30,-0.009621367631003564,-0.009863791873427806,0.011463911582528881,0.011330578249195549,-0.017872512421758767,-0.008670067254165859
2025-05-30,0.06450786606848369,0.06410382566444328,0.0789427554450262,0.07840942211169287,0.051144879143490564,0.06284478954355088
2025-06-30,0.030051770908279,0.029405306261814354,0.03565182223551428,0.03485182223551428,0.04280505385015319,0.0513862457746872
2025-07-31,0.022423267659808004,0.022120237356777702,0.044396127304351204,0.04412946063768454,0.016231053765573426,0.02303156696140296
2025-08-29,0.03769521242385778,0.03725076797941334,0.016957002284228192,0.01655700228422819,0.031455574153134824,0.0205194448778121
2025-09-30,0.023165222959856867,0.02255916235379626,0.034053399575294144,0.03332006624196081,0.020382889850034478,0.035620461449873186
2025-10-31,-0.009224362611496497,-0.009426382813516699,-0.028141834055840666,-0.028475167389174,-0.0036633819329892577,0.023837317255337664
2025-11-28,0.03363228302970514,0.033147434544856656,0.05570484682287415,0.055038180156207483,0.02121049760311548,0.0019500533440308665
2025-12-31,0.008275833108357496,0.007710176542700931,-0.004420968929290371,-0.005287635595957038,0.006168301050457837,0.000797497263286262
2026-01-30,0.04772210467045324,0.04741907436742294,0.07926116804862966,0.078594501381963,0.0362769260188052,0.014737793329742122
2026-02-27,0.03662002061287886,0.0362563842492425,0.03551320269524929,0.035046536028582626,0.03513184031580025,-0.008641994294614319
2026-03-31,-0.04554154093327156,-0.04632941972115035,-0.03761846397311393,-0.03841846397311393,-0.05689435829219433,-0.04937951897005721
2026-04-30,0.05965278792352927,0.05934975762049897,0.07059434031246245,0.06999434031246245,0.06558618758928343,0.10505264083288113
2026-05-29,0.033270545378574615,0.03286650497453421,0.047528614315139994,0.04692861431513999,0.026115448059146323,0.05262574755586291
2026-06-30,0.031492634952108654,0.03084617030564401,0.009566800989027954,0.008766800989027953,0.021368653916568225,-0.010292580956815511
2026-07-31,0.02535502547778161,0.025051995174751308,0.041380500227683796,0.04091383356101713,0.016504298401194727,0.00034822442006920973
2026-08-31,-0.0007592441049250904,-0.0012036885493695352,-0.013942375646584976,-0.014609042313251643,0.02210796198815943,0.026799359784972054
