entity_id,cik,ticker_at_add,ticker_current_yahoo,name,add_date,removal_date,still_member_2026_09_25,add_type,previous_membership_end,source,cik_confidence
CIK0000860730,860730,HCA,HCA,HCA Healthcare,2015-01-27,,True,re-addition,2006-11-20,fja_orig(norgate),high
CIK0001593034,1593034,ENDP,,Endo International,2015-01-27,2017-03-02,False,first addition (since 1996),,fja_orig(norgate),high
CIK0000004127,4127,SWKS,SWKS,Skyworks Solutions,2015-03-12,,True,first addition (since 1996),,fja_orig(norgate),high
CIK0001000228,1000228,HSIC,HSIC,Henry Schein,2015-03-18,,True,first addition (since 1996),,fja_orig(norgate),high
CIK0000006201,6201,AAL,AAL,American Airlines Group,2015-03-23,2024-09-23,False,re-addition,2003-03-14,fja_orig(norgate)+fja_updated,high
CIK0001040971,1040971,SLG,SLG,SL Green Realty,2015-03-23,2021-03-22,False,first addition (since 1996),,fja_orig(norgate)+fja_updated,high
CIK0001101239,1101239,EQIX,EQIX,Equinix,2015-03-23,,True,first addition (since 1996),,fja_orig(norgate),high
CIK0001359841,1359841,HBI,,Hanesbrands,2015-03-23,2021-12-20,False,first addition (since 1996),,fja_orig(norgate)+fja_updated,high
CIK0000726728,726728,O,O,Realty Income,2015-04-07,,True,first addition (since 1996),,fja_orig(norgate),high
CIK0001604778,1604778,QRVO,QRVO,Qorvo,2015-06-12,2024-12-23,False,first addition (since 1996),,fja_orig(norgate)+fja_updated,high
CIK0000728535,728535,JBHT,JBHT,J.B. Hunt,2015-07-01,,True,first addition (since 1996),,fja_orig(norgate),high
CIK0001620546,1620546,BXLT,,Baxalta,2015-07-01,2016-06-03,False,first addition (since 1996),,fja_orig(norgate),high
CIK0001629995,1629995,CPGX,,Columbia Pipeline Group Inc,2015-07-02,2016-07-01,False,first addition (since 1996),,fja_orig(norgate),high
CIK0001732845,1636023,WRK,,WestRock,2015-07-02,2024-07-08,False,first addition (since 1996),,fja_orig(norgate)+fja_updated,high
CIK0001637459,1637459,KHC,KHC,Kraft Heinz,2015-07-06,,True,first addition (since 1996),,fja_orig(norgate),high
CIK0001158449,1158449,AAP,AAP,Advance Auto Parts,2015-07-09,2023-08-25,False,first addition (since 1996),,fja_orig(norgate)+fja_updated,high
CIK0001633917,1633917,PYPL,PYPL,PayPal,2015-07-20,,True,first addition (since 1996),,fja_orig(norgate),high
CIK0000832988,832988,SIG,SIG,Signet Jewelers,2015-07-29,2018-03-19,False,first addition (since 1996),,fja_orig(norgate),high
CIK0000718877,718877,ATVI,,Activision Blizzard,2015-08-31,2023-10-18,False,first addition (since 1996),,fja_orig(norgate)+fja_updated,high
CIK0000100517,100517,UAL,UAL,United Airlines Holdings,2015-09-03,,True,re-addition,2002-05-15,fja_orig(norgate),high
CIK0001166691.CMCSK,1166691,CMCSK,CCZ,Comcast Special Corp Class A,2015-09-21,2015-12-14,False,first addition (since 1996),,fja_orig(norgate),high
CIK0001308161.FOX,1308161,FOX,,Twenty-First Century Fox Class B,2015-09-21,2019-03-19,False,first addition (since 1996),,fja_orig(norgate),high
CIK0001564708.NWS,1564708,NWS,NWS,News Corp (Class B),2015-09-21,,True,first addition (since 1996),,fja_orig(norgate),high
CIK0001442145,1442145,VRSK,VRSK,Verisk Analytics,2015-10-08,,True,first addition (since 1996),,fja_orig(norgate),high
CIK0001645590,1645590,HPE,HPE,Hewlett Packard Enterprise,2015-11-02,,True,first addition (since 1996),,fja_orig(norgate),high
CIK0001650132,1650132,FCPT,FCPT,"Four Corners Property Trust, Inc.",2015-11-10,2015-11-17,False,first addition (since 1996),,fja_orig(norgate),medium
CIK0001601712,1601712,SYF,SYF,Synchrony Financial,2015-11-18,,True,first addition (since 1996),,fja_orig(norgate),high
CIK0001110803,1110803,ILMN,ILMN,Illumina,2015-11-19,2024-06-24,True,first addition (since 1996),,fja_orig(norgate)+fja_updated,high
CIK0001646383,1646383,CSRA,,CSRA Inc.,2015-11-30,2018-04-04,False,first addition (since 1996),,fja_orig(norgate),high
CIK0000313927,313927,CHD,CHD,Church & Dwight,2015-12-29,,True,first addition (since 1996),,fja_orig(norgate),high
CIK0001140536,1140536,WLTW,WTW,Willis Towers Watson,2016-01-05,,True,first addition (since 1996),,fja_orig(norgate)+fja_updated,high
CIK0001289490,1289490,EXR,EXR,Extra Space Storage,2016-01-19,,True,first addition (since 1996),,fja_orig(norgate),high
CIK0000034903,34903,FRT,FRT,Federal Realty Investment Trust,2016-02-01,,True,first addition (since 1996),,fja_orig(norgate),high
CIK0000759944,759944,CFG,CFG,Citizens Financial Group,2016-02-01,,True,first addition (since 1996),,fja_orig(norgate),high
CIK0001358071,1358071,CXO,,Concho Resources,2016-02-22,2021-01-21,False,first addition (since 1996),,fja_orig(norgate)+fja_updated,high
CIK0001410636,1410636,AWK,AWK,American Water Works,2016-03-04,,True,first addition (since 1996),,fja_orig(norgate),high
CIK0000074208,74208,UDR,UDR,"UDR, Inc.",2016-03-07,,True,first addition (since 1996),,fja_orig(norgate),high
CIK0000859737,859737,HOLX,,Hologic,2016-03-30,2026-04-09,False,first addition (since 1996),,fja_orig(norgate)+fja_updated,high
CIK0001071739,1071739,CNC,CNC,Centene Corporation,2016-03-30,,True,first addition (since 1996),,fja_orig(norgate),high
CIK0000850209,850209,FL,,Foot Locker Inc,2016-04-04,2019-08-09,False,re-addition,1999-01-04,fja_orig(norgate)+fja_updated,high
CIK0001336917.UA,1336917,UA,UA,Under Armour (Class C),2016-04-08,2022-06-21,False,first addition (since 1996),,fja_orig(norgate)+fja_updated,high
CIK0001403568,1403568,ULTA,ULTA,Ulta Beauty,2016-04-18,,True,first addition (since 1996),,fja_orig(norgate),high
CIK0001123360,1123360,GPN,GPN,Global Payments,2016-04-25,,True,first addition (since 1996),,fja_orig(norgate),high
CIK0001144215,1144215,AYI,AYI,Acuity Brands Inc,2016-05-03,2018-06-18,False,first addition (since 1996),,fja_orig(norgate),high
CIK0000766421,766421,ALK,ALK,Alaska Air Group,2016-05-13,2023-12-18,False,first addition (since 1996),,fja_orig(norgate)+fja_updated,high
CIK0001297996,1297996,DLR,DLR,Digital Realty,2016-05-18,,True,first addition (since 1996),,fja_orig(norgate),high
CIK0001065696,1065696,LKQ,LKQ,LKQ Corporation,2016-05-23,2025-12-22,False,first addition (since 1996),,fja_orig(norgate)+fja_updated,high
CIK0000354190,354190,AJG,AJG,Arthur J. Gallagher & Co.,2016-05-31,,True,first addition (since 1996),,fja_orig(norgate),high
CIK0001260221,1260221,TDG,TDG,TransDigm Group,2016-06-03,,True,first addition (since 1996),,fja_orig(norgate),high
CIK0001519751,1519751,FBHS,FBIN,Fortune Brands Home & Security,2016-06-24,2022-12-19,False,first addition (since 1996),,fja_orig(norgate)+fja_updated,high
CIK0000352541,352541,LNT,LNT,Alliant Energy,2016-07-01,,True,first addition (since 1996),,fja_orig(norgate),high
CIK0000915913,915913,ALB,ALB,Albemarle Corporation,2016-07-01,,True,first addition (since 1996),,fja_orig(norgate),high
CIK0001659166,1659166,FTV,FTV,Fortive,2016-07-05,,True,first addition (since 1996),,fja_orig(norgate),high
CIK0001037646,1037646,MTD,MTD,Mettler Toledo,2016-09-06,,True,first addition (since 1996),,fja_orig(norgate),high
CIK0001091667,1091667,CHTR,CHTR,Charter Communications,2016-09-08,,True,first addition (since 1996),,fja_orig(norgate),high
CIK0000711404,711404,COO,COO,Cooper Companies (The),2016-09-23,,True,re-addition,2009-09-09,fja_orig(norgate),high
CIK0001024305,1024305,COTY,COTY,"Coty, Inc",2016-10-03,2020-09-21,False,first addition (since 1996),,fja_orig(norgate)+fja_updated,high
CIK0000912595,912595,MAA,MAA,Mid-America Apartment Communities,2016-12-02,,True,first addition (since 1996),,fja_orig(norgate),high
CIK0001678531,1678531,EVHC,,Envision Healthcare,2016-12-02,2018-10-11,False,first addition (since 1996),,fja_orig(norgate),high
CIK0000874716,874716,IDXX,IDXX,Idexx Laboratories,2017-01-05,,True,first addition (since 1996),,fja_orig(norgate),high
CIK0001681459,1681459,FTI,FTI,TechnipFMC,2017-01-17,2021-02-12,False,first addition (since 1996),,fja_orig(norgate)+fja_updated,high
CIK0000879169,879169,INCY,INCY,Incyte,2017-02-28,,True,first addition (since 1996),,fja_orig(norgate),high
CIK0001374310,1374310,CBOE,CBOE,Cboe Global Markets,2017-03-01,,True,first addition (since 1996),,fja_orig(norgate),high
CIK0000910606,910606,REG,REG,Regency Centers,2017-03-02,,True,first addition (since 1996),,fja_orig(norgate),high
CIK0001001082,1001082,DISH,,Dish Network,2017-03-13,2023-06-20,False,first addition (since 1996),,fja_orig(norgate)+fja_updated,high
CIK0000883241,883241,SNPS,SNPS,Synopsys,2017-03-16,,True,first addition (since 1996),,fja_orig(norgate),high
CIK0000002488,2488,AMD,AMD,Advanced Micro Devices,2017-03-20,,True,re-addition,2013-09-23,fja_orig(norgate),high
CIK0000720005,720005,RJF,RJF,Raymond James Financial,2017-03-20,,True,first addition (since 1996),,fja_orig(norgate),high
CIK0001035443,1035443,ARE,ARE,Alexandria Real Estate Equities,2017-03-20,,True,first addition (since 1996),,fja_orig(norgate),high
CIK0001688568,1688568,DXC,DXC,DXC Technology,2017-04-04,2023-10-02,False,first addition (since 1996),,fja_orig(norgate)+fja_updated,high
CIK0000749251,749251,IT,IT,Gartner,2017-04-05,,True,first addition (since 1996),,fja_orig(norgate),high
CIK0001598014,1598014,INFO,,IHS Markit,2017-06-02,2022-03-02,False,first addition (since 1996),,fja_orig(norgate)+fja_updated,high
CIK0001013462,1013462,ANSS,,Ansys,2017-06-19,2025-07-18,False,first addition (since 1996),,fja_orig(norgate)+fja_updated,high
CIK0001095073,1095073,RE,EG,Everest Group,2017-06-19,,True,first addition (since 1996),,fja_orig(norgate)+fja_updated,high
CIK0001097149,1097149,ALGN,ALGN,Align Technology,2017-06-19,,True,first addition (since 1996),,fja_orig(norgate),high
CIK0001585689,1585689,HLT,HLT,Hilton Worldwide,2017-06-19,,True,first addition (since 1996),,fja_orig(norgate),high
CIK0000075677,75677,PKG,PKG,Packaging Corporation of America,2017-07-26,,True,first addition (since 1996),,fja_orig(norgate),high
CIK0000091142,91142,AOS,AOS,A. O. Smith,2017-07-26,,True,first addition (since 1996),,fja_orig(norgate),high
CIK0000783280,783280,DRE,,Duke Realty,2017-07-26,2022-10-03,False,first addition (since 1996),,fja_orig(norgate)+fja_updated,high
CIK0000789570,789570,MGM,MGM,MGM Resorts,2017-07-26,,True,first addition (since 1996),,fja_orig(norgate),high
CIK0000943819,943819,RMD,RMD,ResMed|,2017-07-26,,True,first addition (since 1996),,fja_orig(norgate),high
CIK0001685040,1685040,BHF,BHF,Brighthouse Financial Inc,2017-08-07,2019-04-02,False,first addition (since 1996),,fja_orig(norgate)+fja_updated,high
CIK0001478242,1478242,Q,IQV,IQVIA,2017-08-29,,True,first addition (since 1996),,fja_orig(norgate),high
CIK0001034054,1034054,SBAC,SBAC,SBA Communications,2017-09-01,,True,first addition (since 1996),,fja_orig(norgate),high
CIK0001666700,1666700,DWDP,DD,DuPont,2017-09-01,,True,first addition (since 1996),,fja_orig(norgate)+fja_updated,high
CIK0000813672,813672,CDNS,CDNS,Cadence Design Systems,2017-09-18,,True,first addition (since 1996),,fja_orig(norgate),high
CIK0001513761,1513761,NCLH,NCLH,Norwegian Cruise Line Holdings,2017-10-13,,True,first addition (since 1996),,fja_orig(norgate),high
CIK0001501585,1501585,HII,HII,Huntington Ingalls Industries,2018-01-03,,True,first addition (since 1996),,fja_orig(norgate),high
CIK0001111928,1111928,IPGP,IPGP,IPG Photonics,2018-03-07,2022-06-21,False,first addition (since 1996),,fja_orig(norgate)+fja_updated,high
CIK0000719739,719739,SIVB,,SVB Financial,2018-03-19,2023-03-15,False,first addition (since 1996),,fja_orig(norgate)+fja_updated,high
CIK0000906709,906709,NKTR,NKTR,Nektar Therapeutics,2018-03-19,2019-10-03,False,first addition (since 1996),,fja_orig(norgate)+fja_updated,high
CIK0000946581,946581,TTWO,TTWO,Take-Two Interactive,2018-03-19,,True,first addition (since 1996),,fja_orig(norgate),high
CIK0001408198,1408198,MSCI,MSCI,MSCI,2018-04-04,,True,first addition (since 1996),,fja_orig(norgate),high
CIK0000815094,815094,ABMD,,Abiomed,2018-05-31,2022-12-22,False,first addition (since 1996),,fja_orig(norgate)+fja_updated,high
CIK0001711269,1711269,EVRG,EVRG,Evergy,2018-06-05,,True,first addition (since 1996),,fja_orig(norgate),high
CIK0001418091,1418091,TWTR,,Twitter Inc.,2018-06-07,2022-11-01,False,first addition (since 1996),,fja_orig(norgate)+fja_updated,high
CIK0000048039,48039,HFC,,HollyFrontier Corp,2018-06-18,2021-06-04,False,first addition (since 1996),,fja_orig(norgate)+fja_updated,high
CIK0001383312,1383312,BR,BR,Broadridge Financial Solutions,2018-06-18,,True,first addition (since 1996),,fja_orig(norgate),high
CIK0001175454,1175454,FLT,CPAY,Corpay,2018-06-20,,True,first addition (since 1996),,fja_orig(norgate)+fja_updated,high
CIK0000900075,900075,CPRT,CPRT,Copart,2018-07-02,,True,first addition (since 1996),,fja_orig(norgate),high
CIK0001596532,1596532,ANET,ANET,Arista Networks,2018-08-28,,True,first addition (since 1996),,fja_orig(norgate),high
CIK0001279363,1279363,WCG,,WellCare,2018-09-17,2020-01-28,False,first addition (since 1996),,fja_orig(norgate)+fja_updated,high
CIK0000084839,84839,ROL,ROL,"Rollins, Inc.",2018-10-01,,True,first addition (since 1996),,fja_orig(norgate),high
CIK0001262039,1262039,FTNT,FTNT,Fortinet,2018-10-11,,True,first addition (since 1996),,fja_orig(norgate),high
CIK0001707925,1707925,LIN,LIN,Linde plc,2018-10-31,,True,first addition (since 1996),,fja_orig(norgate),high
CIK0001601046,1601046,KEYS,KEYS,Keysight Technologies,2018-11-06,,True,first addition (since 1996),,fja_orig(norgate),high
CIK0000779152,779152,JKHY,JKHY,Jack Henry & Associates,2018-11-13,,True,first addition (since 1996),,fja_orig(norgate),high
CIK0000743316,743316,MXIM,,Maxim Integrated,2018-12-03,2021-08-30,False,re-addition,2007-09-27,fja_orig(norgate)+fja_updated,high
CIK0001539838,1539838,FANG,FANG,Diamondback Energy,2018-12-03,,True,first addition (since 1996),,fja_orig(norgate),high
CIK0001679273,1679273,LW,LW,Lamb Weston,2018-12-03,2026-03-23,False,first addition (since 1996),,fja_orig(norgate)+fja_updated,high
CIK0001306830,1306830,CE,CE,Celanese,2018-12-24,2025-03-24,False,first addition (since 1996),,fja_orig(norgate)+fja_updated,high
CIK0000834285,834285,FRC,,First Republic Bank,2019-01-02,2023-05-04,False,first addition (since 1996),,fja_orig(norgate)+fja_updated,high
CIK0000096943,96943,TFX,TFX,Teleflex,2019-01-18,2025-03-24,False,first addition (since 1996),,fja_updated,high
CIK0000731802,731802,ATO,ATO,Atmos Energy,2019-02-15,,True,first addition (since 1996),,fja_updated,high
CIK0000943452,943452,WAB,WAB,Wabtec,2019-02-27,,True,first addition (since 1996),,fja_updated,high
CIK0001751788,1751788,DOW,DOW,Dow Inc.,2019-04-02,,True,first addition (since 1996),,fja_updated,high
CIK0001755672,1755672,CTVA,CTVA,Corteva,2019-06-03,,True,first addition (since 1996),,fja_updated,high
CIK0001748790,1748790,AMCR,AMCR,Amcor,2019-06-07,,True,first addition (since 1996),,fja_updated,high
CIK0001278021,1278021,MKTX,MKTX,MarketAxess,2019-07-01,2025-09-22,False,first addition (since 1996),,fja_updated,high
CIK0001283699,1283699,TMUS,TMUS,T-Mobile US,2019-07-15,,True,re-addition,2013-05-01,fja_updated,high
CIK0000832101,832101,IEX,IEX,IDEX Corporation,2019-08-09,,True,first addition (since 1996),,fja_updated,high
CIK0001336920,1336920,LDOS,LDOS,Leidos,2019-08-09,,True,re-addition,2013-09-23,fja_updated,high
CIK0001402057,1402057,CDW,CDW,CDW Corporation,2019-09-23,,True,first addition (since 1996),,fja_updated,high
CIK0000906163,906163,NVR,NVR,"NVR, Inc.",2019-09-26,,True,first addition (since 1996),,fja_updated,high
CIK0001300514,1300514,LVS,LVS,Las Vegas Sands,2019-10-03,,True,first addition (since 1996),,fja_updated,high
CIK0001701605,1701605,BKR,BKR,Baker Hughes,2019-10-18,,True,first addition (since 1996),,fja_updated,high
CIK0001373715,1373715,NOW,NOW,ServiceNow,2019-11-21,,True,first addition (since 1996),,fja_updated,high
CIK0000011544,11544,WRB,WRB,W. R. Berkley Corporation,2019-12-05,,True,first addition (since 1996),,fja_updated,high
CIK0000878927,878927,ODFL,ODFL,Old Dominion,2019-12-09,,True,first addition (since 1996),,fja_updated,high
CIK0000877212,877212,ZBRA,ZBRA,Zebra Technologies,2019-12-23,,True,first addition (since 1996),,fja_updated,high
CIK0001335258,1335258,LYV,LYV,Live Nation Entertainment,2019-12-23,,True,first addition (since 1996),,fja_updated,high
CIK0001757898,1757898,STE,STE,Steris,2019-12-23,,True,first addition (since 1996),,fja_updated,high
CIK0001590955,1590955,PAYC,PAYC,Paycom,2020-01-28,2026-03-23,False,first addition (since 1996),,fja_updated,high
CIK0001781335,1781335,OTIS,OTIS,Otis Worldwide,2020-04-03,,True,first addition (since 1996),,fja_updated,high
CIK0001783180,1783180,CARR,CARR,Carrier Global,2020-04-03,,True,first addition (since 1996),,fja_updated,high
CIK0001093557,1093557,DXCM,DXCM,Dexcom,2020-05-12,,True,first addition (since 1996),,fja_updated,high
CIK0001286681,1286681,DPZ,DPZ,Domino's,2020-05-12,,True,first addition (since 1996),,fja_updated,high
CIK0000105770,105770,WST,WST,West Pharmaceutical Services,2020-05-22,,True,first addition (since 1996),,fja_updated,high
CIK0000012208,12208,BIO,BIO,Bio-Rad Laboratories,2020-06-22,2024-09-23,False,first addition (since 1996),,fja_updated,high
CIK0000860731,860731,TYL,TYL,Tyler Technologies,2020-06-22,,True,first addition (since 1996),,fja_updated,high
CIK0001094285,1094285,TDY,TDY,Teledyne Technologies,2020-06-22,,True,first addition (since 1996),,fja_updated,high
CIK0000097210,97210,TER,TER,Teradyne,2020-09-21,,True,re-addition,2013-12-23,fja_updated,high
CIK0001370637,1370637,ETSY,ETSY,Etsy,2020-09-21,2024-09-23,False,first addition (since 1996),,fja_updated,high
CIK0001596783,1596783,CTLT,,Catalent,2020-09-21,2024-12-23,False,first addition (since 1996),,fja_updated,high
CIK0000945841,945841,POOL,POOL,Pool Corporation,2020-10-07,2026-06-22,False,first addition (since 1996),,fja_updated,high
CIK0001786842,1786842,VNT,VNT,Vontier,2020-10-12,2021-03-22,False,first addition (since 1996),,fja_updated,high
CIK0001792044,1792044,VTRS,VTRS,Viatris,2020-11-17,,True,first addition (since 1996),,fja_updated,high
CIK0001318605,1318605,TSLA,TSLA,"Tesla, Inc.",2020-12-21,,True,first addition (since 1996),,fja_updated,high
CIK0001463101,1463101,ENPH,ENPH,Enphase Energy,2021-01-07,2025-09-22,False,first addition (since 1996),,fja_updated,high
CIK0000864749,864749,TRMB,TRMB,Trimble Inc.,2021-01-21,,True,first addition (since 1996),,fja_updated,high
CIK0001280452,1280452,MPWR,MPWR,Monolithic Power Systems,2021-02-12,,True,first addition (since 1996),,fja_updated,high
CIK0000921738,921738,PENN,PENN,Penn Entertainment,2021-03-22,2022-09-19,False,first addition (since 1996),,fja_updated,high
CIK0001413447,1413447,NXPI,NXPI,NXP Semiconductors,2021-03-22,,True,first addition (since 1996),,fja_updated,high
CIK0001474735,1474735,GNRC,GNRC,Generac,2021-03-22,,True,first addition (since 1996),,fja_updated,high
CIK0001590895,1590895,CZR,CZR,Caesars Entertainment,2021-03-22,2025-09-22,False,first addition (since 1996),,fja_updated,high
CIK0000857005,857005,PTC,PTC,PTC Inc.,2021-04-20,,True,re-addition,2007-01-03,fja_updated,high
CIK0001100682,1100682,CRL,CRL,Charles River Laboratories,2021-05-14,,True,first addition (since 1996),,fja_updated,high
CIK0001821825,1821825,OGN,OGN,Organon & Co.,2021-06-04,2023-10-18,False,first addition (since 1996),,fja_updated,high
CIK0001682852,1682852,MRNA,MRNA,Moderna,2021-07-21,,True,first addition (since 1996),,fja_updated,high
CIK0000842023,842023,TECH,TECH,Bio-Techne,2021-08-30,,True,first addition (since 1996),,fja_updated,high
CIK0000079282,79282,BRO,BRO,Brown & Brown,2021-09-20,,True,first addition (since 1996),,fja_updated,high
CIK0000891103,891103,MTCH,MTCH,Match Group,2021-09-20,2026-03-23,False,re-addition,2008-08-21,fja_updated,high
CIK0001725057,1725057,CDAY,,Dayforce,2021-09-20,2026-02-09,False,first addition (since 1996),,fja_updated,high
CIK0001352010,1352010,EPAM,EPAM,EPAM Systems,2021-12-14,2026-06-02,False,first addition (since 1996),,fja_updated,high
CIK0001013237,1013237,FDS,FDS,FactSet,2021-12-20,,True,first addition (since 1996),,fja_updated,high
CIK0001288784,1288784,SBNY,,Signature Bank,2021-12-20,2023-03-15,False,first addition (since 1996),,fja_updated,medium
CIK0001419612,1419612,SEDG,SEDG,SolarEdge,2021-12-20,2023-12-18,False,first addition (since 1996),,fja_updated,high
CIK0001868275,1868275,CEG,CEG,Constellation Energy,2022-02-02,,True,first addition (since 1996),,fja_updated,high
CIK0000072331,72331,NDSN,NDSN,Nordson Corporation,2022-02-15,,True,first addition (since 1996),,fja_updated,high
CIK0001179929,1179929,MOH,MOH,Molina Healthcare,2022-03-02,2026-03-23,False,first addition (since 1996),,fja_updated,high
CIK0000906345,906345,CPT,CPT,Camden Property Trust,2022-04-04,,True,first addition (since 1996),,fja_updated,high
CIK0001705696,1705696,VICI,VICI,Vici Properties,2022-06-08,,True,first addition (since 1996),,fja_updated,high
CIK0001097864,1097864,ON,ON,ON Semiconductor,2022-06-21,,True,first addition (since 1996),,fja_updated,high
CIK0001418135,1418135,KDP,KDP,Keurig Dr Pepper,2022-06-21,,True,re-addition,2018-07-02,fja_updated,high
CIK0001057352,1057352,CSGP,CSGP,CoStar Group,2022-09-19,,True,first addition (since 1996),,fja_updated,high
CIK0001687229,1687229,INVH,INVH,Invitation Homes,2022-09-19,,True,first addition (since 1996),,fja_updated,high
CIK0000033213,33213,EQT,EQT,EQT Corporation,2022-10-03,,True,re-addition,2018-11-13,fja_updated,high
CIK0001004980,1004980,PCG,PCG,PG&E Corporation,2022-10-03,,True,re-addition,2019-01-18,fja_updated,high
CIK0001389170,1389170,TRGP,TRGP,Targa Resources,2022-10-12,,True,first addition (since 1996),,fja_updated,high
CIK0000947484,947484,ACGL,ACGL,Arch Capital Group,2022-11-01,,True,first addition (since 1996),,fja_updated,high
CIK0001274494,1274494,FSLR,FSLR,First Solar,2022-12-19,,True,re-addition,2017-03-20,fja_updated,high
CIK0001022671,1022671,STLD,STLD,Steel Dynamics,2022-12-22,,True,first addition (since 1996),,fja_updated,high
CIK0001932393,1932393,GEHC,GEHC,GE HealthCare,2023-01-04,,True,first addition (since 1996),,fja_updated,high
CIK0001145197,1145197,PODD,PODD,Insulet Corporation,2023-03-15,,True,first addition (since 1996),,fja_updated,high
CIK0001996862,1996862,BG,BG,Bunge Global,2023-03-15,,True,first addition (since 1996),,fja_updated,high
CIK0000814547,814547,FICO,FICO,Fair Isaac,2023-03-20,,True,first addition (since 1996),,fja_updated,high
CIK0001069183,1069183,AXON,AXON,Axon Enterprise,2023-05-04,,True,first addition (since 1996),,fja_updated,high
CIK0001327567,1327567,PANW,PANW,Palo Alto Networks,2023-06-20,,True,first addition (since 1996),,fja_updated,high
CIK0001944048,1944048,KVUE,KVUE,Kenvue,2023-08-25,,True,first addition (since 1996),,fja_updated,high
CIK0001393818,1393818,BX,BX,Blackstone Inc.,2023-09-18,,True,first addition (since 1996),,fja_updated,high
CIK0001559720,1559720,ABNB,ABNB,Airbnb,2023-09-18,,True,first addition (since 1996),,fja_updated,high
CIK0001967680,1967680,VLTO,VLTO,Veralto,2023-10-02,,True,first addition (since 1996),,fja_updated,high
CIK0000048898,48898,HUBB,HUBB,Hubbell Incorporated,2023-10-18,,True,first addition (since 1996),,fja_updated,high
CIK0001397187,1397187,LULU,LULU,Lululemon Athletica,2023-10-18,,True,first addition (since 1996),,fja_updated,high
CIK0000898293,898293,JBL,JBL,Jabil,2023-12-18,,True,re-addition,2014-11-05,fja_updated,high
CIK0001316835,1316835,BLDR,BLDR,Builders FirstSource,2023-12-18,2026-09-21,False,first addition (since 1996),,fja_updated+wikipedia_changes,high
CIK0001543151,1543151,UBER,UBER,Uber,2023-12-18,,True,first addition (since 1996),,fja_updated,high
CIK0000910521,910521,DECK,DECK,Deckers Brands,2024-03-18,,True,first addition (since 1996),,fja_updated,high
CIK0001375365,1375365,SMCI,SMCI,Supermicro,2024-03-18,,True,first addition (since 1996),,fja_updated,high
CIK0001964738,1964738,SOLV,SOLV,Solventum,2024-04-01,,True,first addition (since 1996),,fja_updated,high
CIK0001996810,1996810,GEV,GEV,GE Vernova,2024-04-02,,True,first addition (since 1996),,fja_updated,high
CIK0001692819,1692819,VST,VST,Vistra Corp.,2024-05-08,,True,first addition (since 1996),,fja_updated,high
CIK0001404912,1404912,KKR,KKR,KKR & Co.,2024-06-24,,True,first addition (since 1996),,fja_updated,high
CIK0001535527,1535527,CRWD,CRWD,CrowdStrike,2024-06-24,,True,first addition (since 1996),,fja_updated,high
CIK0001609711,1609711,GDDY,GDDY,GoDaddy,2024-06-24,,True,first addition (since 1996),,fja_updated,high
CIK0002005951,2005951,SW,SW,Smurfit Westrock,2024-07-08,,True,first addition (since 1996),,fja_updated,high
CIK0000922621,922621,ERIE,ERIE,Erie Indemnity,2024-09-23,,True,first addition (since 1996),,fja_updated,high
CIK0001321655,1321655,PLTR,PLTR,Palantir Technologies,2024-09-23,,True,first addition (since 1996),,fja_updated,high
CIK0001571996,1571996,DELL,DELL,Dell Technologies,2024-09-23,,True,first addition (since 1996),,fja_updated,high
CIK0002011286,2011286,AMTM,AMTM,Amentum,2024-09-30,2024-12-23,False,first addition (since 1996),,fja_updated,high
CIK0001811074,1811074,TPL,TPL,Texas Pacific Land Corporation,2024-11-26,,True,first addition (since 1996),,fja_updated,high
CIK0001069202,1069202,LII,LII,Lennox International,2024-12-23,,True,first addition (since 1996),,fja_updated,high
CIK0001327811,1327811,WDAY,WDAY,"Workday, Inc.",2024-12-23,,True,first addition (since 1996),,fja_updated,high
CIK0001858681,1858681,APO,APO,Apollo Global Management,2024-12-23,,True,first addition (since 1996),,fja_updated,high
CIK0000719955,719955,WSM,WSM,"Williams-Sonoma, Inc.",2025-03-24,,True,first addition (since 1996),,fja_updated,high
CIK0000895126,895126,EXE,EXE,Expand Energy,2025-03-24,,True,re-addition,2018-03-19,fja_updated,high
CIK0001792789,1792789,DASH,DASH,DoorDash,2025-03-24,,True,first addition (since 1996),,fja_updated,high
CIK0001973266,1973266,TKO,TKO,TKO Group Holdings,2025-03-24,,True,first addition (since 1996),,fja_updated,high
CIK0001679788,1679788,COIN,COIN,Coinbase,2025-05-19,,True,first addition (since 1996),,fja_updated,high
CIK0001561550,1561550,DDOG,DDOG,Datadog,2025-07-09,,True,first addition (since 1996),,fja_updated,high
CIK0001671933,1671933,TTD,TTD,Trade Desk (The),2025-07-18,2026-09-21,False,first addition (since 1996),,fja_updated+wikipedia_changes,high
CIK0001512673,1512673,XYZ,XYZ,"Block, Inc.",2025-07-23,,True,first addition (since 1996),,fja_updated,high
CIK0002041610,2041610,PSKY,PSKY,Paramount Skydance Corporation,2025-08-08,,True,first addition (since 1996),,fja_updated,high
CIK0001381197,1381197,IBKR,IBKR,Interactive Brokers,2025-08-28,,True,first addition (since 1996),,fja_updated,high
CIK0000105634,105634,EME,EME,Emcor,2025-09-22,,True,first addition (since 1996),,fja_updated,high
CIK0001751008,1751008,APP,APP,AppLovin,2025-09-22,,True,first addition (since 1996),,fja_updated,high
CIK0001783879,1783879,HOOD,HOOD,Robinhood Markets,2025-09-22,,True,first addition (since 1996),,fja_updated,high
CIK0002064953,2064953,SOLS,SOLS,Solstice Advanced Materials,2025-10-30,2025-12-22,False,first addition (since 1996),,fja_updated,high
CIK0002058873,2058873,Q,Q,Qnity Electronics,2025-11-03,,True,first addition (since 1996),,fja_updated,high
CIK0002023554,2023554,SNDK,SNDK,Sandisk,2025-11-28,,True,first addition (since 1996),,fja_updated,high
CIK0001176948,1176948,ARES,ARES,Ares Management,2025-12-11,,True,first addition (since 1996),,fja_updated,high
CIK0000849395,849395,CRH,CRH,CRH plc,2025-12-22,,True,first addition (since 1996),,fja_updated,high
CIK0001035983,1035983,FIX,FIX,Comfort Systems USA,2025-12-22,,True,first addition (since 1996),,fja_updated,high
CIK0001690820,1690820,CVNA,CVNA,Carvana,2025-12-22,,True,first addition (since 1996),,fja_updated,high
CIK0000936395,936395,CIEN,CIEN,Ciena,2026-02-09,,True,re-addition,2009-12-21,fja_updated,high
CIK0000820318,820318,COHR,COHR,Coherent Corp.,2026-03-23,,True,first addition (since 1996),,fja_updated,high
CIK0001415404,1415404,SATS,ECHO,EchoStar,2026-03-23,,True,first addition (since 1996),,fja_updated,high
CIK0001633978,1633978,LITE,LITE,Lumentum,2026-03-23,,True,first addition (since 1996),,fja_updated,high
CIK0001674101,1674101,VRT,VRT,Vertiv,2026-03-23,,True,first addition (since 1996),,fja_updated,high
CIK0000726958,726958,CASY,CASY,Casey's,2026-04-09,,True,first addition (since 1996),,fja_updated,high
CIK0001393052,1393052,VEEV,VEEV,Veeva Systems,2026-05-07,,True,first addition (since 1996),,fja_updated,high
CIK0002082247,2082247,FDXF,FDXF,FedEx Freight,2026-06-01,,True,first addition (since 1996),,fja_updated,high
CIK0000866374,866374,FLEX,FLEX,Flex Ltd.,2026-06-22,,True,first addition (since 1996),,fja_updated,high
CIK0001835632,1835632,MRVL,MRVL,Marvell Technology,2026-06-22,,True,first addition (since 1996),,fja_updated,high
CIK0002089271,2089271,HONA,HONA,Honeywell Aerospace,2026-06-29,,True,first addition (since 1996),,fja_updated,high
CIK0002011641,2011641,FERG,FERG,Ferguson Enterprises,2026-08-05,,True,first addition (since 1996),,fja_updated,high
CIK0001713445,1713445,RDDT,RDDT,Reddit,2026-08-18,,True,first addition (since 1996),,fja_updated,high
CIK0001110803,1110803,ILMN,ILMN,"Illumina, Inc.",2026-09-21,,True,re-addition,2024-06-24,wikipedia_changes,high
CIK0001474432,1474432,P,P,Everpure,2026-09-21,,True,first addition (since 1996),,wikipedia_changes,high
CIK0001664703,1664703,BE,BE,Bloom Energy,2026-09-21,,True,first addition (since 1996),,wikipedia_changes,high
