ticker_yahoo,ticker_orig,name,gics_sector,gics_sub_industry,cik,date_added,hq,founded
A,A,Agilent Technologies,Health Care,Life Sciences Tools & Services,1090872,2000-06-05,"Santa Clara, California",1999
AAPL,AAPL,Apple Inc.,Information Technology,"Technology Hardware, Storage & Peripherals",320193,1982-11-30,"Cupertino, California",1977
ABBV,ABBV,AbbVie,Health Care,Biotechnology,1551152,2012-12-31,"North Chicago, Illinois",2013 (1888)
ABNB,ABNB,Airbnb,Consumer Discretionary,"Hotels, Resorts & Cruise Lines",1559720,2023-09-18,"San Francisco, California",2008
ABT,ABT,Abbott Laboratories,Health Care,Health Care Equipment,1800,1957-03-04,"North Chicago, Illinois",1888
ACGL,ACGL,Arch Capital Group,Financials,Property & Casualty Insurance,947484,2022-11-01,"Hamilton, Bermuda",1995
ACN,ACN,Accenture,Information Technology,IT Consulting & Other Services,1467373,2011-07-06,"Dublin, Ireland",1989
ADBE,ADBE,Adobe Inc.,Information Technology,Application Software,796343,1997-05-05,"San Jose, California",1982
ADI,ADI,Analog Devices,Information Technology,Semiconductors,6281,1999-10-12,"Wilmington, Massachusetts",1965
ADM,ADM,Archer Daniels Midland,Consumer Staples,Agricultural Products & Services,7084,1957-03-04,"Chicago, Illinois",1902
ADP,ADP,Automatic Data Processing,Industrials,Human Resource & Employment Services,8670,1981-03-31,"Roseland, New Jersey",1949
ADSK,ADSK,Autodesk,Information Technology,Application Software,769397,1989-12-01,"San Francisco, California",1982
AEE,AEE,Ameren,Utilities,Multi-Utilities,1002910,1991-09-19,"St. Louis, Missouri",1902
AEP,AEP,American Electric Power,Utilities,Electric Utilities,4904,1957-03-04,"Columbus, Ohio",1906
AES,AES,AES Corporation,Utilities,Independent Power Producers & Energy Traders,874761,1998-10-02,"Arlington, Virginia",1981
AFL,AFL,Aflac,Financials,Life & Health Insurance,4977,1999-05-28,"Columbus, Georgia",1955
AIG,AIG,American International Group,Financials,Multi-line Insurance,5272,1980-03-31,"New York City, New York",1919
AIZ,AIZ,Assurant,Financials,Multi-line Insurance,1267238,2007-04-10,"Atlanta, Georgia",1892
AJG,AJG,Arthur J. Gallagher & Co.,Financials,Insurance Brokers,354190,2016-05-31,"Rolling Meadows, Illinois",1927
AKAM,AKAM,Akamai Technologies,Information Technology,Internet Services & Infrastructure,1086222,2007-07-12,"Cambridge, Massachusetts",1998
ALB,ALB,Albemarle Corporation,Materials,Specialty Chemicals,915913,2016-07-01,"Charlotte, North Carolina",1994
ALGN,ALGN,Align Technology,Health Care,Health Care Supplies,1097149,2017-06-19,"Tempe, Arizona",1997
ALL,ALL,Allstate,Financials,Property & Casualty Insurance,899051,1995-07-13,"Northbrook, Illinois",1931
ALLE,ALLE,Allegion,Industrials,Building Products,1579241,2013-12-02,"Dublin, Ireland",1908
AMAT,AMAT,Applied Materials,Information Technology,Semiconductor Materials & Equipment,6951,1995-03-16,"Santa Clara, California",1967
AMCR,AMCR,Amcor,Materials,Paper & Plastic Packaging Products & Materials,1748790,2019-06-07,"Warmley, Bristol, United Kingdom",2019 (1860)
AMD,AMD,Advanced Micro Devices,Information Technology,Semiconductors,2488,2017-03-20,"Santa Clara, California",1969
AME,AME,Ametek,Industrials,Electrical Components & Equipment,1037868,2013-09-23,"Berwyn, Pennsylvania",1930
AMGN,AMGN,Amgen,Health Care,Biotechnology,318154,1992-01-02,"Thousand Oaks, California",1980
AMP,AMP,Ameriprise Financial,Financials,Asset Management & Custody Banks,820027,2005-10-03,"Minneapolis, Minnesota",1894
AMT,AMT,American Tower,Real Estate,Telecom Tower REITs,1053507,2007-11-19,"Boston, Massachusetts",1995
AMZN,AMZN,Amazon,Consumer Discretionary,Broadline Retail,1018724,2005-11-18,"Seattle, Washington",1994
ANET,ANET,Arista Networks,Information Technology,Communications Equipment,1596532,2018-08-28,"Santa Clara, California",2004
AON,AON,Aon plc,Financials,Insurance Brokers,315293,1996-04-23,"London, United Kingdom",1982 (1919)
AOS,AOS,A. O. Smith,Industrials,Building Products,91142,2017-07-26,"Milwaukee, Wisconsin",1916
APA,APA,APA Corporation,Energy,Oil & Gas Exploration & Production,1841666,1997-07-28,"Houston, Texas",1954
APD,APD,Air Products,Materials,Industrial Gases,2969,1985-04-30,"Upper Macungie Township, Pennsylvania",1940
APH,APH,Amphenol,Information Technology,Electronic Components,820313,2008-09-30,"Wallingford, Connecticut",1932
APO,APO,Apollo Global Management,Financials,Asset Management & Custody Banks,1858681,2024-12-23,"New York City, New York",1990
APP,APP,AppLovin,Communication Services,Advertising,1751008,2025-09-22,"Palo Alto, California",2012
APTV,APTV,Aptiv,Consumer Discretionary,Automotive Parts & Equipment,1521332,2012-12-24,"Schaffhausen, Switzerland",1994
ARE,ARE,Alexandria Real Estate Equities,Real Estate,Office REITs,1035443,2017-03-20,"Pasadena, California",1994
ARES,ARES,Ares Management,Financials,Asset Management & Custody Banks,1176948,2025-12-11,"Los Angeles, California",1977
ATO,ATO,Atmos Energy,Utilities,Gas Utilities,731802,2019-02-15,"Dallas, Texas",1906
AVGO,AVGO,Broadcom,Information Technology,Semiconductors,1730168,2014-05-08,"Palo Alto, California",1961
AVY,AVY,Avery Dennison,Materials,Paper & Plastic Packaging Products & Materials,8818,1987-12-31,"Mentor, Ohio",1935
AWK,AWK,American Water Works,Utilities,Water Utilities,1410636,2016-03-04,"Camden, New Jersey",1886
AXON,AXON,Axon Enterprise,Industrials,Aerospace & Defense,1069183,2023-05-04,"Scottsdale, Arizona",1993
AXP,AXP,American Express,Financials,Consumer Finance,4962,1976-06-30,"New York City, New York",1850
AZO,AZO,AutoZone,Consumer Discretionary,Automotive Retail,866787,1997-01-02,"Memphis, Tennessee",1979
BA,BA,Boeing,Industrials,Aerospace & Defense,12927,1957-03-04,"Arlington, Virginia",1916
BAC,BAC,Bank of America,Financials,Diversified Banks,70858,1976-06-30,"Charlotte, North Carolina",1998 (1923 / 1874)
BALL,BALL,Ball Corporation,Materials,"Metal, Glass & Plastic Containers",9389,1984-10-31,"Broomfield, Colorado",1880
BAX,BAX,Baxter International,Health Care,Health Care Equipment,10456,1972-09-30,"Deerfield, Illinois",1931
BBY,BBY,Best Buy,Consumer Discretionary,Computer & Electronics Retail,764478,1999-06-29,"Richfield, Minnesota",1966
BDX,BDX,Becton Dickinson,Health Care,Health Care Equipment,10795,1972-09-30,"Franklin Lakes, New Jersey",1897
BE,BE,Bloom Energy,Industrials,Electrical Components & Equipment,1664703,2026-09-21,"San Jose, California",2001
BEN,BEN,Franklin Resources,Financials,Asset Management & Custody Banks,38777,1998-04-30,"San Mateo, California",1947
BF-B,BF.B,Brown–Forman,Consumer Staples,Distillers & Vintners,14693,1982-10-31,"Louisville, Kentucky",1870
BG,BG,Bunge Global,Consumer Staples,Agricultural Products & Services,1996862,2023-03-15,"Chesterfield, Missouri",1818
BIIB,BIIB,Biogen,Health Care,Biotechnology,875045,2003-11-13,"Cambridge, Massachusetts",1978
BKNG,BKNG,Booking Holdings,Consumer Discretionary,"Hotels, Resorts & Cruise Lines",1075531,2009-11-06,"Norwalk, Connecticut",1996
BKR,BKR,Baker Hughes,Energy,Oil & Gas Equipment & Services,1701605,2017-07-07,"Houston, Texas",2017
BLK,BLK,BlackRock,Financials,Asset Management & Custody Banks,2012383,2011-04-04,"New York City, New York",1988
BMY,BMY,Bristol Myers Squibb,Health Care,Pharmaceuticals,14272,1957-03-04,"New York City, New York",1989 (1887)
BNY,BNY,BNY Mellon,Financials,Asset Management & Custody Banks,1390777,1995-03-31,"New York City, New York",2007 (1784)
BR,BR,Broadridge Financial Solutions,Industrials,Data Processing & Outsourced Services,1383312,2018-06-18,"Lake Success, New York",1962
BRK-B,BRK.B,Berkshire Hathaway,Financials,Multi-Sector Holdings,1067983,2010-02-16,"Omaha, Nebraska",1839
BRO,BRO,Brown & Brown,Financials,Insurance Brokers,79282,2021-09-20,"Daytona Beach, Florida",1939
BSX,BSX,Boston Scientific,Health Care,Health Care Equipment,885725,1995-02-24,"Marlborough, Massachusetts",1979
BX,BX,Blackstone Inc.,Financials,Asset Management & Custody Banks,1393818,2023-09-18,"New York City, New York",1985
BXP,BXP,"BXP, Inc.",Real Estate,Office REITs,1037540,2006-04-03,"Boston, Massachusetts",1970
C,C,Citigroup,Financials,Diversified Banks,831001,1988-05-31,"New York City, New York",1998
CAH,CAH,Cardinal Health,Health Care,Health Care Distributors,721371,1997-05-27,"Dublin, Ohio",1971
CARR,CARR,Carrier Global,Industrials,Building Products,1783180,2020-04-03,"Palm Beach Gardens, Florida","2020 (1915, United Technologies spinoff)"
CASY,CASY,Casey's,Consumer Staples,Food Retail,726958,2026-04-09,"Ankeny, Iowa",1967
CAT,CAT,Caterpillar Inc.,Industrials,Construction Machinery & Heavy Transportation Equipment,18230,1957-03-04,"Irving, Texas",1925
CB,CB,Chubb Limited,Financials,Property & Casualty Insurance,896159,2010-07-15,"Zurich, Switzerland",1985
CBOE,CBOE,Cboe Global Markets,Financials,Financial Exchanges & Data,1374310,2017-03-01,"Chicago, Illinois",1973
CBRE,CBRE,CBRE Group,Real Estate,Real Estate Services,1138118,2006-11-10,"Dallas, Texas",1906
CCI,CCI,Crown Castle,Real Estate,Telecom Tower REITs,1051470,2012-03-14,"Houston, Texas",1994
CCL,CCL,Carnival Corporation,Consumer Discretionary,"Hotels, Resorts & Cruise Lines",815097,1998-12-22,"Miami, Florida",1972
CDNS,CDNS,Cadence Design Systems,Information Technology,Application Software,813672,2017-09-18,"San Jose, California",1988
CDW,CDW,CDW Corporation,Information Technology,Technology Distributors,1402057,2019-09-23,"Vernon Hills, Illinois",1984
CEG,CEG,Constellation Energy,Utilities,Electric Utilities,1868275,2022-02-02,"Baltimore, Maryland",1999
CF,CF,CF Industries,Materials,Fertilizers & Agricultural Chemicals,1324404,2008-08-27,"Deerfield, Illinois",1946
CFG,CFG,Citizens Financial Group,Financials,Regional Banks,759944,2016-01-29,"Providence, Rhode Island",1828
CHD,CHD,Church & Dwight,Consumer Staples,Household Products,313927,2015-12-29,"Ewing, New Jersey",1847
CHRW,CHRW,C.H. Robinson,Industrials,Air Freight & Logistics,1043277,2007-03-02,"Eden Prairie, Minnesota",1905
CHTR,CHTR,Charter Communications,Communication Services,Cable & Satellite,1091667,2016-09-08,"Stamford, Connecticut",1993
CI,CI,Cigna,Health Care,Health Care Services,1739940,1976-06-30,"Bloomfield, Connecticut",1982
CIEN,CIEN,Ciena,Information Technology,Communications Equipment,936395,2026-02-09,"Hanover, Maryland",1992
CINF,CINF,Cincinnati Financial,Financials,Property & Casualty Insurance,20286,1997-12-18,"Fairfield, Ohio",1950
CL,CL,Colgate-Palmolive,Consumer Staples,Household Products,21665,1957-03-04,"New York City, New York",1806
CLX,CLX,Clorox,Consumer Staples,Household Products,21076,1969-03-31,"Oakland, California",1913
CMCSA,CMCSA,Comcast,Communication Services,Cable & Satellite,1166691,2002-11-19,"Philadelphia, Pennsylvania",1963
CME,CME,CME Group,Financials,Financial Exchanges & Data,1156375,2006-08-11,"Chicago, Illinois",1848
CMG,CMG,Chipotle Mexican Grill,Consumer Discretionary,Restaurants,1058090,2011-04-28,"Newport Beach, California",1993
CMI,CMI,Cummins,Industrials,Construction Machinery & Heavy Transportation Equipment,26172,1965-03-31,"Columbus, Indiana",1919
CMS,CMS,CMS Energy,Utilities,Multi-Utilities,811156,1957-03-04,"Jackson, Michigan",1886
CNC,CNC,Centene Corporation,Health Care,Managed Health Care,1071739,2016-03-30,"St. Louis, Missouri",1984
CNP,CNP,CenterPoint Energy,Utilities,Multi-Utilities,1130310,1985-07-31,"Houston, Texas",1882
COF,COF,Capital One,Financials,Consumer Finance,927628,1998-07-01,"Tysons Corner, Virginia",1994
COHR,COHR,Coherent Corp.,Information Technology,Electronic Components,820318,2026-03-23,"Saxonburg, Pennsylvania",1971
COIN,COIN,Coinbase,Financials,Financial Exchanges & Data,1679788,2025-05-19,"New York City, New York",2012
COO,COO,Cooper Companies (The),Health Care,Health Care Supplies,711404,2016-09-23,"San Ramon, California",1958
COP,COP,ConocoPhillips,Energy,Oil & Gas Exploration & Production,1163165,1957-03-04,"Houston, Texas",2002
COR,COR,Cencora,Health Care,Health Care Distributors,1140859,2001-08-30,"Conshohocken, Pennsylvania",1985
COST,COST,Costco,Consumer Staples,Consumer Staples Merchandise Retail,909832,1993-10-01,"Issaquah, Washington",1976
CPAY,CPAY,Corpay,Financials,Transaction & Payment Processing Services,1175454,2018-06-20,"Atlanta, Georgia",2000
CPRT,CPRT,Copart,Industrials,Diversified Support Services,900075,2018-07-02,"Dallas, Texas",1982
CPT,CPT,Camden Property Trust,Real Estate,Multi-Family Residential REITs,906345,2022-04-04,"Houston, Texas",1981
CRH,CRH,CRH plc,Materials,Construction Materials,849395,2025-12-22,"Dublin, Ireland",1970
CRL,CRL,Charles River Laboratories,Health Care,Life Sciences Tools & Services,1100682,2021-05-14,"Wilmington, Massachusetts",1947
CRM,CRM,Salesforce,Information Technology,Application Software,1108524,2008-09-15,"San Francisco, California",1999
CRWD,CRWD,CrowdStrike,Information Technology,Systems Software,1535527,2024-06-24,"Austin, Texas",2011
CSCO,CSCO,Cisco,Information Technology,Communications Equipment,858877,1993-12-01,"San Jose, California",1984
CSGP,CSGP,CoStar Group,Real Estate,Real Estate Services,1057352,2022-09-19,"Washington, D.C.",1987
CSX,CSX,CSX Corporation,Industrials,Rail Transportation,277948,1957-03-04,"Jacksonville, Florida",1980
CTAS,CTAS,Cintas,Industrials,Diversified Support Services,723254,2001-03-01,"Mason, Ohio",1929
CTSH,CTSH,Cognizant,Information Technology,IT Consulting & Other Services,1058290,2006-11-17,"Teaneck, New Jersey",1994
CTVA,CTVA,Corteva,Materials,Fertilizers & Agricultural Chemicals,1755672,2019-06-03,"Indianapolis, Indiana",2019
CVNA,CVNA,Carvana,Consumer Discretionary,Automotive Retail,1690820,2025-12-22,"Tempe, Arizona",2012
CVS,CVS,CVS Health,Health Care,Health Care Services,64803,1957-03-04,"Woonsocket, Rhode Island",1996
CVX,CVX,Chevron Corporation,Energy,Integrated Oil & Gas,93410,1957-03-04,"Houston, Texas",1879
D,D,Dominion Energy,Utilities,Multi-Utilities,715957,2016-11-30,"Richmond, Virginia",1983
DAL,DAL,Delta Air Lines,Industrials,Passenger Airlines,27904,2013-09-11,"Atlanta, Georgia",1929
DASH,DASH,DoorDash,Consumer Discretionary,Specialized Consumer Services,1792789,2025-03-24,"San Francisco, California",2012
DD,DD,DuPont,Industrials,Industrial Conglomerates,1666700,2019-06-03,"Wilmington, Delaware",2017 (1802)
DDOG,DDOG,Datadog,Information Technology,Application Software,1561550,2025-07-09,"New York City, New York",2010
DE,DE,Deere & Company,Industrials,Agricultural & Farm Machinery,315189,1957-03-04,"Moline, Illinois",1837
DECK,DECK,Deckers Brands,Consumer Discretionary,Footwear,910521,2024-03-18,"Goleta, California",1973
DELL,DELL,Dell Technologies,Information Technology,"Technology Hardware, Storage & Peripherals",1571996,2024-09-23,"Round Rock, Texas",2016
DG,DG,Dollar General,Consumer Staples,Consumer Staples Merchandise Retail,29534,2012-12-03,"Goodlettsville, Tennessee",1939
DGX,DGX,Quest Diagnostics,Health Care,Health Care Services,1022079,2002-12-12,"Secaucus, New Jersey",1967
DHI,DHI,D. R. Horton,Consumer Discretionary,Homebuilding,882184,2005-06-22,"Arlington, Texas",1978
DHR,DHR,Danaher Corporation,Health Care,Life Sciences Tools & Services,313616,1998-11-18,"Washington, D.C.",1969
DIS,DIS,Walt Disney Company (The),Communication Services,Movies & Entertainment,1744489,1976-06-30,"Burbank, California",1923
DLR,DLR,Digital Realty,Real Estate,Data Center REITs,1297996,2016-05-18,"Austin, Texas",2004
DLTR,DLTR,Dollar Tree,Consumer Staples,Consumer Staples Merchandise Retail,935703,2011-12-19,"Chesapeake, Virginia",1986
DOC,DOC,Healthpeak Properties,Real Estate,Health Care REITs,765880,2008-03-31,"Denver, Colorado",1985
DOV,DOV,Dover Corporation,Industrials,Industrial Machinery & Supplies & Components,29905,1985-10-31,"Downers Grove, Illinois",1955
DOW,DOW,Dow Inc.,Materials,Commodity Chemicals,1751788,2019-04-01,"Midland, Michigan",2019 (1897)
DPZ,DPZ,Domino's,Consumer Discretionary,Restaurants,1286681,2020-05-12,"Ann Arbor, Michigan",1960
DRI,DRI,Darden Restaurants,Consumer Discretionary,Restaurants,940944,1995-05-31,"Orlando, Florida",1938
DTE,DTE,DTE Energy,Utilities,Multi-Utilities,936340,1957-03-04,"Detroit, Michigan",1995
DUK,DUK,Duke Energy,Utilities,Electric Utilities,1326160,1976-06-30,"Charlotte, North Carolina",1904
DVA,DVA,DaVita,Health Care,Health Care Services,927066,2008-07-31,"Denver, Colorado",1979
DVN,DVN,Devon Energy,Energy,Oil & Gas Exploration & Production,1090012,2000-08-30,"Oklahoma City, Oklahoma",1971
DXCM,DXCM,Dexcom,Health Care,Health Care Equipment,1093557,2020-05-12,"San Diego, California",1999
EBAY,EBAY,eBay Inc.,Consumer Discretionary,Broadline Retail,1065088,2002-07-22,"San Jose, California",1995
ECHO,ECHO,EchoStar,Communication Services,Wireless Telecommunication Services,1415404,2026-03-23,"Englewood, Colorado",2008
ECL,ECL,Ecolab,Materials,Specialty Chemicals,31462,1989-01-31,"Saint Paul, Minnesota",1923
ED,ED,Consolidated Edison,Utilities,Multi-Utilities,1047862,1957-03-04,"New York City, New York",1823
EFX,EFX,Equifax,Industrials,Research & Consulting Services,33185,1997-06-19,"Atlanta, Georgia",1899
EG,EG,Everest Group,Financials,Reinsurance,1095073,2017-06-19,"Hamilton, Bermuda",1973
EIX,EIX,Edison International,Utilities,Electric Utilities,827052,1957-03-04,"Rosemead, California",1886
EL,EL,Estée Lauder Companies (The),Consumer Staples,Personal Care Products,1001250,2006-01-05,"New York City, New York",1946
ELV,ELV,Elevance Health,Health Care,Managed Health Care,1156039,2002-07-25,"Indianapolis, Indiana",2014 (1946)
EME,EME,Emcor,Industrials,Construction & Engineering,105634,2025-09-22,"Norwalk, Connecticut",1994
EMR,EMR,Emerson Electric,Industrials,Electrical Components & Equipment,32604,1965-03-31,"Ferguson, Missouri",1890
EOG,EOG,EOG Resources,Energy,Oil & Gas Exploration & Production,821189,2000-11-02,"Houston, Texas",1999
EQIX,EQIX,Equinix,Real Estate,Data Center REITs,1101239,2015-03-20,"Redwood City, California",1998
EQT,EQT,EQT Corporation,Energy,Oil & Gas Exploration & Production,33213,2022-10-03,"Pittsburgh, Pennsylvania",1888
ERIE,ERIE,Erie Indemnity,Financials,Insurance Brokers,922621,2024-09-23,"Erie, Pennsylvania",1925
ES,ES,Eversource Energy,Utilities,Electric Utilities,72741,2009-07-24,"Hartford, Connecticut",1966
ESS,ESS,Essex Property Trust,Real Estate,Multi-Family Residential REITs,920522,2014-04-02,"San Mateo, California",1971
ETN,ETN,Eaton Corporation,Industrials,Electrical Components & Equipment,1551182,1957-03-04,"Dublin, Ireland",1911
ETR,ETR,Entergy,Utilities,Electric Utilities,65984,1957-03-04,"New Orleans, Louisiana",1913
EVRG,EVRG,Evergy,Utilities,Electric Utilities,1711269,2018-06-05,"Kansas City, Missouri",1909
EW,EW,Edwards Lifesciences,Health Care,Health Care Equipment,1099800,2011-04-01,"Irvine, California",1958
EXC,EXC,Exelon,Utilities,Electric Utilities,1109357,1957-03-04,"Chicago, Illinois",2000
EXE,EXE,Expand Energy,Energy,Oil & Gas Exploration & Production,895126,2025-03-24,"Oklahoma City, Oklahoma",1989
EXPD,EXPD,Expeditors International,Industrials,Air Freight & Logistics,746515,2007-10-10,"Seattle, Washington",1979
EXPE,EXPE,Expedia Group,Consumer Discretionary,"Hotels, Resorts & Cruise Lines",1324424,2007-10-02,"Seattle, Washington",1996
EXR,EXR,Extra Space Storage,Real Estate,Self-Storage REITs,1289490,2016-01-19,"Salt Lake City, Utah",1977
F,F,Ford Motor Company,Consumer Discretionary,Automobile Manufacturers,37996,1957-03-04,"Dearborn, Michigan",1903
FANG,FANG,Diamondback Energy,Energy,Oil & Gas Exploration & Production,1539838,2018-12-03,"Midland, Texas",2007
FAST,FAST,Fastenal,Industrials,Trading Companies & Distributors,815556,2008-09-15,"Winona, Minnesota",1967
FCX,FCX,Freeport-McMoRan,Materials,Copper,831259,2011-07-01,"Phoenix, Arizona",1912
FDS,FDS,FactSet,Financials,Financial Exchanges & Data,1013237,2021-12-20,"Norwalk, Connecticut",1978
FDX,FDX,FedEx,Industrials,Air Freight & Logistics,1048911,1980-12-31,"Memphis, Tennessee",1971
FDXF,FDXF,FedEx Freight,Industrials,Cargo Ground Transportation,2082247,2026-06-01,"Memphis, Tennessee",1982
FE,FE,FirstEnergy,Utilities,Electric Utilities,1031296,1997-11-28,"Akron, Ohio",1997
FERG,FERG,Ferguson Enterprises,Industrials,Trading Companies & Distributors,2011641,2026-08-05,"Newport News, Virginia",1953
FFIV,FFIV,"F5, Inc.",Information Technology,Communications Equipment,1048695,2010-12-20,"Seattle, Washington",1996
FICO,FICO,Fair Isaac,Information Technology,Application Software,814547,2023-03-20,"Bozeman, Montana",1956
FIS,FIS,Fidelity National Information Services,Financials,Transaction & Payment Processing Services,1136893,2006-11-10,"Jacksonville, Florida",1968
FISV,FISV,Fiserv,Financials,Transaction & Payment Processing Services,798354,2001-04-02,"Brookfield, Wisconsin",1984
FITB,FITB,Fifth Third Bancorp,Financials,Regional Banks,35527,1996-03-29,"Cincinnati, Ohio",1858
FIX,FIX,Comfort Systems USA,Industrials,Construction & Engineering,1035983,2025-12-22,"Houston, Texas",1997
FLEX,FLEX,Flex Ltd.,Information Technology,Electronic Manufacturing Services,866374,2026-06-22,"Austin, Texas",1969
FOX,FOX,Fox Corporation (Class B),Communication Services,Broadcasting,1754301,2019-03-19,"New York City, New York",2019
FOXA,FOXA,Fox Corporation (Class A),Communication Services,Broadcasting,1754301,2019-03-19,"New York City, New York",2019
FRT,FRT,Federal Realty Investment Trust,Real Estate,Retail REITs,34903,2016-02-01,"Rockville, Maryland",1962
FSLR,FSLR,First Solar,Information Technology,Semiconductors,1274494,2022-12-19,"Tempe, Arizona",1999
FTNT,FTNT,Fortinet,Information Technology,Systems Software,1262039,2018-10-11,"Sunnyvale, California",2000
FTV,FTV,Fortive,Industrials,Industrial Machinery & Supplies & Components,1659166,2016-07-01,"Everett, Washington",2016
GD,GD,General Dynamics,Industrials,Aerospace & Defense,40533,1957-03-04,"Reston, Virginia",1899
GDDY,GDDY,GoDaddy,Information Technology,Internet Services & Infrastructure,1609711,2024-06-24,"Tempe, Arizona",1997
GE,GE,GE Aerospace,Industrials,Aerospace & Defense,40545,1957-03-04,"Evendale, Ohio",1892
GEHC,GEHC,GE HealthCare,Health Care,Health Care Equipment,1932393,2023-01-04,"Chicago, Illinois",1994
GEN,GEN,Gen Digital,Information Technology,Systems Software,849399,2003-03-25,"Tempe, Arizona",1982
GEV,GEV,GE Vernova,Industrials,Heavy Electrical Equipment,1996810,2024-04-02,"Cambridge, Massachusetts",2024
GILD,GILD,Gilead Sciences,Health Care,Biotechnology,882095,2004-07-01,"Foster City, California",1987
GIS,GIS,General Mills,Consumer Staples,Packaged Foods & Meats,40704,1957-03-04,"Golden Valley, Minnesota",1856
GL,GL,Globe Life,Financials,Life & Health Insurance,320335,1989-04-30,"McKinney, Texas",1900
GLW,GLW,Corning Inc.,Information Technology,Electronic Components,24741,1995-02-27,"Corning, New York",1851
GM,GM,General Motors,Consumer Discretionary,Automobile Manufacturers,1467858,2013-06-06,"Detroit, Michigan",1908
GNRC,GNRC,Generac,Industrials,Heavy Electrical Equipment,1474735,2021-03-22,"Waukesha, Wisconsin",1959
GOOG,GOOG,Alphabet Inc. (Class C),Communication Services,Interactive Media & Services,1652044,2014-04-03,"Mountain View, California",1998
GOOGL,GOOGL,Alphabet Inc. (Class A),Communication Services,Interactive Media & Services,1652044,2006-04-03,"Mountain View, California",1998
GPC,GPC,Genuine Parts Company,Consumer Discretionary,Distributors,40987,1973-12-31,"Atlanta, Georgia",1925
GPN,GPN,Global Payments,Financials,Transaction & Payment Processing Services,1123360,2016-04-25,"Atlanta, Georgia",2000
GRMN,GRMN,Garmin,Consumer Discretionary,Consumer Electronics,1121788,2012-12-12,"Schaffhausen, Switzerland",1989
GS,GS,Goldman Sachs,Financials,Investment Banking & Brokerage,886982,2002-07-22,"New York City, New York",1869
GWW,GWW,W. W. Grainger,Industrials,Industrial Machinery & Supplies & Components,277135,1981-06-30,"Lake Forest, Illinois",1927
HAL,HAL,Halliburton,Energy,Oil & Gas Equipment & Services,45012,1957-03-04,"Houston, Texas",1919
HAS,HAS,Hasbro,Consumer Discretionary,Leisure Products,46080,1984-09-30,"Pawtucket, Rhode Island",1923
HBAN,HBAN,Huntington Bancshares,Financials,Regional Banks,49196,1997-08-28,"Columbus, Ohio; Detroit, Michigan",1866
HCA,HCA,HCA Healthcare,Health Care,Health Care Facilities,860730,2015-01-27,"Nashville, Tennessee",1968
HD,HD,Home Depot (The),Consumer Discretionary,Home Improvement Retail,354950,1988-03-31,"Atlanta, Georgia",1978
HIG,HIG,Hartford (The),Financials,Property & Casualty Insurance,874766,1957-03-04,"Hartford, Connecticut",1810
HII,HII,Huntington Ingalls Industries,Industrials,Aerospace & Defense,1501585,2018-01-03,"Newport News, Virginia",2011
HLT,HLT,Hilton Worldwide,Consumer Discretionary,"Hotels, Resorts & Cruise Lines",1585689,2017-06-19,"Tysons Corner, Virginia",1919
HON,HON,Honeywell Technologies,Industrials,Industrial Conglomerates,773840,1957-03-04,"Charlotte, North Carolina",1906
HONA,HONA,Honeywell Aerospace,Industrials,Aerospace & Defense,2089271,2026-06-29,"Phoenix, Arizona",1914
HOOD,HOOD,Robinhood Markets,Financials,Investment Banking & Brokerage,1783879,2025-09-22,"Menlo Park, California",2013
HPE,HPE,Hewlett Packard Enterprise,Information Technology,"Technology Hardware, Storage & Peripherals",1645590,2015-11-02,"Houston, Texas",2015
HPQ,HPQ,HP Inc.,Information Technology,"Technology Hardware, Storage & Peripherals",47217,1974-12-31,"Palo Alto, California",1939 (2015)
HRL,HRL,Hormel Foods,Consumer Staples,Packaged Foods & Meats,48465,2009-03-04,"Austin, Minnesota",1891
HSIC,HSIC,Henry Schein,Health Care,Health Care Distributors,1000228,2015-03-17,"Melville, New York",1932
HST,HST,Host Hotels & Resorts,Real Estate,Hotel & Resort REITs,1070750,2007-03-20,"Bethesda, Maryland",1993
HSY,HSY,Hershey Company (The),Consumer Staples,Packaged Foods & Meats,47111,1957-03-04,"Hershey, Pennsylvania",1894
HUBB,HUBB,Hubbell Incorporated,Industrials,Industrial Machinery & Supplies & Components,48898,2023-10-18,"Shelton, Connecticut",1888
HUM,HUM,Humana,Health Care,Managed Health Care,49071,2012-12-10,"Louisville, Kentucky",1961
HWM,HWM,Howmet Aerospace,Industrials,Aerospace & Defense,4281,2016-10-21,"Pittsburgh, Pennsylvania",1888
IBKR,IBKR,Interactive Brokers,Financials,Investment Banking & Brokerage,1381197,2025-08-28,"Greenwich, Connecticut",1977
IBM,IBM,IBM,Information Technology,IT Consulting & Other Services,51143,1957-03-04,"Armonk, New York",1911
ICE,ICE,Intercontinental Exchange,Financials,Financial Exchanges & Data,1571949,2007-09-26,"Atlanta, Georgia",2000
IDXX,IDXX,Idexx Laboratories,Health Care,Health Care Equipment,874716,2017-01-05,"Westbrook, Maine",1983
IEX,IEX,IDEX Corporation,Industrials,Industrial Machinery & Supplies & Components,832101,2019-08-09,"Northbrook, Illinois",1988
IFF,IFF,International Flavors & Fragrances,Materials,Specialty Chemicals,51253,1976-03-31,"New York City, New York",1958 (1889)
ILMN,ILMN,"Illumina, Inc.",Health Care,Life Sciences Tools & Services,1110803,2026-09-21,"San Diego, California",1998
INCY,INCY,Incyte,Health Care,Biotechnology,879169,2017-02-28,"Wilmington, Delaware",1991
INTC,INTC,Intel,Information Technology,Semiconductors,50863,1976-12-31,"Santa Clara, California",1968
INTU,INTU,Intuit,Information Technology,Application Software,896878,2000-12-05,"Mountain View, California",1983
INVH,INVH,Invitation Homes,Real Estate,Single-Family Residential REITs,1687229,2022-09-19,"Dallas, Texas",2012
IP,IP,International Paper,Materials,Paper & Plastic Packaging Products & Materials,51434,1957-03-04,"Memphis, Tennessee",1898
IQV,IQV,IQVIA,Health Care,Life Sciences Tools & Services,1478242,2017-08-29,"Durham, North Carolina",1982
IR,IR,Ingersoll Rand,Industrials,Industrial Machinery & Supplies & Components,1699150,2020-03-03,"Davidson, North Carolina",1859
IRM,IRM,Iron Mountain,Real Estate,Other Specialized REITs,1020569,2009-01-06,"Portsmouth, New Hampshire",1951
ISRG,ISRG,Intuitive Surgical,Health Care,Health Care Equipment,1035267,2008-06-02,"Sunnyvale, California",1995
IT,IT,Gartner,Information Technology,IT Consulting & Other Services,749251,2017-04-05,"Stamford, Connecticut",1979
ITW,ITW,Illinois Tool Works,Industrials,Industrial Machinery & Supplies & Components,49826,1986-02-28,"Glenview, Illinois",1912
IVZ,IVZ,Invesco,Financials,Asset Management & Custody Banks,914208,2008-08-21,"Atlanta, Georgia",1935
J,J,Jacobs Solutions,Industrials,Construction & Engineering,52988,2007-10-26,"Dallas, Texas",1947
JBHT,JBHT,J.B. Hunt,Industrials,Cargo Ground Transportation,728535,2015-07-01,"Lowell, Arkansas",1961
JBL,JBL,Jabil,Information Technology,Electronic Manufacturing Services,898293,2023-12-18,"St. Petersburg, Florida",1966
JCI,JCI,Johnson Controls,Industrials,Building Products,833444,2010-08-27,"Cork, Ireland",1885
JKHY,JKHY,Jack Henry & Associates,Financials,Transaction & Payment Processing Services,779152,2018-11-13,"Monett, Missouri",1976
JNJ,JNJ,Johnson & Johnson,Health Care,Pharmaceuticals,200406,1973-06-30,"New Brunswick, New Jersey",1886
JPM,JPM,JPMorgan Chase,Financials,Diversified Banks,19617,1975-06-30,"New York City, New York",2000 (1799 / 1871)
KDP,KDP,Keurig Dr Pepper,Consumer Staples,Soft Drinks & Non-alcoholic Beverages,1418135,2022-06-21,"Burlington, Massachusetts",1981
KEY,KEY,KeyCorp,Financials,Regional Banks,91576,1994-03-01,"Cleveland, Ohio",1825
KEYS,KEYS,Keysight Technologies,Information Technology,Electronic Equipment & Instruments,1601046,2018-11-06,"Santa Rosa, California",2014 (1939)
KHC,KHC,Kraft Heinz,Consumer Staples,Packaged Foods & Meats,1637459,2015-07-06,"Chicago, Illinois; Pittsburgh, Pennsylvania",2015 (1869)
KIM,KIM,Kimco Realty,Real Estate,Retail REITs,879101,2006-04-04,"Jericho, New York",1958
KKR,KKR,KKR & Co.,Financials,Asset Management & Custody Banks,1404912,2024-06-24,"New York City, New York",1976
KLAC,KLAC,KLA Corporation,Information Technology,Semiconductor Materials & Equipment,319201,1997-09-30,"Milpitas, California",1975/1977 (1997)
KMB,KMB,Kimberly-Clark,Consumer Staples,Household Products,55785,1957-03-04,"Irving, Texas",1872
KMI,KMI,Kinder Morgan,Energy,Oil & Gas Storage & Transportation,1506307,2012-05-25,"Houston, Texas",1997
KO,KO,Coca-Cola Company (The),Consumer Staples,Soft Drinks & Non-alcoholic Beverages,21344,1957-03-04,"Atlanta, Georgia",1886
KR,KR,Kroger,Consumer Staples,Food Retail,56873,1957-03-04,"Cincinnati, Ohio",1883
KVUE,KVUE,Kenvue,Consumer Staples,Personal Care Products,1944048,2023-08-25,"Skillman, New Jersey",2022 (Johnson & Johnson spinoff)
L,L,Loews Corporation,Financials,Multi-line Insurance,60086,1995-05-31,"New York City, New York",1959
LDOS,LDOS,Leidos,Industrials,Diversified Support Services,1336920,2019-08-09,"Reston, Virginia",1969
LEN,LEN,Lennar,Consumer Discretionary,Homebuilding,920760,2005-10-04,"Miami, Florida",1954
LH,LH,Labcorp,Health Care,Health Care Services,920148,2004-11-01,"Burlington, North Carolina",1978
LHX,LHX,L3Harris,Industrials,Aerospace & Defense,202058,2008-09-22,"Melbourne, Florida","2019 (L3 1997, Harris 1895)"
LII,LII,Lennox International,Industrials,Building Products,1069202,2024-12-23,"Richardson, Texas",1895
LIN,LIN,Linde plc,Materials,Industrial Gases,1707925,1992-07-01,"Guildford, United Kingdom",1879
LITE,LITE,Lumentum,Information Technology,Communications Equipment,1633978,2026-03-23,"San Jose, California",2015
LLY,LLY,Lilly (Eli),Health Care,Pharmaceuticals,59478,1970-12-31,"Indianapolis, Indiana",1876
LMT,LMT,Lockheed Martin,Industrials,Aerospace & Defense,936468,1957-03-04,"Bethesda, Maryland",1995
LNT,LNT,Alliant Energy,Utilities,Electric Utilities,352541,2016-07-01,"Madison, Wisconsin",1917
LOW,LOW,Lowe's,Consumer Discretionary,Home Improvement Retail,60667,1984-02-29,"Mooresville, North Carolina",1904/1946/1959
LRCX,LRCX,Lam Research,Information Technology,Semiconductor Materials & Equipment,707549,2012-06-29,"Fremont, California",1980
LULU,LULU,Lululemon Athletica,Consumer Discretionary,"Apparel, Accessories & Luxury Goods",1397187,2023-10-18,"Vancouver, Canada",1998
LUV,LUV,Southwest Airlines,Industrials,Passenger Airlines,92380,1994-07-01,"Dallas, Texas",1967
LVS,LVS,Las Vegas Sands,Consumer Discretionary,Casinos & Gaming,1300514,2019-10-03,"Las Vegas, Nevada",1988
LYB,LYB,LyondellBasell,Materials,Specialty Chemicals,1489393,2012-09-05,"Rotterdam, Netherlands",2007
LYV,LYV,Live Nation Entertainment,Communication Services,Movies & Entertainment,1335258,2019-12-23,"Beverly Hills, California",2010
MA,MA,Mastercard,Financials,Transaction & Payment Processing Services,1141391,2008-07-18,"Harrison, New York",1966
MAA,MAA,Mid-America Apartment Communities,Real Estate,Multi-Family Residential REITs,912595,2016-12-02,"Memphis, Tennessee",1977
MAR,MAR,Marriott International,Consumer Discretionary,"Hotels, Resorts & Cruise Lines",1048286,1998-05-29,"Bethesda, Maryland",1927
MAS,MAS,Masco,Industrials,Building Products,62996,1981-06-30,"Livonia, Michigan",1929
MCD,MCD,McDonald's,Consumer Discretionary,Restaurants,63908,1970-06-30,"Chicago, Illinois",1940
MCHP,MCHP,Microchip Technology,Information Technology,Semiconductors,827054,2007-09-07,"Chandler, Arizona",1989
MCK,MCK,McKesson Corporation,Health Care,Health Care Distributors,927653,1999-01-13,"Irving, Texas",1833
MCO,MCO,Moody's Corporation,Financials,Financial Exchanges & Data,1059556,1998-07-01,"New York City, New York",1909
MDLZ,MDLZ,Mondelez International,Consumer Staples,Packaged Foods & Meats,1103982,2012-10-02,"Chicago, Illinois",2012
MDT,MDT,Medtronic,Health Care,Health Care Equipment,1613103,1986-10-31,"Galway, Ireland",1949
MET,MET,MetLife,Financials,Life & Health Insurance,1099219,2000-12-11,"New York City, New York",1868
META,META,Meta Platforms,Communication Services,Interactive Media & Services,1326801,2013-12-23,"Menlo Park, California",2004
MGM,MGM,MGM Resorts,Consumer Discretionary,Casinos & Gaming,789570,2017-07-26,"Paradise, Nevada",1986
MKC,MKC,McCormick & Company,Consumer Staples,Packaged Foods & Meats,63754,2003-03-20,"Hunt Valley, Maryland",1889
MLM,MLM,Martin Marietta Materials,Materials,Construction Materials,916076,2014-07-02,"Raleigh, North Carolina",1993
MMM,MMM,3M,Industrials,Industrial Conglomerates,66740,1957-03-04,"Saint Paul, Minnesota",1902
MNST,MNST,Monster Beverage,Consumer Staples,Soft Drinks & Non-alcoholic Beverages,865752,2012-06-28,"Corona, California",2012 (1935)
MO,MO,Altria,Consumer Staples,Tobacco,764180,1957-03-04,"Richmond, Virginia",1985
MOS,MOS,Mosaic Company (The),Materials,Fertilizers & Agricultural Chemicals,1285785,2011-09-26,"Tampa, Florida",2004 (1865 / 1909)
MPC,MPC,Marathon Petroleum,Energy,Oil & Gas Refining & Marketing,1510295,2011-07-01,"Findlay, Ohio",2009 (1887)
MPWR,MPWR,Monolithic Power Systems,Information Technology,Semiconductors,1280452,2021-02-12,"Kirkland, Washington",1997
MRK,MRK,Merck & Co.,Health Care,Pharmaceuticals,310158,1957-03-04,"Kenilworth, New Jersey",1891
MRNA,MRNA,Moderna,Health Care,Biotechnology,1682852,2021-07-21,"Cambridge, Massachusetts",2010
MRSH,MRSH,Marsh McLennan,Financials,Insurance Brokers,62709,1987-08-31,"New York City, New York",1905
MRVL,MRVL,Marvell Technology,Information Technology,Semiconductors,1835632,2026-06-22,"Santa Clara, California",1995
MS,MS,Morgan Stanley,Financials,Investment Banking & Brokerage,895421,1993-07-29,"New York City, New York",1935
MSCI,MSCI,MSCI,Financials,Financial Exchanges & Data,1408198,2018-04-04,"New York City, New York",1969
MSFT,MSFT,Microsoft,Information Technology,Systems Software,789019,1994-06-01,"Redmond, Washington",1975
MSI,MSI,Motorola Solutions,Information Technology,Communications Equipment,68505,1957-03-04,"Chicago, Illinois",1928 (2011)
MTB,MTB,M&T Bank,Financials,Regional Banks,36270,2004-02-23,"Buffalo, New York",1856
MTD,MTD,Mettler Toledo,Health Care,Life Sciences Tools & Services,1037646,2016-09-06,"Columbus, Ohio",1945
MU,MU,Micron Technology,Information Technology,Semiconductors,723125,1994-09-27,"Boise, Idaho",1978
NCLH,NCLH,Norwegian Cruise Line Holdings,Consumer Discretionary,"Hotels, Resorts & Cruise Lines",1513761,2017-10-13,"Miami-Dade County, Florida",2011 (1966)
NDAQ,NDAQ,"Nasdaq, Inc.",Financials,Financial Exchanges & Data,1120193,2008-10-22,"New York City, New York",1971
NDSN,NDSN,Nordson Corporation,Industrials,Industrial Machinery & Supplies & Components,72331,2022-02-15,"Westlake, Ohio",1935
NEE,NEE,NextEra Energy,Utilities,Multi-Utilities,753308,1976-06-30,"Juno Beach, Florida",1984 (1925)
NEM,NEM,Newmont,Materials,Gold,1164727,1969-06-30,"Denver, Colorado",1921
NFLX,NFLX,Netflix,Communication Services,Movies & Entertainment,1065280,2010-12-20,"Los Gatos, California",1997
NI,NI,NiSource,Utilities,Multi-Utilities,1111711,2000-11-02,"Merrillville, Indiana",1912
NKE,NKE,"Nike, Inc.",Consumer Discretionary,"Apparel, Accessories & Luxury Goods",320187,1988-11-30,"Washington County, Oregon",1964
NOC,NOC,Northrop Grumman,Industrials,Aerospace & Defense,1133421,1957-03-04,"West Falls Church, Virginia","1994 (Northrop 1939, Grumman 1930)"
NOW,NOW,ServiceNow,Information Technology,Systems Software,1373715,2019-11-21,"Santa Clara, California",2003
NRG,NRG,NRG Energy,Utilities,Independent Power Producers & Energy Traders,1013871,2010-01-29,"Houston, Texas",1992
NSC,NSC,Norfolk Southern,Industrials,Rail Transportation,702165,1957-03-04,"Atlanta, Georgia",1881/1894 (1980)
NTAP,NTAP,NetApp,Information Technology,"Technology Hardware, Storage & Peripherals",1002047,1999-06-25,"San Jose, California",1992
NTRS,NTRS,Northern Trust,Financials,Asset Management & Custody Banks,73124,1998-01-30,"Chicago, Illinois",1889
NUE,NUE,Nucor,Materials,Steel,73309,1985-04-30,"Charlotte, North Carolina",1940
NVDA,NVDA,Nvidia,Information Technology,Semiconductors,1045810,2001-11-30,"Santa Clara, California",1993
NVR,NVR,"NVR, Inc.",Consumer Discretionary,Homebuilding,906163,2019-09-26,"Reston, Virginia",1980
NWS,NWS,News Corp (Class B),Communication Services,Publishing,1564708,2015-09-18,"New York City, New York",2013 (News Corporation 1980)
NWSA,NWSA,News Corp (Class A),Communication Services,Publishing,1564708,2013-08-01,"New York City, New York",2013 (News Corporation 1980)
NXPI,NXPI,NXP Semiconductors,Information Technology,Semiconductors,1413447,2021-03-22,"Eindhoven, Netherlands",1953
O,O,Realty Income,Real Estate,Retail REITs,726728,2015-04-07,"San Diego, California",1969
ODFL,ODFL,Old Dominion,Industrials,Cargo Ground Transportation,878927,2019-12-09,"Thomasville, North Carolina",1934
OKE,OKE,Oneok,Energy,Oil & Gas Storage & Transportation,1039684,2010-03-15,"Tulsa, Oklahoma",1906
OMC,OMC,Omnicom Group,Communication Services,Advertising,29989,1997-12-31,"New York City, New York",1986
ON,ON,ON Semiconductor,Information Technology,Semiconductors,1097864,2022-06-21,"Phoenix, Arizona",1999
ORCL,ORCL,Oracle Corporation,Information Technology,Application Software,1341439,1989-08-31,"Austin, Texas",1977
ORLY,ORLY,O'Reilly Automotive,Consumer Discretionary,Automotive Retail,898173,2009-03-27,"Springfield, Missouri",1957
OTIS,OTIS,Otis Worldwide,Industrials,Industrial Machinery & Supplies & Components,1781335,2020-04-03,"Farmington, Connecticut","2020 (1853, United Technologies spinoff)"
OXY,OXY,Occidental Petroleum,Energy,Oil & Gas Exploration & Production,797468,1957-03-04,"Houston, Texas",1920
P,P,Everpure,Information Technology,"Technology Hardware, Storage & Peripherals",1474432,2026-09-21,"Santa Clara, California",2009
PANW,PANW,Palo Alto Networks,Information Technology,Systems Software,1327567,2023-06-20,"Santa Clara, California",2005
PAYX,PAYX,Paychex,Industrials,Human Resource & Employment Services,723531,1998-10-01,"Penfield, New York",1971
PCAR,PCAR,Paccar,Industrials,Construction Machinery & Heavy Transportation Equipment,75362,1980-12-31,"Bellevue, Washington",1905
PCG,PCG,PG&E Corporation,Utilities,Multi-Utilities,1004980,2022-10-03,"Oakland, California",1905
PEG,PEG,Public Service Enterprise Group,Utilities,Electric Utilities,788784,1957-03-04,"Newark, New Jersey",1903
PEP,PEP,PepsiCo,Consumer Staples,Soft Drinks & Non-alcoholic Beverages,77476,1957-03-04,"Purchase, New York",1898
PFE,PFE,Pfizer,Health Care,Pharmaceuticals,78003,1957-03-04,"New York City, New York",1849
PFG,PFG,Principal Financial Group,Financials,Life & Health Insurance,1126328,2002-07-22,"Des Moines, Iowa",1879
PG,PG,Procter & Gamble,Consumer Staples,Personal Care Products,80424,1957-03-04,"Cincinnati, Ohio",1837
PGR,PGR,Progressive Corporation,Financials,Property & Casualty Insurance,80661,1997-08-04,"Mayfield Village, Ohio",1937
PH,PH,Parker Hannifin,Industrials,Industrial Machinery & Supplies & Components,76334,1985-11-30,"Cleveland, Ohio",1917
PHM,PHM,PulteGroup,Consumer Discretionary,Homebuilding,822416,1984-04-30,"Atlanta, Georgia",1956
PKG,PKG,Packaging Corporation of America,Materials,Paper & Plastic Packaging Products & Materials,75677,2017-07-26,"Lake Forest, Illinois",1959
PLD,PLD,Prologis,Real Estate,Industrial REITs,1045609,2003-07-17,"San Francisco, California",1983
PLTR,PLTR,Palantir Technologies,Information Technology,Application Software,1321655,2024-09-23,"Aventura, Florida",2003
PM,PM,Philip Morris International,Consumer Staples,Tobacco,1413329,2008-03-31,"New York City, New York",2008 (1847)
PNC,PNC,PNC Financial Services,Financials,Diversified Banks,713676,1988-04-30,"Pittsburgh, Pennsylvania",1845
PNR,PNR,Pentair,Industrials,Industrial Machinery & Supplies & Components,77360,2012-10-01,"Worsley, United Kingdom",1966
PNW,PNW,Pinnacle West Capital,Utilities,Multi-Utilities,764622,1999-10-04,"Phoenix, Arizona",1985
PODD,PODD,Insulet Corporation,Health Care,Health Care Equipment,1145197,2023-03-15,"Acton, Massachusetts",2000
PPG,PPG,PPG Industries,Materials,Specialty Chemicals,79879,1957-03-04,"Pittsburgh, Pennsylvania",1883
PPL,PPL,PPL Corporation,Utilities,Electric Utilities,922224,2001-10-01,"Allentown, Pennsylvania",1920
PRU,PRU,Prudential Financial,Financials,Life & Health Insurance,1137774,2002-07-22,"Newark, New Jersey",1875
PSA,PSA,Public Storage,Real Estate,Self-Storage REITs,1393311,2005-08-19,"Glendale, California",1972
PSKY,PSKY,Paramount Skydance Corporation,Communication Services,Movies & Entertainment,2041610,1994-09-30,"Los Angeles, California",2025 (Paramount Pictures 1912)
PSX,PSX,Phillips 66,Energy,Oil & Gas Refining & Marketing,1534701,2012-05-01,"Houston, Texas",2012 (1917)
PTC,PTC,PTC Inc.,Information Technology,Application Software,857005,2021-04-20,"Boston, Massachusetts",1985
PWR,PWR,Quanta Services,Industrials,Construction & Engineering,1050915,2009-07-01,"Houston, Texas",1997
PYPL,PYPL,PayPal,Financials,Transaction & Payment Processing Services,1633917,2015-07-20,"San Jose, California",1998
Q,Q,Qnity Electronics,Information Technology,Semiconductor Materials & Equipment,2058873,2025-11-03,"Wilmington, Delaware",2025
QCOM,QCOM,Qualcomm,Information Technology,Semiconductors,804328,1999-07-22,"San Diego, California",1985
RCL,RCL,Royal Caribbean Group,Consumer Discretionary,"Hotels, Resorts & Cruise Lines",884887,2014-12-05,"Miami, Florida",1997
RDDT,RDDT,Reddit,Communication Services,Interactive Media & Services,1713445,2026-08-18,"San Francisco, California",2005
REG,REG,Regency Centers,Real Estate,Retail REITs,910606,2017-03-02,"Jacksonville, Florida",1963
REGN,REGN,Regeneron Pharmaceuticals,Health Care,Biotechnology,872589,2013-05-01,"Tarrytown, New York",1988
RF,RF,Regions Financial Corporation,Financials,Regional Banks,1281761,1998-08-28,"Birmingham, Alabama",1971
RJF,RJF,Raymond James Financial,Financials,Investment Banking & Brokerage,720005,2017-03-20,"St. Petersburg, Florida",1962
RL,RL,Ralph Lauren Corporation,Consumer Discretionary,"Apparel, Accessories & Luxury Goods",1037038,2007-02-02,"New York City, New York",1967
RMD,RMD,ResMed,Health Care,Health Care Equipment,943819,2017-07-26,"San Diego, California",1989
ROK,ROK,Rockwell Automation,Industrials,Electrical Components & Equipment,1024478,2000-03-12,"Milwaukee, Wisconsin",1903
ROL,ROL,"Rollins, Inc.",Industrials,Environmental & Facilities Services,84839,2018-10-01,"Atlanta, Georgia",1948
ROP,ROP,Roper Technologies,Information Technology,Electronic Equipment & Instruments,882835,2009-12-23,"Sarasota, Florida",1981
ROST,ROST,Ross Stores,Consumer Discretionary,Apparel Retail,745732,2009-12-21,"Dublin, California",1982
RSG,RSG,Republic Services,Industrials,Environmental & Facilities Services,1060391,2008-12-05,"Phoenix, Arizona",1998 (1981)
RTX,RTX,RTX Corporation,Industrials,Aerospace & Defense,101829,1957-03-04,"Waltham, Massachusetts",1922
RVTY,RVTY,Revvity,Health Care,Health Care Equipment,31791,1985-05-31,"Waltham, Massachusetts",1937
SBAC,SBAC,SBA Communications,Real Estate,Telecom Tower REITs,1034054,2017-09-01,"Boca Raton, Florida",1989
SBUX,SBUX,Starbucks,Consumer Discretionary,Restaurants,829224,2000-06-07,"Seattle, Washington",1971
SCHW,SCHW,Charles Schwab Corporation,Financials,Investment Banking & Brokerage,316709,1997-06-02,"Westlake, Texas",1971
SHW,SHW,Sherwin-Williams,Materials,Specialty Chemicals,89800,1964-06-30,"Cleveland, Ohio",1866
SJM,SJM,J.M. Smucker Company (The),Consumer Staples,Packaged Foods & Meats,91419,2008-11-06,"Orrville, Ohio",1897
SLB,SLB,Schlumberger,Energy,Oil & Gas Equipment & Services,87347,1957-03-04,"Houston, Texas",1926
SMCI,SMCI,Supermicro,Information Technology,"Technology Hardware, Storage & Peripherals",1375365,2024-03-18,"San Jose, California",1993
SNA,SNA,Snap-on,Industrials,Industrial Machinery & Supplies & Components,91440,1982-09-30,"Kenosha, Wisconsin",1920
SNDK,SNDK,Sandisk,Information Technology,"Technology Hardware, Storage & Peripherals",2023554,2025-11-28,"Milpitas, California",1988
SNPS,SNPS,Synopsys,Information Technology,Application Software,883241,2017-03-16,"Sunnyvale, California",1986
SO,SO,Southern Company,Utilities,Electric Utilities,92122,1957-03-04,"Atlanta, Georgia",1945
SOLV,SOLV,Solventum,Health Care,Health Care Technology,1964738,2024-04-01,"Saint Paul, Minnesota",2023
SPG,SPG,Simon Property Group,Real Estate,Retail REITs,1063761,2002-06-26,"Indianapolis, Indiana",2003
SPGI,SPGI,S&P Global,Financials,Financial Exchanges & Data,64040,1957-03-04,"New York City, New York",1917
SRE,SRE,Sempra,Utilities,Multi-Utilities,1032208,2017-03-17,"San Diego, California",1998
STE,STE,Steris,Health Care,Health Care Equipment,1757898,2019-12-23,"Dublin, Ireland",1985
STLD,STLD,Steel Dynamics,Materials,Steel,1022671,2022-12-22,"Fort Wayne, Indiana",1993
STT,STT,State Street Corporation,Financials,Asset Management & Custody Banks,93751,2003-03-14,"Boston, Massachusetts",1792
STX,STX,Seagate Technology,Information Technology,"Technology Hardware, Storage & Peripherals",1137789,2012-07-02,"Dublin, Ireland",1979
STZ,STZ,Constellation Brands,Consumer Staples,Distillers & Vintners,16918,2005-07-01,"Rochester, New York",1945
SW,SW,Smurfit Westrock,Materials,Paper & Plastic Packaging Products & Materials,2005951,2024-07-08,"Dublin, Ireland",1934
SWK,SWK,Stanley Black & Decker,Industrials,Industrial Machinery & Supplies & Components,93556,1982-09-30,"New Britain, Connecticut",1843
SWKS,SWKS,Skyworks Solutions,Information Technology,Semiconductors,4127,2015-03-12,"Irvine, California",2002
SYF,SYF,Synchrony Financial,Financials,Consumer Finance,1601712,2015-11-18,"Stamford, Connecticut",2003
SYK,SYK,Stryker Corporation,Health Care,Health Care Equipment,310764,2000-12-12,"Kalamazoo, Michigan",1941
SYY,SYY,Sysco,Consumer Staples,Food Distributors,96021,1986-12-31,"Houston, Texas",1969
T,T,AT&T,Communication Services,Integrated Telecommunication Services,732717,1983-11-30,"Dallas, Texas",1983 (1885)
TDG,TDG,TransDigm Group,Industrials,Aerospace & Defense,1260221,2016-06-03,"Cleveland, Ohio",1993
TDY,TDY,Teledyne Technologies,Information Technology,Electronic Equipment & Instruments,1094285,2020-06-22,"Thousand Oaks, California",1960
TECH,TECH,Bio-Techne,Health Care,Life Sciences Tools & Services,842023,2021-08-30,"Minneapolis, Minnesota",1976
TEL,TEL,TE Connectivity,Information Technology,Electronic Manufacturing Services,1385157,2011-10-17,"Galway, Ireland",2007
TER,TER,Teradyne,Information Technology,Semiconductor Materials & Equipment,97210,2020-09-21,"North Reading, Massachusetts",1960
TFC,TFC,Truist Financial,Financials,Diversified Banks,92230,1997-12-04,"Charlotte, North Carolina",1872
TGT,TGT,Target Corporation,Consumer Staples,Consumer Staples Merchandise Retail,27419,1976-12-31,"Minneapolis, Minnesota",1902
TJX,TJX,TJX Companies,Consumer Discretionary,Apparel Retail,109198,1985-09-30,"Framingham, Massachusetts",1987
TKO,TKO,TKO Group Holdings,Communication Services,Movies & Entertainment,1973266,2025-03-24,"New York City, New York",2023
TMO,TMO,Thermo Fisher Scientific,Health Care,Life Sciences Tools & Services,97745,2004-08-03,"Waltham, Massachusetts",2006 (1902)
TMUS,TMUS,T-Mobile US,Communication Services,Wireless Telecommunication Services,1283699,2019-07-15,"Bellevue, Washington",1994
TPL,TPL,Texas Pacific Land Corporation,Energy,Oil & Gas Exploration & Production,1811074,2024-11-26,"Dallas, Texas",1888
TPR,TPR,"Tapestry, Inc.",Consumer Discretionary,"Apparel, Accessories & Luxury Goods",1116132,2004-09-01,"New York City, New York",2017
TRGP,TRGP,Targa Resources,Energy,Oil & Gas Storage & Transportation,1389170,2022-10-12,"Houston, Texas",2005
TRMB,TRMB,Trimble Inc.,Information Technology,Application Software,864749,2021-01-21,"Westminster, Colorado",1978
TROW,TROW,T. Rowe Price,Financials,Asset Management & Custody Banks,1113169,2019-07-29,"Baltimore, Maryland",1937
TRV,TRV,Travelers Companies (The),Financials,Property & Casualty Insurance,86312,2002-08-21,"New York City, New York",1853
TSCO,TSCO,Tractor Supply,Consumer Discretionary,Other Specialty Retail,916365,2014-01-24,"Brentwood, Tennessee",1938
TSLA,TSLA,"Tesla, Inc.",Consumer Discretionary,Automobile Manufacturers,1318605,2020-12-21,"Austin, Texas",2003
TSN,TSN,Tyson Foods,Consumer Staples,Packaged Foods & Meats,100493,2005-08-10,"Springdale, Arkansas",1935
TT,TT,Trane Technologies,Industrials,Building Products,1466258,2010-11-17,"Dublin, Ireland",1871
TTWO,TTWO,Take-Two Interactive,Communication Services,Interactive Home Entertainment,946581,2018-03-19,"New York City, New York",1993
TXN,TXN,Texas Instruments,Information Technology,Semiconductors,97476,2001-03-12,"Dallas, Texas",1930
TXT,TXT,Textron,Industrials,Aerospace & Defense,217346,1978-12-31,"Providence, Rhode Island",1923
TYL,TYL,Tyler Technologies,Information Technology,Application Software,860731,2020-06-22,"Plano, Texas",1966
UAL,UAL,United Airlines Holdings,Industrials,Passenger Airlines,100517,2015-09-03,"Chicago, Illinois",1967
UBER,UBER,Uber,Industrials,Passenger Ground Transportation,1543151,2023-12-18,"San Francisco, California",2009
UDR,UDR,"UDR, Inc.",Real Estate,Multi-Family Residential REITs,74208,2016-03-07,"Highlands Ranch, Colorado",1972
UHS,UHS,Universal Health Services,Health Care,Health Care Facilities,352915,2014-09-20,"King of Prussia, Pennsylvania",1979
ULTA,ULTA,Ulta Beauty,Consumer Discretionary,Other Specialty Retail,1403568,2016-04-18,"Bolingbrook, Illinois",1990
UNH,UNH,UnitedHealth Group,Health Care,Managed Health Care,731766,1994-07-01,"Eden Prairie, Minnesota",1977
UNP,UNP,Union Pacific Corporation,Industrials,Rail Transportation,100885,1957-03-04,"Omaha, Nebraska",1862
UPS,UPS,United Parcel Service,Industrials,Air Freight & Logistics,1090727,2002-07-22,"Sandy Springs, Georgia",1907
URI,URI,United Rentals,Industrials,Trading Companies & Distributors,1067701,2014-09-20,"Stamford, Connecticut",1997
USB,USB,U.S. Bancorp,Financials,Diversified Banks,36104,1999-11-01,"Minneapolis, Minnesota",1968
V,V,Visa Inc.,Financials,Transaction & Payment Processing Services,1403161,2009-12-21,"San Francisco, California",1958
VEEV,VEEV,Veeva Systems,Health Care,Health Care Technology,1393052,2026-05-07,"Pleasanton, California",2007
VICI,VICI,Vici Properties,Real Estate,Hotel & Resort REITs,1705696,2022-06-08,"New York City, New York",2017
VLO,VLO,Valero Energy,Energy,Oil & Gas Refining & Marketing,1035002,2002-12-20,"San Antonio, Texas",1980
VLTO,VLTO,Veralto,Industrials,Environmental & Facilities Services,1967680,2023-10-02,"Waltham, Massachusetts",2023
VMC,VMC,Vulcan Materials Company,Materials,Construction Materials,1396009,1999-06-30,"Birmingham, Alabama",1909
VMRK,VMRK,Vivmark Residential,Real Estate,Multi-Family Residential REITs,906107,2001-12-03,"Chicago, Illinois",1969
VRSK,VRSK,Verisk Analytics,Industrials,Research & Consulting Services,1442145,2015-10-08,"Jersey City, New Jersey",1971
VRSN,VRSN,Verisign,Information Technology,Internet Services & Infrastructure,1014473,2006-02-01,"Reston, Virginia",1995
VRT,VRT,Vertiv,Industrials,Electrical Components & Equipment,1674101,2026-03-23,"Westerville, Ohio",2016
VRTX,VRTX,Vertex Pharmaceuticals,Health Care,Biotechnology,875320,2013-09-23,"Boston, Massachusetts",1989
VST,VST,Vistra Corp.,Utilities,Electric Utilities,1692819,2024-05-08,"Irving, Texas",2016
VTR,VTR,Ventas,Real Estate,Health Care REITs,740260,2009-03-04,"Chicago, Illinois",1998
VTRS,VTRS,Viatris,Health Care,Pharmaceuticals,1792044,2004-04-23,"Pittsburgh, Pennsylvania",1961
VZ,VZ,Verizon,Communication Services,Integrated Telecommunication Services,732712,1983-11-30,"New York City, New York",1983 (1877)
WAB,WAB,Wabtec,Industrials,Construction Machinery & Heavy Transportation Equipment,943452,2019-02-27,"Pittsburgh, Pennsylvania",1999 (1869)
WAT,WAT,Waters Corporation,Health Care,Life Sciences Tools & Services,1000697,2002-01-02,"Milford, Massachusetts",1958
WBD,WBD,Warner Bros. Discovery,Communication Services,Broadcasting,1437107,2022-04-11,"New York City, New York",2022 (Warner Bros. 1923)
WDAY,WDAY,"Workday, Inc.",Information Technology,Application Software,1327811,2024-12-23,"Pleasanton, California",2005
WDC,WDC,Western Digital,Information Technology,"Technology Hardware, Storage & Peripherals",106040,2009-07-01,"San Jose, California",1970
WEC,WEC,WEC Energy Group,Utilities,Electric Utilities,783325,2008-10-31,"Milwaukee, Wisconsin",1896
WELL,WELL,Welltower,Real Estate,Health Care REITs,766704,2009-01-30,"Toledo, Ohio",1970
WFC,WFC,Wells Fargo,Financials,Diversified Banks,72971,1976-06-30,"San Francisco, California",1852
WM,WM,Waste Management,Industrials,Environmental & Facilities Services,823768,1998-08-31,"Houston, Texas",1968
WMB,WMB,Williams Companies,Energy,Oil & Gas Storage & Transportation,107263,1975-03-31,"Tulsa, Oklahoma",1908
WMT,WMT,Walmart,Consumer Staples,Consumer Staples Merchandise Retail,104169,1982-08-31,"Bentonville, Arkansas",1962
WRB,WRB,W. R. Berkley Corporation,Financials,Property & Casualty Insurance,11544,2019-12-05,"Greenwich, Connecticut",1967
WSM,WSM,"Williams-Sonoma, Inc.",Consumer Discretionary,Homefurnishing Retail,719955,2025-03-24,"San Francisco, California",1956
WST,WST,West Pharmaceutical Services,Health Care,Health Care Supplies,105770,2020-05-22,"Exton, Pennsylvania",1923
WTW,WTW,Willis Towers Watson,Financials,Insurance Brokers,1140536,2016-01-05,"London, United Kingdom",2016
WY,WY,Weyerhaeuser,Real Estate,Timber REITs,106535,1979-10-01,"Seattle, Washington",1900
WYNN,WYNN,Wynn Resorts,Consumer Discretionary,Casinos & Gaming,1174922,2008-11-14,"Paradise, Nevada",2002
XEL,XEL,Xcel Energy,Utilities,Multi-Utilities,72903,1957-03-04,"Minneapolis, Minnesota",1909
XOM,XOM,ExxonMobil,Energy,Integrated Oil & Gas,2115436,1957-03-04,"Irving, Texas",1999
XYL,XYL,Xylem Inc.,Industrials,Industrial Machinery & Supplies & Components,1524472,2011-11-01,"White Plains, New York",2011
XYZ,XYZ,"Block, Inc.",Financials,Transaction & Payment Processing Services,1512673,2025-07-23,none,2009
YUM,YUM,Yum! Brands,Consumer Discretionary,Restaurants,1041061,1997-10-06,"Louisville, Kentucky",1997
ZBH,ZBH,Zimmer Biomet,Health Care,Health Care Equipment,1136869,2001-08-07,"Warsaw, Indiana",1927
ZBRA,ZBRA,Zebra Technologies,Information Technology,Electronic Equipment & Instruments,877212,2019-12-23,"Lincolnshire, Illinois",1969
ZTS,ZTS,Zoetis,Health Care,Pharmaceuticals,1555280,2013-06-21,"Parsippany, New Jersey",1952
