ticker,date,split_ratio,dividend,dividend_frac_prev_close,ret_close,ret_adj_yahoo,classification,prior_history_scale,ret_adj_after
ABT,2004-05-03,1.0688328345446771,1.36551,0.06910260181651917,0.02755579158580468,0.10383342305172683,double_count_corrected,1.07423210699655,0.02755579158580468
CINF,1995-03-13,1.05,0.028219,0.0018582593557723746,-0.009255071379954627,-0.007409678007792575,small_dividend_with_split (plausible stock dividend + cash),,
CINF,1996-03-13,1.05,0.033862,0.0018161929288594424,0.013513437479060197,0.015357541537625918,small_dividend_with_split (plausible stock dividend + cash),,
CNP,2002-10-01,1.1862396204033214,0.843,0.0999001018835747,0.06062383487966949,0.17833959044765102,double_count_corrected,1.1109872809725578,0.06062383487966927
DHR,2016-07-05,1.319,24.56,0.3571262280508974,0.03643085922432254,0.6121842419377468,double_count_corrected,1.555515476588882,0.036430859224322765
DLX,2001-01-02,1.2507817385866167,5.07,0.25094829095098725,-0.033329330456548845,0.29052564964812544,double_count_corrected,1.3350210059208973,-0.033329330456548956
DXC,2015-11-30,1.7412,9.083045,0.2664325364650582,-0.20501607782524545,0.08372271136591092,ambiguous_flagged,,
ETN,2001-01-02,1.1524720525527257,2.616,0.1603919336342827,0.03176433799289491,0.22886344064714814,double_count_corrected,1.1910311254192723,0.03176433799289491
EXPE,2011-12-21,0.5,15.125,0.2648861717020004,-0.5115586666383404,-0.33555694987768236,ambiguous_flagged,,
HBAN,1996-07-12,1.1,0.124308,0.008429443754973493,0.013157927922538892,0.02177089168643742,small_dividend_with_split (plausible stock dividend + cash),,
HBAN,1997-07-11,1.1,0.136739,0.006550496946447567,0.02576683282314396,0.03253096212737994,small_dividend_with_split (plausible stock dividend + cash),,
HST,2009-11-04,1.0215,0.025,0.0024914635837389957,-0.01935991823364447,-0.01691068935823925,small_dividend_with_split (plausible stock dividend + cash),,
IRM,2014-09-26,1.082,0.669,0.020540805408761527,-0.020550546033187955,-9.87497354087985e-06,plausible,,
JCI,2007-07-02,0.25,10.691554,0.15196803598225223,-0.6052086524494289,-0.5344618769126088,ambiguous_flagged,,
MAC,2009-05-07,1.027,0.057053,0.0033004963029109424,-0.019756831695141752,-0.016511077315438993,small_dividend_with_split (plausible stock dividend + cash),,
MAC,2009-08-10,1.0189,0.058131,0.002231165966060967,0.02856840197404842,0.030867981320040094,small_dividend_with_split (plausible stock dividend + cash),,
MAC,2009-11-09,1.0179,0.059172,0.002036492657723601,0.08103080113488392,0.0832372412242095,small_dividend_with_split (plausible stock dividend + cash),,
MAC,2010-02-11,1.014,0.06,0.0019901865072287786,-0.005901862415102155,-0.003919177614614466,small_dividend_with_split (plausible stock dividend + cash),,
RIG,2007-11-27,0.6996,33.03,0.1785902104714644,-0.26601207776260094,-0.10642914555923355,ambiguous_flagged,,
ROST,1997-03-06,2.0,0.002813,0.0017913626401189122,0.08955221161277005,0.09150762338489993,small_dividend_with_split (plausible stock dividend + cash),,
SPG,2009-08-13,1.00722,0.111246,0.0018995036321997202,0.00929511980970088,0.011215425299865744,small_dividend_with_split (plausible stock dividend + cash),,
SPG,2009-11-12,1.0063,0.112888,0.0016619315659324862,-0.006856885099775667,-0.005203372182539079,small_dividend_with_split (plausible stock dividend + cash),,
SSP,2015-04-01,1.127,0.774436,0.0408160999930738,-0.04300107089768934,-0.0022780943108438034,plausible,,
TMUS,2013-05-01,0.5,4.06,0.1714527004931076,-0.3023648545243952,-0.15800204488523084,ambiguous_flagged,,
XRX,2017-01-03,1.518,2.98,0.12954294764224655,0.19805488853587816,0.37635137550374,ambiguous_flagged,,
