ticker,date,prev_date,prev_close,close,ret_close,ret_adj,gap_trading_days,volume,split_near,explained_by_split,reverses_within_5d,category,during_membership,in_current,asset_class,ticker_reuse_suspect
AAL,2008-07-22,2008-07-21,2.690000057220459,4.269999980926514,0.5873605539394104,0.5873598912589857,0,31704400.0,,False,False,persistent_move,False,False,equity,False
AAP,2025-05-22,2025-05-21,31.309999465942383,49.16999816894531,0.5704247527193425,0.5704247852510202,0,27499800.0,,False,False,persistent_move,False,False,equity,False
AAPL,2000-09-29,2000-09-28,0.955357015132904,0.4598209857940674,-0.5186919879055898,-0.5186919887773047,0,7421640800.0,,False,False,persistent_move,True,True,equity,False
ADCT,2023-12-13,2023-12-12,1.0299999713897705,1.6799999475479126,0.6310679555467389,0.6310679555467389,0,7690400.0,,False,True,spike_reversal,False,False,equity,True
ADCT,2024-12-06,2024-12-05,1.9199999570846558,3.130000114440918,0.630208429375976,0.630208429375976,0,8898700.0,,False,True,spike_reversal,False,False,equity,True
ADCT,2026-06-04,2026-06-03,3.0799999237060547,1.3200000524520874,-0.5714285437826316,-0.5714285437826316,0,12639800.0,,False,False,persistent_move,False,False,equity,True
ADT,2020-08-03,2020-07-31,8.609999656677246,13.479999542236328,0.5656213797618783,0.5656210990520962,0,187405000.0,,False,False,persistent_move,False,False,equity,True
AIG,2008-09-15,2008-09-12,242.8000030517578,95.19999694824219,-0.6079077604955864,-0.6079077367861276,0,36971185.0,,False,False,persistent_move,True,True,equity,False
AIG,2009-03-16,2009-03-13,10.0,16.600000381469727,0.6600000381469726,0.6599999953603612,0,14289240.0,,False,False,persistent_move,True,True,equity,False
AIG,2009-08-05,2009-08-04,13.520000457763672,22.0,0.6272188798164431,0.627218727114953,0,134873500.0,,False,False,persistent_move,True,True,equity,False
AMD,2016-04-22,2016-04-21,2.619999885559082,3.990000009536743,0.5229008335186689,0.5229008335186689,0,143265300.0,,False,False,persistent_move,False,True,equity,False
AN,1995-05-22,1995-05-19,1.9375,3.875,1.0,1.0,0,9895600.0,,False,False,persistent_move,False,False,equity,False
APA,2020-03-09,2020-03-06,20.700000762939453,9.550000190734863,-0.5386473507849892,-0.5386474037795708,0,28073200.0,,False,False,persistent_move,True,True,equity,False
BC,2008-12-02,2008-12-01,2.009999990463257,3.049999952316284,0.5174129187997321,0.5174125838093357,0,2334500.0,,False,False,persistent_move,False,False,equity,False
BE,2024-11-15,2024-11-14,13.279999732971191,21.139999389648438,0.5918674559279298,0.5918674559279298,0,64722200.0,,False,False,persistent_move,False,True,equity,False
BLDR,2015-04-13,2015-04-10,6.900000095367432,11.569999694824219,0.6768115267986972,0.6768115267986972,0,17377500.0,,False,False,persistent_move,False,False,equity,False
C,2008-11-24,2008-11-21,37.70000076293945,59.5,0.5782493049308048,0.5782489666052897,0,80378310.0,,False,False,persistent_move,True,True,equity,False
CAR,2009-03-20,2009-03-19,0.550000011920929,1.090000033378601,0.9818181995517947,0.9818183580973607,0,5417500.0,,False,False,persistent_move,False,False,equity,False
CAR,2021-11-02,2021-11-01,171.4600067138672,357.1700134277344,1.0831097599557453,1.0831097824612725,0,30496200.0,,False,False,persistent_move,False,False,equity,False
CBRE,2009-03-25,2009-03-24,3.0,4.920000076293945,0.6400000254313152,0.6400000254313152,0,22609100.0,,False,False,persistent_move,True,True,equity,False
CNP,2002-07-25,2002-07-24,4.552199840545654,7.418399810791016,0.6296296451479602,0.629629593657415,0,9840451.0,,False,False,persistent_move,True,True,equity,False
COHR,2000-03-02,2000-03-01,4.375,7.5,0.7142857142857142,0.7142857142857142,0,17240800.0,,False,False,persistent_move,False,True,equity,False
COHR,2000-08-18,2000-08-17,3.328125,5.542969226837158,0.6654931010214935,0.6654931010214935,0,13276800.0,,False,False,persistent_move,False,True,equity,False
COMS,2009-04-14,2009-04-13,151680.625,236621.765625,0.5599999381925016,0.5599999381925016,0,0.0,,False,False,persistent_move,False,False,equity,True
COMS,2009-09-14,2009-09-11,12134.44921875,23662.177734375,0.950000144861334,0.950000144861334,0,0.0,,False,False,persistent_move,False,False,equity,True
COMS,2009-12-28,2009-12-24,15168.0625,24268.8984375,0.5999998969875024,0.5999998969875024,0,0.0,,False,False,persistent_move,False,False,equity,True
COMS,2010-01-28,2010-01-27,9161.509765625,21235.287109375,1.3178807481112065,1.3178807481112065,0,0.0,,False,False,persistent_move,False,False,equity,True
COMS,2010-03-29,2010-03-26,15168.0625,30336.125,1.0,1.0,0,0.0,,False,False,persistent_move,False,False,equity,True
COMS,2010-05-05,2010-05-04,13772.6005859375,21235.287109375,0.5418502102687324,0.5418502102687324,0,0.0,,False,False,persistent_move,False,False,equity,True
COMS,2010-06-09,2010-06-08,18201.673828125,27302.51171875,0.5000000536523459,0.5000000536523459,0,0.0,,False,True,spike_reversal,False,False,equity,True
COMS,2010-06-23,2010-06-22,12134.44921875,22752.09375,0.8750001207177782,0.8750001207177782,0,0.0,,False,False,persistent_move,False,False,equity,True
COMS,2010-09-03,2010-09-02,12741.171875,24268.8984375,0.9047618755633495,0.9047618755633495,0,0.0,,False,False,persistent_move,False,False,equity,True
COMS,2010-09-07,2010-09-03,24268.8984375,9100.8369140625,-0.625,-0.625,0,0.0,,False,True,spike_reversal,False,False,equity,True
COMS,2010-09-08,2010-09-07,9100.8369140625,30336.125,2.333333547942717,2.333333547942717,0,0.0,,False,False,persistent_move,False,False,equity,True
COMS,2010-09-22,2010-09-21,27302.51171875,12134.44921875,-0.5555555714525464,-0.5555555714525464,0,0.0,,False,False,persistent_move,False,False,equity,True
COMS,2010-09-30,2010-09-29,9100.8369140625,21842.009765625,1.40000012876563,1.40000012876563,0,0.0,,False,False,persistent_move,False,False,equity,True
COMS,2010-10-29,2010-10-28,21235.287109375,91008.375,3.2857143645503823,3.2857143645503823,0,1.0,,False,False,persistent_move,False,False,equity,True
COMS,2010-11-01,2010-10-29,91008.375,182016.75,1.0,1.0,0,1.0,,False,False,persistent_move,False,False,equity,True
COMS,2012-01-27,2012-01-26,37616.79296875,66739.4765625,0.7741936857281682,0.7741936857281682,0,0.0,,False,True,spike_reversal,False,False,equity,True
COMS,2012-07-13,2012-07-12,30336.125,66739.4765625,1.2000000515062488,1.2000000515062488,0,0.0,,False,True,spike_reversal,False,False,equity,True
COMS,2012-07-16,2012-07-13,66739.4765625,24268.8984375,-0.6363636682889964,-0.6363636682889964,0,0.0,,False,False,persistent_move,False,False,equity,True
COMS,2012-08-02,2012-08-01,18201.673828125,66739.4765625,2.666666988580742,2.666666988580742,0,0.0,,False,True,spike_reversal,False,False,equity,True
COMS,2012-08-03,2012-08-02,66739.4765625,23055.455078125,-0.6545454614626158,-0.6545454614626158,0,0.0,,False,False,persistent_move,False,False,equity,True
COMS,2012-08-30,2012-08-29,18201.673828125,66739.4765625,2.666666988580742,2.666666988580742,0,0.0,,False,True,spike_reversal,False,False,equity,True
COMS,2012-08-31,2012-08-30,66739.4765625,14561.33984375,-0.7818181892674325,-0.7818181892674325,0,0.0,,False,True,spike_reversal,False,False,equity,True
COMS,2012-09-10,2012-09-07,18201.673828125,66739.4765625,2.666666988580742,2.666666988580742,0,0.0,,False,True,spike_reversal,False,False,equity,True
COMS,2012-09-11,2012-09-10,66739.4765625,18201.673828125,-0.7272727512167473,-0.7272727512167473,0,0.0,,False,False,persistent_move,False,False,equity,True
COMS,2012-09-28,2012-09-27,27302.51171875,66739.4765625,1.4444445716203709,1.4444445716203709,0,0.0,,False,True,spike_reversal,False,False,equity,True
COMS,2012-10-01,2012-09-28,66739.4765625,30336.125,-0.5454545560963322,-0.5454545560963322,0,0.0,,False,False,persistent_move,False,False,equity,True
COMS,2012-11-06,2012-11-05,23662.177734375,66739.4765625,1.820512858609158,1.820512858609158,0,0.0,,False,True,spike_reversal,False,False,equity,True
COMS,2012-11-07,2012-11-06,66739.4765625,24875.62109375,-0.62727275706973,-0.62727275706973,0,0.0,,False,False,persistent_move,False,False,equity,True
COMS,2012-12-17,2012-12-14,18201.673828125,7341.34228515625,-0.5966666387674469,-0.5966666387674469,0,1.0,,False,True,spike_reversal,False,False,equity,True
COMS,2013-02-22,2013-02-21,9100.8369140625,14561.33984375,0.6000000858437535,0.6000000858437535,0,5.0,,False,True,spike_reversal,False,False,equity,True
COMS,2013-09-11,2013-09-10,8312.09765625,13105.2060546875,0.5766424549684501,0.5766424549684501,0,0.0,,False,True,spike_reversal,False,False,equity,True
COMS,2013-10-14,2013-10-11,9222.181640625,15168.0625,0.6447369061982648,0.6447369061982648,0,0.0,,False,True,spike_reversal,False,False,equity,True
COMS,2013-12-18,2013-12-17,14015.2890625,23055.455078125,0.6450217312901034,0.6450217312901034,0,0.0,,False,True,spike_reversal,False,False,equity,True
COMS,2014-04-29,2014-04-28,2487.562255859375,5703.19140625,1.2926828837414264,1.2926828837414264,0,0.0,2014-05-05:0.0197778,False,True,spike_reversal,False,False,equity,True
COMS,2014-05-02,2014-05-01,3033.6123046875,4793.107421875,0.5799999935617184,0.5799999935617184,0,0.0,2014-05-05:0.0197778,False,False,persistent_move,False,False,equity,True
COMS,2014-05-06,2014-05-05,4792.8017578125,27600.01171875,4.75863828996487,4.75863828996487,0,0.0,2014-05-05:0.0197778,False,False,persistent_move,False,False,equity,True
COMS,2014-05-07,2014-05-06,27600.01171875,10800.00390625,-0.6086956767879543,-0.6086956767879543,0,0.0,2014-05-05:0.0197778,False,False,persistent_move,False,False,equity,True
COMS,2014-05-09,2014-05-08,11280.0048828125,18000.0078125,0.5957446826930777,0.5957446826930777,0,0.0,2014-05-05:0.0197778,False,True,spike_reversal,False,False,equity,True
COMS,2022-06-29,2022-06-28,15.489999771118164,24.84000015258789,0.603615269181814,0.603615269181814,0,368142.0,,False,True,spike_reversal,False,False,equity,True
COMS,2022-10-18,2022-10-17,4.420000076293945,11.9399995803833,1.7013573244991158,1.7013573244991158,0,4405632.0,,False,False,persistent_move,False,False,equity,True
COMS,2023-01-26,2023-01-25,7.239999771118164,11.5,0.5883978402700847,0.5883978402700847,0,2817298.0,,False,True,spike_reversal,False,False,equity,True
COMS,2024-02-27,2024-02-26,0.3303999900817871,0.15000000596046448,-0.5460048109464728,-0.5460048109464728,0,227458.0,,False,False,persistent_move,False,False,equity,True
COMS,2024-02-28,2024-02-27,0.15000000596046448,0.22750000655651093,0.5166666501098216,0.5166666501098216,0,90847.0,,False,True,spike_reversal,False,False,equity,True
COMS,2024-06-17,2024-06-14,0.05000000074505806,0.11509999632835388,1.301999892264606,1.301999892264606,0,5580.0,,False,True,spike_reversal,False,False,equity,True
COMS,2024-06-26,2024-06-25,0.05999999865889549,0.10999999940395355,0.8333333643774199,0.8333333643774199,0,3080.0,,False,True,spike_reversal,False,False,equity,True
COMS,2024-07-10,2024-07-09,0.06589999794960022,0.10999999940395355,0.6691957940284103,0.6691957940284103,0,7446.0,,False,True,spike_reversal,False,False,equity,True
COMS,2024-07-22,2024-07-19,0.07000000029802322,0.029999999329447746,-0.5714285828325213,-0.5714285828325213,0,182.0,,False,True,spike_reversal,False,False,equity,True
COMS,2024-07-23,2024-07-22,0.029999999329447746,0.07000000029802322,1.3333333954215063,1.3333333954215063,0,3181.0,,False,True,spike_reversal,False,False,equity,True
COMS,2024-07-25,2024-07-24,0.07000000029802322,0.0010999999940395355,-0.9842857144377669,-0.9842857144377669,0,563.0,,False,False,persistent_move,False,False,equity,True
COMS,2024-07-29,2024-07-26,0.0010999999940395355,0.03500000014901161,30.81818212605705,30.81818212605705,0,1823.0,,False,False,persistent_move,False,False,equity,True
COMS,2024-08-05,2024-08-02,0.029999999329447746,0.0044999998062849045,-0.8500000031044086,-0.8500000031044086,0,155.0,,False,False,persistent_move,False,False,equity,True
COMS,2024-09-17,2024-09-16,0.007000000216066837,9.999999747378752e-05,-0.9857142865161259,-0.9857142865161259,0,5682.0,,False,False,persistent_move,False,False,equity,True
COMS,2024-09-19,2024-09-18,9.999999747378752e-05,0.00019999999494757503,1.0,1.0,0,826.0,,False,False,persistent_move,False,False,equity,True
COMS,2024-09-23,2024-09-20,0.00019999999494757503,0.0003000000142492354,0.5000001091393669,0.5000001091393669,0,380.0,,False,True,spike_reversal,False,False,equity,True
COMS,2024-09-24,2024-09-23,0.0003000000142492354,0.0005000000237487257,0.6666666666666667,0.6666666666666667,0,137.0,,False,True,spike_reversal,False,False,equity,True
COMS,2024-09-25,2024-09-24,0.0005000000237487257,0.00019999999494757503,-0.600000029103829,-0.600000029103829,0,197.0,,False,False,persistent_move,False,False,equity,True
COMS,2024-09-26,2024-09-25,0.00019999999494757503,0.0003000000142492354,0.5000001091393669,0.5000001091393669,0,215.0,,False,True,spike_reversal,False,False,equity,True
COMS,2024-09-30,2024-09-27,0.00019999999494757503,0.0003000000142492354,0.5000001091393669,0.5000001091393669,0,1525.0,,False,False,persistent_move,False,False,equity,True
COMS,2024-11-01,2024-10-31,0.0008999999845400453,0.002099999925121665,1.333333290216547,1.333333290216547,0,206.0,,False,True,spike_reversal,False,False,equity,True
COMS,2024-11-06,2024-11-05,0.002099999925121665,0.0010000000474974513,-0.5238094842124741,-0.5238094842124741,0,893.0,,False,False,persistent_move,False,False,equity,True
COMS,2024-11-26,2024-11-25,0.0010000000474974513,0.002099999925121665,1.0999998253770253,1.0999998253770253,0,1649.0,,False,False,persistent_move,False,False,equity,True
COMS,2024-12-06,2024-12-05,0.0013000000035390258,0.002300000051036477,0.7692308036731721,0.7692308036731721,0,628.0,,False,False,persistent_move,False,False,equity,True
COMS,2024-12-10,2024-12-09,0.002300000051036477,0.019999999552965164,7.695651786595535,7.695651786595535,0,5209.0,,False,True,spike_reversal,False,False,equity,True
COMS,2024-12-11,2024-12-10,0.019999999552965164,0.002300000051036477,-0.8849999948777257,-0.8849999948777257,0,7327.0,,False,False,persistent_move,False,False,equity,True
COMS,2024-12-20,2024-12-19,0.0013000000035390258,0.002300000051036477,0.7692308036731721,0.7692308036731721,0,621.0,,False,True,spike_reversal,False,False,equity,True
COMS,2025-01-03,2025-01-02,0.0013000000035390258,0.002300000051036477,0.7692308036731721,0.7692308036731721,0,533.0,,False,True,spike_reversal,False,False,equity,True
COMS,2025-01-15,2025-01-14,0.00139999995008111,0.002400000113993883,0.7142858568350929,0.7142858568350929,0,498.0,,False,True,spike_reversal,False,False,equity,True
COMS,2025-02-25,2025-02-24,0.001500000013038516,0.0024999999441206455,0.6666666149265241,0.6666666149265241,0,3307.0,,False,False,persistent_move,False,False,equity,True
COMS,2025-03-04,2025-03-03,0.0024999999441206455,0.0010000000474974513,-0.5999999720603222,-0.5999999720603222,0,112.0,,False,False,persistent_move,False,False,equity,True
COMS,2025-07-08,2025-07-07,0.0010000000474974513,0.0024999999441206455,1.4999998253770257,1.4999998253770257,0,1714.0,,False,False,persistent_move,False,False,equity,True
COMS,2025-07-21,2025-07-18,0.0024999999441206455,0.0010000000474974513,-0.5999999720603222,-0.5999999720603222,0,317.0,,False,False,persistent_move,False,False,equity,True
COMS,2025-08-14,2025-08-13,0.0010000000474974513,9.999999747378752e-05,-0.9000000072759573,-0.9000000072759573,0,264.0,,False,False,persistent_move,False,False,equity,True
COMS,2025-08-19,2025-08-18,9.999999747378752e-05,0.00019999999494757503,1.0,1.0,0,1726.0,,False,False,persistent_move,False,False,equity,True
COMS,2025-08-20,2025-08-19,0.00019999999494757503,0.00039999998989515007,1.0,1.0,0,152.0,,False,False,persistent_move,False,False,equity,True
COMS,2025-08-21,2025-08-20,0.00039999998989515007,0.0007999999797903001,1.0,1.0,0,761.0,,False,False,persistent_move,False,False,equity,True
COMS,2025-09-03,2025-09-02,0.0007999999797903001,0.0012000000569969416,0.5000001091393669,0.5000001091393669,0,5479.0,,False,False,persistent_move,False,False,equity,True
COMS,2025-09-12,2025-09-11,0.0017000000225380063,0.00019999999494757503,-0.8823529457082089,-0.8823529457082089,0,420.0,,False,False,persistent_move,False,False,equity,True
COMS,2025-09-24,2025-09-23,0.00019999999494757503,0.0003000000142492354,0.5000001091393669,0.5000001091393669,0,300.0,,False,False,persistent_move,False,False,equity,True
COMS,2025-09-25,2025-09-24,0.0003000000142492354,0.0006000000284984708,1.0,1.0,0,422.0,,False,False,persistent_move,False,False,equity,True
COMS,2025-10-03,2025-10-02,0.0008999999845400453,0.00019999999494757503,-0.7777777795743106,-0.7777777795743106,0,439.0,,False,True,spike_reversal,False,False,equity,True
COMS,2025-10-07,2025-10-06,0.00019999999494757503,0.0005000000237487257,1.5000001818989448,1.5000001818989448,0,2976.0,,False,False,persistent_move,False,False,equity,True
COMS,2025-10-09,2025-10-08,0.0005000000237487257,0.0007999999797903001,0.5999998835846838,0.5999998835846838,0,3915.0,,False,False,persistent_move,False,False,equity,True
COMS,2025-10-10,2025-10-09,0.0007999999797903001,0.0020000000949949026,1.5000001818989448,1.5000001818989448,0,224.0,,False,False,persistent_move,False,False,equity,True
COMS,2025-10-13,2025-10-10,0.0020000000949949026,0.003100000089034438,0.5499999708961709,0.5499999708961709,0,205.0,,False,True,spike_reversal,False,False,equity,True
COMS,2025-10-27,2025-10-24,0.0010999999940395355,0.003100000089034438,1.8181819143928286,1.8181819143928286,0,8148.0,,False,True,spike_reversal,False,False,equity,True
COMS,2025-10-28,2025-10-27,0.003100000089034438,0.0010999999940395355,-0.6451613024365577,-0.6451613024365577,0,4681.0,,False,False,persistent_move,False,False,equity,True
COMS,2025-10-31,2025-10-30,0.0010999999940395355,0.002199999988079071,1.0,1.0,0,2137.0,,False,True,spike_reversal,False,False,equity,True
COMS,2025-11-03,2025-10-31,0.002199999988079071,0.009999999776482582,3.5454544684857376,3.5454544684857376,0,14033.0,,False,False,persistent_move,False,False,equity,True
COMS,2025-11-07,2025-11-06,0.009999999776482582,0.0013000000035390258,-0.8699999967403709,-0.8699999967403709,0,1104.0,,False,False,persistent_move,False,False,equity,True
COMS,2025-11-13,2025-11-12,0.001500000013038516,0.003100000089034438,1.0666667080587806,1.0666667080587806,0,2114.0,,False,True,spike_reversal,False,False,equity,True
COMS,2025-11-14,2025-11-13,0.003100000089034438,0.0013000000035390258,-0.5806451721929018,-0.5806451721929018,0,337.0,,False,False,persistent_move,False,False,equity,True
COMS,2025-12-05,2025-12-04,0.00139999995008111,0.004000000189989805,1.857143094725155,1.857143094725155,0,1654.0,,False,True,spike_reversal,False,False,equity,True
COMS,2025-12-09,2025-12-08,0.004000000189989805,0.0013000000035390258,-0.6750000145519146,-0.6750000145519146,0,7754.0,,False,False,persistent_move,False,False,equity,True
COMS,2025-12-10,2025-12-09,0.0013000000035390258,0.002099999925121665,0.6153845533882902,0.6153845533882902,0,5066.0,,False,True,spike_reversal,False,False,equity,True
COMS,2026-01-22,2026-01-21,0.0015999999595806003,9.999999747378752e-05,-0.9375,-0.9375,0,200.0,,False,True,spike_reversal,False,False,equity,True
COMS,2026-01-27,2026-01-26,9.999999747378752e-05,0.0015999999595806003,15.0,15.0,0,427.0,,False,False,persistent_move,False,False,equity,True
COMS,2026-08-11,2026-08-10,0.00139999995008111,0.0003000000142492354,-0.7857142678956134,-0.7857142678956134,0,1368.0,,False,True,spike_reversal,False,False,equity,True
COMS,2026-08-14,2026-08-13,0.0003000000142492354,0.00139999995008111,3.6666662786156126,3.6666662786156126,0,142.0,,False,False,persistent_move,False,False,equity,True
CPRI,2023-08-10,2023-08-09,34.61000061035156,53.900001525878906,0.5573533827028556,0.5573533827028556,0,49657400.0,,False,False,persistent_move,False,False,equity,False
CPWR,2006-12-13,2006-12-12,29.987220764160156,116.48881530761719,2.8846152574046204,2.8846152574046204,0,4.0,,False,False,persistent_move,True,False,equity,False
CPWR,2006-12-27,2006-12-26,144.16932678222656,230.67092895507812,0.6000000423357434,0.6000000423357434,0,5.0,,False,True,spike_reversal,True,False,equity,False
CPWR,2008-01-22,2008-01-18,34.60063934326172,13.840254783630371,-0.6000000275623323,-0.6000000275623323,0,43.0,,False,False,persistent_move,True,False,equity,False
CPWR,2008-06-10,2008-06-09,17.30031967163086,8.073481559753418,-0.5333333884579978,-0.5333333884579978,0,520.0,,False,False,persistent_move,True,False,equity,False
CPWR,2008-06-17,2008-06-16,6.920126914978027,11.533546447753906,0.6666668963528002,0.6666668963528002,0,173.0,,False,True,spike_reversal,True,False,equity,False
CPWR,2008-07-03,2008-07-02,5.766773223876953,9.226837158203125,0.6000000000000001,0.6000000000000001,0,303.0,,False,True,spike_reversal,True,False,equity,False
CPWR,2009-01-12,2009-01-09,6.920126914978027,17.30031967163086,1.5000003445292003,1.5000003445292003,0,285.0,,False,False,persistent_move,True,False,equity,False
CPWR,2009-01-16,2009-01-15,10.3801908493042,17.30031967163086,0.6666668197907486,0.6666668197907486,0,143.0,,False,False,persistent_move,True,False,equity,False
CPWR,2009-04-08,2009-04-07,10.3801908493042,17.30031967163086,0.6666668197907486,0.6666668197907486,0,104.0,,False,True,spike_reversal,True,False,equity,False
CPWR,2009-08-19,2009-08-18,10.3801908493042,17.30031967163086,0.6666668197907486,0.6666668197907486,0,4.0,,False,True,spike_reversal,True,False,equity,False
CPWR,2010-04-15,2010-04-14,5.766773223876953,1.1533540487289429,-0.8000001033587458,-0.8000001033587458,0,693.0,,False,False,persistent_move,True,False,equity,False
CPWR,2010-05-05,2010-05-04,1.1533540487289429,3.4600629806518555,2.0000007235115946,2.0000007235115946,0,121.0,,False,False,persistent_move,True,False,equity,False
CPWR,2010-06-15,2010-06-14,2.306709051132202,6.920126914978027,1.9999998966412433,1.9999998966412433,0,660.0,,False,True,spike_reversal,True,False,equity,False
CPWR,2010-06-18,2010-06-17,5.766773223876953,2.5604469776153564,-0.5560000578808977,-0.5560000578808977,0,119.0,,False,True,spike_reversal,True,False,equity,False
CPWR,2010-06-21,2010-06-18,2.5604469776153564,6.920126914978027,1.7027026825695137,1.7027026825695137,0,291.0,,False,False,persistent_move,True,False,equity,False
CPWR,2010-06-30,2010-06-29,6.920126914978027,3.4600629806518555,-0.50000006890584,-0.50000006890584,0,33.0,,False,False,persistent_move,True,False,equity,False
CPWR,2010-08-16,2010-08-13,3.4600629806518555,6.34345006942749,0.8333337008311974,0.8333337008311974,0,6.0,,False,False,persistent_move,True,False,equity,False
CPWR,2010-09-03,2010-09-02,3.4600629806518555,5.766773223876953,0.6666671260389969,0.6666671260389969,0,21.0,,False,False,persistent_move,True,False,equity,False
CPWR,2010-10-07,2010-10-06,2.306709051132202,6.34345006942749,1.7500000775190672,1.7500000775190672,0,107.0,,False,False,persistent_move,True,False,equity,False
CPWR,2010-11-18,2010-11-17,3.4600629806518555,5.766773223876953,0.6666671260389969,0.6666671260389969,0,21.0,,False,False,persistent_move,True,False,equity,False
CPWR,2011-01-13,2011-01-12,2.306709051132202,4.613418102264404,1.0,1.0,0,39.0,,False,False,persistent_move,True,False,equity,False
CPWR,2011-05-23,2011-05-20,2.422044038772583,0.2422039955854416,-0.9000001685732424,-0.9000001685732424,0,121.0,,False,False,persistent_move,True,False,equity,False
CPWR,2011-06-03,2011-06-02,0.2422039955854416,1.1533540487289429,3.7619117345323794,3.7619117345323794,0,52.0,,False,False,persistent_move,True,False,equity,False
CPWR,2011-08-16,2011-08-15,0.5766770243644714,2.306709051132202,3.000001653740788,3.000001653740788,0,86.0,,False,False,persistent_move,True,False,equity,False
CPWR,2011-09-07,2011-09-06,2.306709051132202,0.5766770243644714,-0.7500001033587564,-0.7500001033587564,0,128.0,,False,False,persistent_move,True,False,equity,False
CPWR,2011-12-23,2011-12-22,0.17300300300121307,0.34600600600242615,1.0,1.0,0,73.0,,False,False,persistent_move,True,False,equity,False
CPWR,2012-07-23,2012-07-20,0.12686899304389954,0.5766770243644714,3.545452837045283,3.545452837045283,0,381.0,,False,False,persistent_move,False,False,equity,False
CPWR,2012-10-17,2012-10-16,0.5766770243644714,1.1533540487289429,1.0,1.0,0,52.0,,False,False,persistent_move,False,False,equity,False
CPWR,2013-06-19,2013-06-18,2.306709051132202,1.1533540487289429,-0.500000206717513,-0.500000206717513,0,133.0,,False,False,persistent_move,False,False,equity,False
CPWR,2015-02-13,2015-02-12,1.1533540487289429,3.4600629806518555,2.0000007235115946,2.0000007235115946,0,736.0,,False,False,persistent_move,False,False,equity,False
CPWR,2015-05-26,2015-05-22,5.709105014801025,9.169169425964355,0.6060607402023626,0.6060607402023626,0,173.0,,False,True,spike_reversal,False,False,equity,False
CPWR,2015-05-27,2015-05-26,9.169169425964355,3.4600629806518555,-0.622641613442763,-0.622641613442763,0,606.0,,False,False,persistent_move,False,False,equity,False
CPWR,2015-05-28,2015-05-27,3.4600629806518555,5.766773223876953,0.6666671260389969,0.6666671260389969,0,173.0,,False,False,persistent_move,False,False,equity,False
CPWR,2015-06-26,2015-06-25,3.4600629806518555,5.766773223876953,0.6666671260389969,0.6666671260389969,0,78.0,,False,False,persistent_move,False,False,equity,False
CPWR,2016-01-28,2016-01-27,3.4600629806518555,5.766773223876953,0.6666671260389969,0.6666671260389969,0,192.0,,False,True,spike_reversal,False,False,equity,False
CPWR,2016-12-21,2016-12-20,3.2293930053710938,1.1533540487289429,-0.6428573274263318,-0.6428573274263318,0,10223.0,,False,False,persistent_move,False,False,equity,False
CPWR,2016-12-23,2016-12-22,1.1533540487289429,0.4728749990463257,-0.590000139534379,-0.590000139534379,0,1734.0,,False,False,persistent_move,False,False,equity,False
CPWR,2016-12-28,2016-12-27,0.4728749990463257,0.8073480129241943,0.7073180323603905,0.7073180323603905,0,173.0,,False,False,persistent_move,False,False,equity,False
CPWR,2017-01-27,2017-01-26,1.384024977684021,2.306709051132202,0.6666672121713932,0.6666672121713932,0,943.0,,False,True,spike_reversal,False,False,equity,False
CPWR,2017-02-23,2017-02-22,1.3724919557571411,2.295175075531006,0.6722685083169486,0.6722685083169486,0,433.0,,False,False,persistent_move,False,False,equity,False
CPWR,2017-03-06,2017-03-03,2.8833858966827393,6.920126914978027,1.400000264598455,1.400000264598455,0,3429.0,,False,False,persistent_move,False,False,equity,False
CPWR,2017-06-05,2017-06-02,6.0,12.25,1.0416666666666665,1.0416666666666665,0,1089.0,,False,False,persistent_move,False,False,equity,False
CPWR,2017-06-06,2017-06-05,12.25,3.0,-0.7551020408163265,-0.7551020408163265,0,2200.0,,False,False,persistent_move,False,False,equity,False
CPWR,2017-06-07,2017-06-06,3.0,8.0,1.6666666666666665,1.6666666666666665,0,372.0,,False,False,persistent_move,False,False,equity,False
CPWR,2017-07-18,2017-07-17,6.25,3.0,-0.52,-0.52,0,1213.0,,False,False,persistent_move,False,False,equity,False
CPWR,2017-07-20,2017-07-19,3.0,4.650000095367432,0.5500000317891438,0.5500000317891438,0,5048.0,,False,True,spike_reversal,False,False,equity,False
CPWR,2017-09-22,2017-09-21,2.5,1.0,-0.6,-0.6,0,721.0,,False,True,spike_reversal,False,False,equity,False
CPWR,2017-09-27,2017-09-26,1.0,2.4000000953674316,1.4000000953674316,1.4000000953674316,0,300.0,,False,True,spike_reversal,False,False,equity,False
CPWR,2017-10-02,2017-09-29,1.2000000476837158,2.0,0.6666666004392863,0.6666666004392863,0,500.0,,False,False,persistent_move,False,False,equity,False
CPWR,2017-11-20,2017-11-17,1.5,0.20000000298023224,-0.8666666646798452,-0.8666666646798452,0,68747.0,,False,False,persistent_move,False,False,equity,False
CPWR,2017-11-22,2017-11-21,0.17000000178813934,0.29989999532699585,0.7641176010147515,0.7641176010147515,0,164218.0,,False,False,persistent_move,False,False,equity,False
CPWR,2017-11-24,2017-11-22,0.29989999532699585,0.8499000072479248,1.8339447165420482,1.8339447165420482,0,97840.0,,False,False,persistent_move,False,False,equity,False
CPWR,2019-10-15,2019-10-14,0.025100000202655792,0.039799999445676804,0.585657335630843,0.585657335630843,0,5000.0,,False,True,spike_reversal,False,False,equity,False
CPWR,2019-10-24,2019-10-23,0.025599999353289604,0.03970000147819519,0.5507813469180316,0.5507813469180316,0,2150.0,,False,False,persistent_move,False,False,equity,False
CPWR,2019-11-20,2019-11-19,0.029999999329447746,0.048900000751018524,0.6300000614672914,0.6300000614672914,0,13000.0,,False,False,persistent_move,False,False,equity,False
CPWR,2020-01-16,2020-01-15,0.039900001138448715,0.0689999982714653,0.7293232156070053,0.7293232156070053,0,7024.0,,False,False,persistent_move,False,False,equity,False
CPWR,2020-05-22,2020-05-21,0.042899999767541885,0.07000000029802322,0.6317016474901052,0.6317016474901052,0,1007.0,,False,True,spike_reversal,False,False,equity,False
CPWR,2022-02-04,2022-02-03,0.007199999876320362,0.010950000025331974,0.5208333629761241,0.5208333629761241,0,1498683.0,,False,True,spike_reversal,False,False,equity,False
CPWR,2022-05-20,2022-05-19,0.00800000037997961,0.013000000268220901,0.6249999563442563,0.6249999563442563,0,2967962.0,,False,False,persistent_move,False,False,equity,False
CPWR,2022-05-26,2022-05-25,0.021700000390410423,0.042899999767541885,0.9769584790652852,0.9769584790652852,0,4923786.0,,False,True,spike_reversal,False,False,equity,False
CPWR,2022-11-29,2022-11-28,0.006500000134110451,0.009800000116229057,0.5076922944664253,0.5076922944664253,0,140000.0,,False,False,persistent_move,False,False,equity,False
CPWR,2023-08-09,2023-08-08,0.007699999958276749,0.00019999999494757503,-0.9740259745413902,-0.9740259745413902,0,38960.0,,False,False,persistent_move,False,False,equity,False
CPWR,2023-08-17,2023-08-16,0.00019999999494757503,0.0003000000142492354,0.5000001091393669,0.5000001091393669,0,30751.0,,False,False,persistent_move,False,False,equity,False
CPWR,2023-09-15,2023-09-14,0.00039999998989515007,0.0006000000284984708,0.5000001091393669,0.5000001091393669,0,9056.0,,False,False,persistent_move,False,False,equity,False
CPWR,2023-09-18,2023-09-15,0.0006000000284984708,0.009999999776482582,15.666665502513503,15.666665502513503,0,269100.0,,False,False,persistent_move,False,False,equity,False
CPWR,2023-09-27,2023-09-26,0.014499999582767487,0.0052999998442828655,-0.6344827588421695,-0.6344827588421695,0,138600.0,,False,True,spike_reversal,False,False,equity,False
CPWR,2023-09-28,2023-09-27,0.0052999998442828655,0.013500000350177288,1.547169952229301,1.547169952229301,0,50777.0,,False,True,spike_reversal,False,False,equity,False
CPWR,2023-10-02,2023-09-29,0.014000000432133675,0.006300000008195639,-0.5500000133046078,-0.5500000133046078,0,9200.0,,False,True,spike_reversal,False,False,equity,False
CPWR,2023-10-06,2023-10-05,0.006300000008195639,0.014000000432133675,1.2222222879239912,1.2222222879239912,0,102466.0,,False,False,persistent_move,False,False,equity,False
CPWR,2023-11-02,2023-11-01,0.00800000037997961,0.013000000268220901,0.6249999563442563,0.6249999563442563,0,1700.0,,False,True,spike_reversal,False,False,equity,False
CPWR,2023-11-27,2023-11-24,0.00800000037997961,0.013100000098347664,0.6374999345163845,0.6374999345163845,0,76300.0,,False,False,persistent_move,False,False,equity,False
CPWR,2023-12-12,2023-12-11,0.008500000461935997,0.013100000098347664,0.5411763984026832,0.5411763984026832,0,30700.0,,False,True,spike_reversal,False,False,equity,False
CPWR,2023-12-28,2023-12-27,0.006300000008195639,0.009999999776482582,0.5873015497577194,0.5873015497577194,0,22000.0,,False,True,spike_reversal,False,False,equity,False
CPWR,2024-01-05,2024-01-04,0.006200000178068876,0.009999999776482582,0.6129031434314083,0.6129031434314083,0,10000.0,,False,True,spike_reversal,False,False,equity,False
CPWR,2024-03-22,2024-03-21,0.01899999938905239,0.03500000014901161,0.8421053302337609,0.8421053302337609,0,815510.0,,False,False,persistent_move,False,False,equity,False
CPWR,2024-04-08,2024-04-05,0.020999999716877937,0.032999999821186066,0.5714285840996269,0.5714285840996269,0,129812.0,,False,True,spike_reversal,False,False,equity,False
CPWR,2024-04-22,2024-04-19,0.019999999552965164,0.032999999821186066,0.6500000279396778,0.6500000279396778,0,60122.0,,False,True,spike_reversal,False,False,equity,False
CPWR,2024-05-22,2024-05-21,0.019999999552965164,0.006200000178068876,-0.689999984167516,-0.689999984167516,0,5556.0,,False,True,spike_reversal,False,False,equity,False
CPWR,2024-05-23,2024-05-22,0.006200000178068876,0.02199999988079071,2.548386975634424,2.548386975634424,0,448363.0,,False,False,persistent_move,False,False,equity,False
CPWR,2024-06-06,2024-06-05,0.010300000198185444,0.01899999938905239,0.8446600993657873,0.8446600993657873,0,44950.0,,False,True,spike_reversal,False,False,equity,False
CPWR,2024-06-17,2024-06-14,0.01600000075995922,0.006200000178068876,-0.6125000072759572,-0.6125000072759572,0,3551.0,,False,False,persistent_move,False,False,equity,False
CPWR,2024-06-18,2024-06-17,0.006200000178068876,0.010999999940395355,0.7741934878172121,0.7741934878172121,0,10950.0,,False,False,persistent_move,False,False,equity,False
CPWR,2024-12-27,2024-12-26,0.008999999612569809,9.999999747378752e-05,-0.9888888886912702,-0.9888888886912702,0,2650.0,,False,False,unit_100x_break,False,False,equity,False
CPWR,2025-01-17,2025-01-16,9.999999747378752e-05,0.00019999999494757503,1.0,1.0,0,35964.0,,False,True,spike_reversal,False,False,equity,False
CPWR,2025-01-24,2025-01-23,9.999999747378752e-05,0.0003000000142492354,2.0000002182787338,2.0000002182787338,0,262000.0,,False,False,persistent_move,False,False,equity,False
CPWR,2025-02-07,2025-02-06,0.0003000000142492354,0.0010000000474974513,2.3333333333333335,2.3333333333333335,0,10200.0,,False,False,persistent_move,False,False,equity,False
CPWR,2025-02-25,2025-02-24,0.0010000000474974513,0.0003000000142492354,-0.7,-0.7,0,6900.0,,False,False,persistent_move,False,False,equity,False
CPWR,2025-05-01,2025-04-30,0.00019999999494757503,0.0005000000237487257,1.5000001818989448,1.5000001818989448,0,125.0,,False,False,persistent_move,False,False,equity,False
CPWR,2025-05-19,2025-05-16,0.0005000000237487257,9.999999747378752e-05,-0.8000000145519145,-0.8000000145519145,0,12000.0,,False,False,persistent_move,False,False,equity,False
CPWR,2025-06-10,2025-06-09,9.999999747378752e-05,0.0006000000284984708,5.0000004365574675,5.0000004365574675,0,65900.0,,False,False,persistent_move,False,False,equity,False
CPWR,2025-06-11,2025-06-10,0.0006000000284984708,0.00019999999494757503,-0.6666666909198575,-0.6666666909198575,0,140000.0,,False,False,persistent_move,False,False,equity,False
CPWR,2025-06-17,2025-06-16,0.00019999999494757503,0.0010000000474974513,4.00000036379789,4.00000036379789,0,21462.0,,False,False,persistent_move,False,False,equity,False
CPWR,2025-07-09,2025-07-08,0.0010000000474974513,9.999999747378752e-05,-0.9000000072759573,-0.9000000072759573,0,2644.0,,False,False,persistent_move,False,False,equity,False
CPWR,2025-07-17,2025-07-16,9.999999747378752e-05,0.00019999999494757503,1.0,1.0,0,200000.0,,False,False,persistent_move,False,False,equity,False
CPWR,2025-09-09,2025-09-08,9.999999747378752e-05,0.00019999999494757503,1.0,1.0,0,1000.0,,False,True,spike_reversal,False,False,equity,False
CPWR,2025-09-25,2025-09-24,9.999999747378752e-05,0.002199999988079071,21.000000436557468,21.000000436557468,0,11100.0,,False,False,persistent_move,False,False,equity,False
CPWR,2025-09-26,2025-09-25,0.002199999988079071,0.005200000014156103,1.3636363828785658,1.3636363828785658,0,103750.0,,False,False,persistent_move,False,False,equity,False
CPWR,2025-09-29,2025-09-26,0.005200000014156103,0.0015999999595806003,-0.692307700918293,-0.692307700918293,0,8821.0,,False,False,persistent_move,False,False,equity,False
CPWR,2025-10-22,2025-10-21,0.0015999999595806003,0.0006000000284984708,-0.6249999727151583,-0.6249999727151583,0,14285.0,,False,False,persistent_move,False,False,equity,False
CPWR,2025-10-28,2025-10-27,0.0006000000284984708,9.999999747378752e-05,-0.8333333454599288,-0.8333333454599288,0,5321.0,,False,True,spike_reversal,False,False,equity,False
CPWR,2025-10-29,2025-10-28,9.999999747378752e-05,0.000699999975040555,5.999999927240422,5.999999927240422,0,30000.0,,False,False,persistent_move,False,False,equity,False
CPWR,2025-10-31,2025-10-30,0.000699999975040555,0.004999999888241291,6.142857237890062,6.142857237890062,0,199973.0,,False,False,persistent_move,False,False,equity,False
CPWR,2025-11-19,2025-11-18,0.006899999920278788,0.0024999999441206455,-0.6376811633325881,-0.6376811633325881,0,2000.0,,False,False,persistent_move,False,False,equity,False
CPWR,2025-12-19,2025-12-18,0.0026000000070780516,0.017999999225139618,5.923076606206817,5.923076606206817,0,100.0,,False,False,persistent_move,False,False,equity,False
CPWR,2025-12-29,2025-12-26,0.010499999858438969,0.016899999231100082,0.60952375799485,0.60952375799485,0,384291.0,,False,True,spike_reversal,False,False,equity,False
CPWR,2026-01-07,2026-01-06,0.009999999776482582,0.01600000075995922,0.6000001117587115,0.6000001117587115,0,22000.0,,False,True,spike_reversal,False,False,equity,False
CPWR,2026-01-29,2026-01-28,0.006000000052154064,0.009499999694526196,0.5833332686581552,0.5833332686581552,0,150000.0,,False,True,spike_reversal,False,False,equity,False
CPWR,2026-02-27,2026-02-26,0.005900000222027302,0.008899999782443047,0.5084744826305978,0.5084744826305978,0,41026.0,,False,True,spike_reversal,False,False,equity,False
CPWR,2026-08-06,2026-08-05,0.005100000184029341,0.007699999958276749,0.5098038589075569,0.5098038589075569,0,12597.0,,False,True,spike_reversal,False,False,equity,False
CPWR,2026-08-14,2026-08-13,0.005100000184029341,0.007699999958276749,0.5098038589075569,0.5098038589075569,0,25000.0,,False,True,spike_reversal,False,False,equity,False
CPWR,2026-09-22,2026-09-21,0.002300000051036477,0.004000000189989805,0.7391304787959618,0.7391304787959618,0,86480.0,,False,False,persistent_move,False,False,equity,False
CSR,1999-07-16,1999-07-15,81.25,178.75,1.2000000000000002,1.1999997001849514,0,13100.0,,False,True,spike_reversal,True,False,equity,False
CSR,1999-07-19,1999-07-16,178.75,81.25,-0.5454545454545454,-0.5454544835092789,0,23060.0,,False,False,persistent_move,True,False,equity,False
CVNA,2023-06-08,2023-06-07,3.1059999465942383,4.8460001945495605,0.5602061422645068,0.5602061422645068,0,878905000.0,,False,True,spike_reversal,False,True,equity,False
DECK,1998-10-13,1998-10-12,0.24305599927902222,0.11111100018024445,-0.5428584338184066,-0.5428584338184066,0,1067400.0,,False,True,spike_reversal,False,True,equity,False
DECK,1998-10-14,1998-10-13,0.11111100018024445,0.19444400072097778,0.7499977536477074,0.7499977536477074,0,2228400.0,,False,False,persistent_move,False,True,equity,False
DVA,1999-02-18,1999-02-17,7.0,2.9166669845581055,-0.5833332879202706,-0.5833332879202706,0,56235600.0,,False,False,persistent_move,False,True,equity,False
DXCM,2008-12-04,2008-12-03,0.4975000023841858,0.7475000023841858,0.5025125604058627,0.5025125604058627,0,5907600.0,,False,False,persistent_move,False,True,equity,False
ECHO,2025-08-26,2025-08-25,29.8799991607666,50.869998931884766,0.7024765850287811,0.7024765850287811,0,46579100.0,,False,False,persistent_move,False,True,equity,False
EHC,2003-03-26,2003-03-25,15.55290412902832,0.43755000829696655,-0.971866989941749,-0.9718669887650974,0,22074378.0,,False,False,persistent_move,False,False,equity,False
EHC,2003-07-07,2003-07-03,3.5799520015716553,7.517899990081787,1.1000002197742624,1.0999995413203227,0,14492255.0,,False,False,persistent_move,False,False,equity,False
EP,2000-03-08,2000-03-07,18.0,28.464000701904297,0.5813333723280165,0.5813333723280165,0,104.0,,False,True,spike_reversal,True,False,equity,False
EP,2001-01-17,2001-01-16,49.487998962402344,96.0,0.9398642501777925,0.9398642501777925,0,11938.0,,False,True,spike_reversal,True,False,equity,False
EP,2001-12-31,2001-12-28,5.760000228881836,12.0,1.0833332505491078,1.0833332505491078,0,2408.0,,False,False,persistent_move,True,False,equity,False
EP,2002-10-22,2002-10-21,2.1600000858306885,3.8399999141693115,0.7777776673988104,0.7777776673988104,0,521.0,,False,False,persistent_move,True,False,equity,False
EP,2002-11-12,2002-11-11,1.9199999570846558,2.880000114440918,0.5000000931322595,0.5000000931322595,0,527.0,,False,True,spike_reversal,True,False,equity,False
EP,2002-11-19,2002-11-18,1.9199999570846558,2.880000114440918,0.5000000931322595,0.5000000931322595,0,13.0,,False,True,spike_reversal,True,False,equity,False
EP,2002-12-19,2002-12-18,0.7680000066757202,1.2000000476837158,0.5625000485063836,0.5625000485063836,0,313.0,,False,True,spike_reversal,True,False,equity,False
EP,2003-02-26,2003-02-25,0.335999995470047,0.527999997138977,0.5714285840996269,0.5714285840996269,0,833.0,,False,False,persistent_move,True,False,equity,False
EP,2003-02-27,2003-02-26,0.527999997138977,0.9599999785423279,0.8181817873942949,0.8181817873942949,0,979.0,,False,False,persistent_move,True,False,equity,False
EP,2003-03-07,2003-03-06,0.7680000066757202,1.2000000476837158,0.5625000485063836,0.5625000485063836,0,656.0,,False,False,persistent_move,True,False,equity,False
EP,2003-03-27,2003-03-26,1.6799999475479126,3.359999895095825,1.0,1.0,0,1204.0,,False,False,persistent_move,True,False,equity,False
EP,2003-08-01,2003-07-31,4.800000190734863,9.600000381469727,1.0,1.0,0,6608.0,,False,False,persistent_move,True,False,equity,False
EP,2006-05-01,2006-04-28,6.480000019073486,11.520000457763672,0.7777778431875386,0.7777778431875386,0,1198.0,,False,False,persistent_move,True,False,equity,False
EP,2008-03-05,2008-03-04,3.8399999141693115,6.0,0.5625000349245974,0.5625000349245974,0,181.0,,False,False,persistent_move,True,False,equity,False
EP,2008-07-17,2008-07-16,1.9199999570846558,2.880000114440918,0.5000000931322595,0.5000000931322595,0,15410.0,,False,False,persistent_move,True,False,equity,False
EP,2008-09-04,2008-09-03,1.9199999570846558,2.880000114440918,0.5000000931322595,0.5000000931322595,0,306.0,,False,True,spike_reversal,True,False,equity,False
EP,2009-01-09,2009-01-08,0.7200000286102295,1.2000000476837158,0.6666666666666667,0.6666666666666667,0,250.0,,False,False,persistent_move,True,False,equity,False
EP,2009-01-16,2009-01-15,1.055999994277954,1.6799999475479126,0.5909090498590599,0.5909090498590599,0,969.0,,False,False,persistent_move,True,False,equity,False
EP,2009-02-25,2009-02-24,1.2000000476837158,1.9199999570846558,0.5999999006589294,0.5999999006589294,0,192.0,,False,False,persistent_move,True,False,equity,False
EP,2009-05-07,2009-05-06,2.4000000953674316,4.079999923706055,0.6999999006589293,0.6999999006589293,0,83.0,,False,False,persistent_move,True,False,equity,False
EP,2010-06-09,2010-06-08,4.800000190734863,7.679999828338623,0.5999999006589294,0.5999999006589294,0,917.0,,False,False,persistent_move,True,False,equity,False
EP,2010-11-23,2010-11-22,2.4000000953674316,3.8399999141693115,0.5999999006589294,0.5999999006589294,0,9525.0,,False,True,spike_reversal,True,False,equity,False
EP,2010-12-16,2010-12-15,1.7760000228881836,3.503999948501587,0.9729729185494485,0.9729729185494485,0,19.0,,False,False,persistent_move,True,False,equity,False
EP,2011-01-06,2011-01-05,1.440000057220459,2.640000104904175,0.8333333333333333,0.8333333333333333,0,2102.0,,False,False,persistent_move,True,False,equity,False
EP,2011-10-18,2011-10-17,1.2000000476837158,1.9199999570846558,0.5999999006589294,0.5999999006589294,0,2294.0,,False,False,persistent_move,True,False,equity,False
EP,2012-03-05,2012-03-02,0.9599999785423279,1.440000057220459,0.5000000931322595,0.5000000931322595,0,79.0,,False,False,persistent_move,True,False,equity,False
EP,2012-05-09,2012-05-08,0.8640000224113464,1.5839999914169312,0.8333332758442871,0.8333332758442871,0,688.0,,False,True,spike_reversal,True,False,equity,False
EP,2012-05-25,2012-05-24,0.9599999785423279,1.440000057220459,0.5000000931322595,0.5000000931322595,0,52.0,,False,False,persistent_move,False,False,equity,False
EP,2012-12-12,2012-12-11,0.47999998927116394,0.8640000224113464,0.8000000869234423,0.8000000869234423,0,8588.0,,False,False,persistent_move,False,False,equity,False
EP,2013-03-25,2013-03-22,0.6240000128746033,0.9599999785423279,0.5384614723321262,0.5384614723321262,0,579.0,,False,False,persistent_move,False,False,equity,False
EP,2013-07-03,2013-07-02,0.47999998927116394,0.7200000286102295,0.5000000931322595,0.5000000931322595,0,535.0,,False,True,spike_reversal,False,False,equity,False
EP,2013-07-08,2013-07-05,0.47999998927116394,0.7200000286102295,0.5000000931322595,0.5000000931322595,0,58.0,,False,True,spike_reversal,False,False,equity,False
EP,2013-07-10,2013-07-09,0.47999998927116394,0.7200000286102295,0.5000000931322595,0.5000000931322595,0,358.0,,False,True,spike_reversal,False,False,equity,False
EP,2014-02-10,2014-02-07,0.20000000298023224,0.7200000286102295,2.600000089406966,2.600000089406966,0,125.0,,False,False,persistent_move,False,False,equity,False
EP,2014-03-07,2014-03-06,0.4399999976158142,2.240000009536743,4.090909140169128,4.090909140169128,0,150.0,,False,False,persistent_move,False,False,equity,False
EP,2014-03-10,2014-03-07,2.240000009536743,0.8999999761581421,-0.5982142980685647,-0.5982142980685647,0,5525.0,,False,True,spike_reversal,False,False,equity,False
EP,2014-03-11,2014-03-10,0.8999999761581421,1.399999976158142,0.5555555702727522,0.5555555702727522,0,10625.0,,False,False,persistent_move,False,False,equity,False
EP,2014-04-04,2014-04-03,1.440000057220459,2.240000009536743,0.5555555003660719,0.5555555003660719,0,25.0,,False,True,spike_reversal,False,False,equity,False
EP,2015-07-24,2015-07-23,0.25999999046325684,0.4000000059604645,0.5384616178168378,0.5384616178168378,0,2500.0,,False,False,persistent_move,False,False,equity,False
EP,2016-05-10,2016-05-09,0.20000000298023224,0.3400000035762787,0.6999999925494196,0.6999999925494196,0,3600.0,,False,False,persistent_move,False,False,equity,False
EP,2016-05-31,2016-05-27,0.30000001192092896,0.47600001096725464,0.5866666401757146,0.5866666401757146,0,1975.0,,False,False,persistent_move,False,False,equity,False
EP,2016-12-28,2016-12-27,0.3199999928474426,0.5199999809265137,0.6249999767169352,0.6249999767169352,0,35450.0,,False,False,persistent_move,False,False,equity,False
EP,2017-09-06,2017-09-05,0.20000000298023224,0.6000000238418579,2.000000074505805,2.000000074505805,0,50775.0,,False,False,persistent_move,False,False,equity,False
EP,2018-01-09,2018-01-08,0.6399999856948853,1.1080000400543213,0.7312501012813322,0.7312501012813322,0,250.0,,False,False,persistent_move,False,False,equity,False
EP,2018-04-27,2018-04-26,0.5199999809265137,0.800000011920929,0.5384616178168378,0.5384616178168378,0,250.0,,False,False,persistent_move,False,False,equity,False
EP,2018-05-17,2018-05-16,0.5199999809265137,1.0,0.9230769936149668,0.9230769936149668,0,125.0,,False,True,spike_reversal,False,False,equity,False
EP,2018-05-22,2018-05-21,1.0,0.4399999976158142,-0.5600000023841858,-0.5600000023841858,0,19025.0,,False,True,spike_reversal,False,False,equity,False
EP,2018-05-24,2018-05-23,0.4399999976158142,1.0,1.272727285042282,1.272727285042282,0,125.0,,False,False,persistent_move,False,False,equity,False
EP,2018-06-05,2018-06-04,1.0,0.4399999976158142,-0.5600000023841858,-0.5600000023841858,0,2250.0,,False,False,persistent_move,False,False,equity,False
EP,2018-06-25,2018-06-22,0.5600000023841858,1.0,0.7857142781116524,0.7857142781116524,0,125.0,,False,False,persistent_move,False,False,equity,False
EP,2018-08-23,2018-08-22,0.6399999856948853,1.0800000429153442,0.6875001047737921,0.6875001047737921,0,20325.0,,False,False,persistent_move,False,False,equity,False
EP,2018-11-26,2018-11-23,0.6000000238418579,0.9599999785423279,0.5999999006589294,0.5999999006589294,0,50.0,,False,True,spike_reversal,False,False,equity,False
EP,2018-12-07,2018-12-06,0.6000000238418579,1.0,0.6666666004392863,0.6666666004392863,0,50.0,,False,False,persistent_move,False,False,equity,False
EP,2018-12-21,2018-12-20,0.4000000059604645,0.800000011920929,1.0,1.0,0,50.0,,False,False,persistent_move,False,False,equity,False
EP,2019-02-06,2019-02-05,0.4000000059604645,0.6600000262260437,0.6500000409781928,0.6500000409781928,0,8550.0,,False,False,persistent_move,False,False,equity,False
EP,2019-04-03,2019-04-02,0.800000011920929,1.3240000009536743,0.6549999765306715,0.6549999765306715,0,46950.0,,False,True,spike_reversal,False,False,equity,False
EP,2019-04-12,2019-04-11,0.8880000114440918,1.5,0.6891891674197794,0.6891891674197794,0,25.0,,False,False,persistent_move,False,False,equity,False
EP,2019-07-30,2019-07-29,0.6480000019073486,1.100000023841858,0.6975308959939424,0.6975308959939424,0,1650.0,,False,False,persistent_move,False,False,equity,False
EP,2019-09-05,2019-09-04,1.2000000476837158,0.5199999809265137,-0.5666666997803569,-0.5666666997803569,0,17750.0,,False,False,persistent_move,False,False,equity,False
EP,2019-12-13,2019-12-12,0.4399999976158142,0.6800000071525574,0.5454545700845641,0.5454545700845641,0,50.0,,False,True,spike_reversal,False,False,equity,False
EP,2020-04-16,2020-04-15,0.3240000009536743,0.6320000290870667,0.9506173679839907,0.9506173679839907,0,175.0,,False,True,spike_reversal,False,False,equity,False
EP,2021-03-15,2021-03-12,2.0,4.840000152587891,1.4200000762939453,1.4200000762939453,0,67675.0,,False,False,persistent_move,False,False,equity,False
EQ,2020-07-13,2020-07-10,3.190000057220459,26.5,7.307209882337817,7.307209882337817,0,100657000.0,,False,False,persistent_move,False,False,equity,True
EQ,2024-02-06,2024-02-05,0.800000011920929,1.2300000190734863,0.5375000009313227,0.5375000009313227,0,4997100.0,,False,False,persistent_move,False,False,equity,True
EQ,2025-08-01,2025-07-31,0.38999998569488525,0.7099999785423279,0.820512832269161,0.820512832269161,0,144394500.0,,False,False,persistent_move,False,False,equity,True
EQ,2025-08-11,2025-08-08,0.5,0.8899999856948853,0.7799999713897705,0.7799999713897705,0,245705300.0,,False,False,persistent_move,False,False,equity,True
EQIX,2001-04-09,2001-04-06,19.0,29.440000534057617,0.549473712318822,0.5494740578233646,0,36388.0,,False,False,persistent_move,False,True,equity,False
ETS,2025-08-22,2025-08-21,3.5,1.4700000286102295,-0.5799999918256487,-0.5799999918256487,0,12261000.0,,False,False,persistent_move,False,False,equity,True
EXPE,2011-12-21,2011-12-20,57.099998474121094,27.889999389648438,-0.5115586666383404,-0.33555694987768236,0,5279100.0,2011-12-21:0.5,True,False,split_related,True,True,equity,False
FITB,2009-02-06,2009-02-05,1.6399999856948853,2.630000114440918,0.6036586203545358,0.603659178093485,0,70084600.0,,False,True,spike_reversal,True,True,equity,False
FITB,2009-05-08,2009-05-07,5.349999904632568,8.489999771118164,0.5869158733566833,0.5869164474018231,0,198530200.0,,False,False,persistent_move,True,True,equity,False
FLR,2020-03-19,2020-03-18,3.4000000953674316,5.989999771118164,0.761764589148,0.761764589148,0,7710900.0,,False,False,persistent_move,False,False,equity,False
FMCC,2008-09-08,2008-09-05,5.099999904632568,0.8799999952316284,-0.8274509781005519,-0.8274509781005519,0,370053100.0,,False,False,persistent_move,True,False,equity,False
FMCC,2008-09-19,2008-09-18,0.33000001311302185,0.550000011920929,0.6666666365633118,0.6666666365633118,0,94023700.0,,False,False,persistent_move,False,False,equity,False
FMCC,2008-09-22,2008-09-19,0.550000011920929,0.8500000238418579,0.5454545553065526,0.5454545553065526,0,85942800.0,,False,False,persistent_move,False,False,equity,False
FMCC,2008-09-23,2008-09-22,0.8500000238418579,1.3200000524520874,0.5529411946200988,0.5529411946200988,0,167420600.0,,False,False,persistent_move,False,False,equity,False
FMCC,2009-08-10,2009-08-07,0.7400000095367432,1.690000057220459,1.2837838316764851,1.2837838316764851,0,393415300.0,,False,False,persistent_move,False,False,equity,False
FMCC,2013-03-20,2013-03-19,0.699999988079071,1.0800000429153442,0.5428572304394794,0.5428572304394794,0,45452500.0,,False,True,spike_reversal,False,False,equity,False
FNMA,2008-09-08,2008-09-05,7.039999961853027,0.7300000190734863,-0.8963068149106438,-0.8963068149106438,0,585901400.0,,False,False,persistent_move,True,False,equity,False
FNMA,2008-09-23,2008-09-22,0.7900000214576721,1.309999942779541,0.6582277306301698,0.6582277306301698,0,218012500.0,,False,False,persistent_move,False,False,equity,False
FNMA,2008-11-26,2008-11-25,0.4699999988079071,0.7099999785423279,0.5106382560492533,0.5106382560492533,0,114315900.0,,False,False,persistent_move,False,False,equity,False
FNMA,2008-11-28,2008-11-26,0.7099999785423279,1.159999966621399,0.6338028192662031,0.6338028192662031,0,97110100.0,,False,True,spike_reversal,False,False,equity,False
FNMA,2009-08-10,2009-08-07,0.6600000262260437,1.0,0.5151514549448057,0.5151514549448057,0,288343900.0,,False,False,persistent_move,False,False,equity,False
FNMA,2025-05-22,2025-05-21,7.449999809265137,11.220000267028809,0.5060403428568063,0.5060403428568063,0,71073300.0,,False,False,persistent_move,False,False,equity,False
FNMA,2026-03-30,2026-03-27,4.860000133514404,7.349999904632568,0.5123456178421077,0.5123456178421077,0,39615300.0,,False,False,persistent_move,False,False,equity,False
FOSL,2018-02-14,2018-02-13,9.039999961853027,16.969999313354492,0.877212321345626,0.877212321345626,0,42096500.0,,False,False,persistent_move,False,False,equity,False
FOSL,2020-06-08,2020-06-05,5.25,8.100000381469727,0.5428572155180431,0.5428572155180431,0,10116000.0,,False,True,spike_reversal,False,False,equity,False
FOSL,2021-01-27,2021-01-26,12.649999618530273,23.65999984741211,0.8703557755649183,0.8703557755649183,0,20207700.0,,False,True,spike_reversal,False,False,equity,False
FOSL,2024-12-02,2024-11-29,1.4600000381469727,2.3499999046325684,0.60958893372029,0.60958893372029,0,29600400.0,,False,False,persistent_move,False,False,equity,False
GL,2024-04-11,2024-04-10,104.93000030517578,49.16999816894531,-0.5314019057853758,-0.5314018548126351,0,36577500.0,,False,False,persistent_move,True,True,equity,False
GME,2021-01-13,2021-01-12,4.987500190734863,7.849999904632568,0.5739347577801177,0.5739347577801177,0,578006800.0,,False,False,persistent_move,False,False,equity,False
GME,2021-01-22,2021-01-21,10.757499694824219,16.252500534057617,0.5108065066343643,0.5108065066343643,0,788631600.0,,False,False,persistent_move,False,False,equity,False
GME,2021-01-26,2021-01-25,19.197500228881836,36.994998931884766,0.9270737591255416,0.9270737591255416,0,714352000.0,,False,True,spike_reversal,False,False,equity,False
GME,2021-01-27,2021-01-26,36.994998931884766,86.87750244140625,1.3483580199952216,1.3483580199952216,0,373586800.0,,False,False,persistent_move,False,False,equity,False
GME,2021-01-29,2021-01-28,48.400001525878906,81.25,0.6787189553404578,0.6787189553404578,0,202264400.0,,False,True,spike_reversal,False,False,equity,False
GME,2021-02-02,2021-02-01,56.25,22.5,-0.6,-0.6,0,312732400.0,,False,False,persistent_move,False,False,equity,False
GME,2021-02-24,2021-02-23,11.242500305175781,22.927499771118164,1.0393594973320024,1.0393594973320024,0,332446800.0,,False,False,persistent_move,False,False,equity,False
GME,2021-03-25,2021-03-24,30.084999084472656,45.9375,0.5269237626039707,0.5269237626039707,0,203849200.0,,False,False,persistent_move,False,False,equity,False
GME,2024-05-13,2024-05-10,17.459999084472656,30.450000762939453,0.7439863894390997,0.7439863894390997,0,187241700.0,,False,False,persistent_move,False,False,equity,False
GME,2024-05-14,2024-05-13,30.450000762939453,48.75,0.60098518156142,0.60098518156142,0,206979100.0,,False,True,spike_reversal,False,False,equity,False
GNW,2008-09-19,2008-09-18,9.149999618530273,15.25,0.6666667361511371,0.6666667021150452,0,236500.0,,False,True,spike_reversal,True,False,equity,False
GNW,2008-09-30,2008-09-29,5.0,8.609999656677246,0.7219999313354493,0.721999867664116,0,3620000.0,,False,True,spike_reversal,True,False,equity,False
GNW,2008-10-13,2008-10-10,3.5,6.320000171661377,0.8057143347603934,0.8057143347603934,0,9452900.0,,False,False,persistent_move,True,False,equity,False
GNW,2008-11-11,2008-11-10,2.7200000286102295,1.2400000095367432,-0.5441176483478514,-0.5441176483478514,0,43412600.0,,False,False,persistent_move,True,False,equity,False
GNW,2008-11-13,2008-11-12,1.0,1.5299999713897705,0.5299999713897705,0.5299999713897705,0,37083300.0,,False,True,spike_reversal,True,False,equity,False
GNW,2008-11-24,2008-11-21,0.8999999761581421,1.7000000476837158,0.8888889919092653,0.8888889919092653,0,16009700.0,,False,False,persistent_move,True,False,equity,False
GP,2026-01-09,2026-01-08,0.8209999799728394,1.2400000095367432,0.5103532762300012,0.5103532762300012,0,77459400.0,,False,False,persistent_move,False,False,equity,True
GR,2003-07-14,2003-07-11,8.800000190734863,19.200000762939453,1.1818182212262105,1.1818182212262105,0,125.0,,False,False,persistent_move,True,False,equity,False
GR,2003-08-19,2003-08-18,12.0,18.399999618530273,0.5333333015441895,0.5333333015441895,0,56.0,,False,False,persistent_move,True,False,equity,False
GR,2008-10-20,2008-10-17,3.200000047683716,6.400000095367432,1.0,1.0,0,344.0,,False,False,persistent_move,True,False,equity,False
GR,2008-11-28,2008-11-26,1.600000023841858,2.4000000953674316,0.5000000372529025,0.5000000372529025,0,0.0,,False,True,spike_reversal,True,False,equity,False
GR,2008-12-05,2008-12-04,1.600000023841858,2.4000000953674316,0.5000000372529025,0.5000000372529025,0,200.0,,False,False,persistent_move,True,False,equity,False
GR,2009-01-08,2009-01-07,0.800000011920929,1.600000023841858,1.0,1.0,0,12.0,,False,False,persistent_move,True,False,equity,False
GR,2009-01-20,2009-01-16,1.600000023841858,3.200000047683716,1.0,1.0,0,450.0,,False,False,persistent_move,True,False,equity,False
GR,2009-01-22,2009-01-21,3.200000047683716,4.800000190734863,0.5000000372529025,0.5000000372529025,0,625.0,,False,True,spike_reversal,True,False,equity,False
GR,2009-02-18,2009-02-17,3.200000047683716,1.399999976158142,-0.5625000139698384,-0.5625000139698384,0,250.0,,False,False,persistent_move,True,False,equity,False
GR,2009-11-19,2009-11-18,1.5,2.5999999046325684,0.7333332697550456,0.7333332697550456,0,54655.0,,False,False,persistent_move,True,False,equity,False
GR,2010-02-11,2010-02-10,2.5999999046325684,4.099999904632568,0.5769230980844899,0.5769230980844899,0,65823.0,,False,True,spike_reversal,True,False,equity,False
GR,2013-08-26,2013-08-23,0.20000000298023224,0.30000001192092896,0.5000000372529025,0.5000000372529025,0,10550.0,,False,True,spike_reversal,False,False,equity,False
GR,2013-08-30,2013-08-29,0.20000000298023224,0.30000001192092896,0.5000000372529025,0.5000000372529025,0,1100.0,,False,True,spike_reversal,False,False,equity,False
GR,2013-09-05,2013-09-04,0.20000000298023224,0.30000001192092896,0.5000000372529025,0.5000000372529025,0,1250.0,,False,True,spike_reversal,False,False,equity,False
GR,2013-10-01,2013-09-30,0.20000000298023224,0.30000001192092896,0.5000000372529025,0.5000000372529025,0,3750.0,,False,False,persistent_move,False,False,equity,False
GR,2013-11-20,2013-11-19,0.30000001192092896,0.800000011920929,1.666666600439286,1.666666600439286,0,80350.0,,False,False,persistent_move,False,False,equity,False
GR,2014-03-03,2014-02-28,0.4000000059604645,0.6000000238418579,0.5000000372529025,0.5000000372529025,0,49670.0,,False,False,persistent_move,False,False,equity,False
GR,2014-07-31,2014-07-30,0.17000000178813934,0.2849999964237213,0.676470549564461,0.676470549564461,0,14250.0,,False,True,spike_reversal,False,False,equity,False
GR,2015-03-17,2015-03-16,0.10999999940395355,0.17000000178813934,0.5454545700845641,0.5454545700845641,0,13207.0,,False,True,spike_reversal,False,False,equity,False
GR,2015-05-12,2015-05-07,0.05999999865889549,0.0949999988079071,0.5833333488553767,0.5833333488553767,2,14000.0,,False,False,persistent_move,False,False,equity,False
GR,2016-04-11,2016-04-08,0.029999999329447746,0.05000000074505806,0.6666667287548398,0.6666667287548398,0,1194000.0,,False,True,spike_reversal,False,False,equity,False
HBAN,2008-10-14,2008-10-13,6.75,10.130000114440918,0.5007407576949507,0.5007403159950723,0,15991700.0,,False,False,persistent_move,True,True,equity,False
HIG,2008-10-30,2008-10-29,19.860000610351562,9.619999885559082,-0.5156092855029983,-0.515609231620177,0,67043200.0,,False,True,spike_reversal,True,True,equity,False
HIG,2008-11-03,2008-10-31,10.319999694824219,16.280000686645508,0.5775194930296756,0.5775194586357923,0,70823200.0,,False,False,persistent_move,True,True,equity,False
HIG,2008-12-05,2008-12-04,7.210000038146973,14.59000015258789,1.0235783738411235,1.0235779661492432,0,119854300.0,,False,False,persistent_move,True,True,equity,False
HOOD,2021-08-04,2021-08-03,46.79999923706055,70.38999938964844,0.5040598405375005,0.5040598405375005,0,175790500.0,,False,True,spike_reversal,False,True,equity,False
IDXX,1997-03-24,1997-03-21,8.0,3.0,-0.625,-0.625,0,88592800.0,,False,False,persistent_move,False,True,equity,False
JCI,2007-07-02,2007-06-29,70.35396575927734,27.775136947631836,-0.6052086524494289,-0.5344618769126088,0,11502649.0,2007-07-02:0.25,False,False,persistent_move,True,True,equity,False
KDP,2018-07-10,2018-07-09,123.66000366210938,22.190000534057617,-0.8205563652198334,0.11451512231380945,0,23632300.0,,False,False,distribution_close_only,False,True,equity,False
KEY,2008-10-14,2008-10-13,7.760000228881836,11.970000267028809,0.5425257621098816,0.5425260278210202,0,39305300.0,,False,False,persistent_move,True,True,equity,False
LEN,1997-11-03,1997-10-31,19.364654541015625,7.912438869476318,-0.591397881500171,0.05976107407339404,0,681814.0,,False,False,distribution_close_only,False,True,equity,False
LU,2024-06-04,2024-06-03,4.380000114440918,2.0299999713897705,-0.5365296990068942,0.035714187966151556,0,12929400.0,,False,False,distribution_close_only,False,False,equity,True
LUMN,2024-08-06,2024-08-05,2.5899999141693115,5.0,0.9305019944773418,0.9305019944773418,0,311863000.0,,False,False,persistent_move,False,False,equity,False
LVS,2008-10-29,2008-10-28,4.949999809265137,8.90999984741211,0.8000000385322972,0.7999999384297398,0,56040900.0,,False,False,persistent_move,False,True,equity,False
MBI,2023-12-08,2023-12-07,7.380000114440918,13.420000076293945,0.8184281664215931,0.8184281640110611,0,11521100.0,,False,False,persistent_move,False,False,equity,False
MBI,2023-12-26,2023-12-22,14.1899995803833,6.670000076293945,-0.529950650208985,0.07754451186585087,0,5505400.0,,False,False,distribution_close_only,False,False,equity,False
MI,2016-04-28,2016-04-27,310.0,475.0,0.532258064516129,0.532258064516129,0,134.0,,False,True,spike_reversal,False,False,equity,True
MI,2020-12-17,2020-12-16,63.0,108.0,0.7142857142857142,0.7142857142857142,0,399804.0,,False,False,persistent_move,False,False,equity,True
MI,2021-02-05,2021-02-04,105.0,161.5,0.5380952380952382,0.5380952380952382,0,54318.0,,False,False,persistent_move,False,False,equity,True
MI,2021-03-15,2021-03-12,204.5,419.5,1.0513447432762835,1.0513447432762835,0,169884.0,,False,False,persistent_move,False,False,equity,True
MI,2021-03-17,2021-03-16,299.5,1130.0,2.7729549248747913,2.7729549248747913,0,1360018.0,,False,False,persistent_move,False,False,equity,True
MI,2021-03-22,2021-03-19,1484.0,2450.0,0.6509433962264151,0.6509433962264151,0,789638.0,,False,True,spike_reversal,False,False,equity,True
MI,2021-08-25,2021-08-24,352.0,550.5,0.5639204545454546,0.5639204545454546,0,1536306.0,,False,False,persistent_move,False,False,equity,True
MI,2022-04-01,2022-03-31,112.5,182.0,0.6177777777777778,0.6177777777777778,0,688238.0,,False,False,persistent_move,False,False,equity,True
MI,2024-05-03,2024-05-02,3.9800000190734863,6.019999980926514,0.5125628020293136,0.5125628020293136,0,2164300.0,,False,False,persistent_move,False,False,equity,True
MI,2024-11-15,2024-11-14,9.899999618530273,3.299999952316284,-0.6666666586391048,-0.6666666586391048,0,853300.0,,False,False,persistent_move,False,False,equity,True
MI,2026-03-10,2026-03-09,4.170000076293945,0.7099999785423279,-0.8297362192920306,-0.8297362192920306,0,11310300.0,,False,False,persistent_move,False,False,equity,True
MI,2026-05-18,2026-05-15,0.19599999487400055,18.899999618530273,95.4285720041994,95.4285720041994,0,12300.0,,False,False,unit_100x_break,False,False,equity,True
MI,2026-08-21,2026-08-20,7.230000019073486,3.0,-0.585062241758549,-0.585062241758549,0,541600.0,,False,False,persistent_move,False,False,equity,True
MO,2008-03-31,2008-03-28,73.83000183105469,22.200000762939453,-0.6993092210164135,-0.025032970302202195,0,33447900.0,,False,False,distribution_close_only,True,True,equity,False
MRNA,2026-08-19,2026-08-18,62.959999084472656,174.3800048828125,1.7696951623021624,1.7696951623021624,0,199252300.0,,False,False,persistent_move,True,True,equity,False
MS,2008-10-13,2008-10-10,9.680000305175781,18.100000381469727,0.8698346912026305,0.8698347884124731,0,199684000.0,,False,False,persistent_move,True,True,equity,False
MTCH,1995-08-25,1995-08-24,1.7822719812393188,2.7253189086914062,0.5291262710623612,0.5291262914051298,0,19010483.0,,False,False,persistent_move,False,False,equity,False
MTG,2008-09-18,2008-09-17,5.440000057220459,9.5,0.746323511043119,0.7463228293009743,0,12889100.0,,False,False,persistent_move,True,False,equity,False
MTG,2008-10-31,2008-10-30,2.4100000858306885,3.880000114440918,0.6099584963722289,0.6099586744985659,0,14489800.0,,False,False,persistent_move,False,False,equity,False
MTG,2012-08-02,2012-08-01,2.450000047683716,0.8799999952316284,-0.6408163354675851,-0.6408163876485058,0,53600700.0,,False,False,persistent_move,False,False,equity,False
NBR,2020-06-05,2020-06-04,43.43000030517578,65.62000274658203,0.5109371928501172,0.5109371928501172,0,2139800.0,,False,True,spike_reversal,False,False,equity,False
NC,2017-10-02,2017-09-29,19.602466583251953,32.650001525878906,0.66560679428856,0.6656066151534228,0,281000.0,2017-10-02:4.377,False,False,persistent_move,False,False,equity,False
NKTR,2022-03-14,2022-03-11,159.4499969482422,62.400001525878906,-0.6086547336458459,-0.6086547336458459,0,1743373.0,,False,False,persistent_move,False,False,equity,False
NKTR,2023-08-07,2023-08-04,7.949999809265137,15.300000190734863,0.9245283720515118,0.9245283720515118,0,11435440.0,,False,False,persistent_move,False,False,equity,False
NKTR,2025-06-24,2025-06-23,9.539999961853027,24.450000762939453,1.5628931719817682,1.5628931719817682,0,37172700.0,,False,False,persistent_move,False,False,equity,False
NKTR,2026-02-10,2026-02-09,37.06999969482422,56.0,0.5106555290265844,0.5106555290265844,0,8721500.0,,False,False,persistent_move,False,False,equity,False
ON,2002-01-03,2002-01-02,2.25,3.5,0.5555555555555556,0.5555555555555556,0,2065500.0,,False,False,persistent_move,False,True,equity,False
OXY,2020-03-09,2020-03-06,26.860000610351562,12.510000228881836,-0.5342516774157997,-0.5201380646102929,0,104930300.0,,False,False,persistent_move,True,True,equity,False
PARA,2024-01-05,2024-01-04,16600.0,25700.0,0.5481927710843373,0.548192780623074,0,7210.0,,False,True,spike_reversal,True,False,equity,False
PARA,2024-09-20,2024-09-19,576.0,1138.0,0.9756944444444444,0.9756944131595844,0,306929.0,2024-09-19:0.02,False,False,persistent_move,True,False,equity,False
PARA,2024-09-24,2024-09-23,840.0,1648.0,0.9619047619047618,0.9619047873037885,0,311864.0,2024-09-19:0.02,False,True,spike_reversal,True,False,equity,False
PARA,2024-10-09,2024-10-08,552.0,1004.0,0.818840579710145,0.8188405331472637,0,185499.0,,False,True,spike_reversal,True,False,equity,False
PARA,2025-01-29,2025-01-28,250.0,386.0,0.544,0.5440001027502417,0,151341.0,,False,False,persistent_move,True,False,equity,False
PBI,2021-01-26,2021-01-25,7.53000020980835,13.630000114440918,0.8100929262507715,0.810092666999592,0,47577100.0,,False,True,spike_reversal,False,False,equity,False
PCG,2019-01-14,2019-01-11,17.59000015258789,8.380000114440918,-0.5235929481667441,-0.5235930099051388,0,127198800.0,,False,False,persistent_move,True,True,equity,False
PCG,2019-01-24,2019-01-23,7.989999771118164,13.949999809265137,0.7459324416617472,0.7459324709201978,0,82538300.0,,False,False,persistent_move,False,True,equity,False
POM,2025-12-10,2025-12-09,97.55999755859375,9.0,-0.9077490751822265,-0.9077490751822265,0,1581594.0,,False,False,persistent_move,False,False,equity,True
POM,2026-03-09,2026-03-06,4.51800012588501,7.8480000495910645,0.7370517554055527,0.7370517554055527,0,183467.0,,False,False,persistent_move,False,False,equity,True
POM,2026-05-08,2026-05-07,9.557999610900879,1.350000023841858,-0.8587570539025566,-0.8587570539025566,0,1196511.0,,False,False,persistent_move,False,False,equity,True
POM,2026-05-11,2026-05-08,1.350000023841858,2.6640000343322754,0.9733333239143278,0.9733333239143278,0,18660517.0,,False,False,persistent_move,False,False,equity,True
PWR,2002-07-02,2002-07-01,9.140000343322754,2.9200000762939453,-0.6805251677668527,-0.6805252034646803,0,5135700.0,,False,False,persistent_move,False,True,equity,False
REGN,1997-05-13,1997-05-12,7.875,11.890625,0.5099206349206349,0.5099206445012894,0,3472700.0,,False,False,persistent_move,False,True,equity,False
REGN,2000-02-23,2000-02-22,20.875,36.625,0.7544910179640718,0.7544912714646304,0,4523500.0,,False,False,persistent_move,False,True,equity,False
REGN,2003-03-31,2003-03-28,17.309999465942383,7.519999980926514,-0.5655690229383197,-0.5655690720424835,0,28330500.0,,False,False,persistent_move,False,True,equity,False
RIG,2020-06-05,2020-06-04,1.659999966621399,2.5,0.5060241266680594,0.5060241266680594,0,104761500.0,,False,True,spike_reversal,False,False,equity,False
ROK,2001-07-02,2001-06-29,38.119998931884766,14.699999809265137,-0.6143756500221307,0.006159907706448253,0,3766200.0,,False,False,distribution_close_only,True,True,equity,False
RRC,1998-10-19,1998-10-16,2.4166669845581055,3.7083330154418945,0.5344824252316145,0.534483097021808,0,1073250.0,,False,False,persistent_move,False,False,equity,False
SBNY,2025-12-09,2025-12-08,0.8399999737739563,1.309999942779541,0.5595237900948573,0.5595237900948573,0,689900.0,,False,False,persistent_move,False,False,equity,True
SBNY,2026-08-19,2026-08-18,0.3199999928474426,0.14000000059604645,-0.5624999883584676,-0.5624999883584676,0,3400.0,,False,False,persistent_move,False,False,equity,True
SLE,2021-03-04,2021-03-03,50016.0,84672.0,0.692898272552783,0.692898272552783,0,27520.0,,False,True,spike_reversal,False,False,equity,False
SLE,2023-04-18,2023-04-17,4108.7998046875,6345.60009765625,0.5443926205450336,0.5443926205450336,0,2919.0,,False,True,spike_reversal,False,False,equity,False
SLE,2023-09-11,2023-09-08,825.5999755859375,1560.0,0.8895349395969285,0.8895349395969285,0,99196.0,2023-09-11:0.05,False,True,spike_reversal,False,False,equity,False
SLE,2025-05-09,2025-05-08,156.0,72.0,-0.5384615384615384,-0.5384615384615384,0,7117.0,,False,False,persistent_move,False,False,equity,False
SLE,2025-09-23,2025-09-22,39.36000061035156,102.12000274658203,1.5945122246701584,1.5945122246701584,0,5623708.0,,False,False,persistent_move,False,False,equity,False
SLE,2026-08-18,2026-08-17,3.0199999809265137,5.5,0.8211920644822788,0.8211920644822788,0,49691800.0,,False,False,persistent_move,False,False,equity,False
SSP,2008-07-01,2008-06-30,83.14041137695312,6.024377822875977,-0.9275397159684254,-0.056426046419128295,0,6977776.0,,False,False,distribution_close_only,False,False,equity,False
STI,2024-03-11,2024-03-08,38.75,87.5,1.2580645161290325,1.2580645161290325,0,2112352.0,,False,False,persistent_move,False,False,equity,True
STI,2024-03-18,2024-03-15,87.0,136.0,0.5632183908045978,0.5632183908045978,0,1812266.0,,False,False,persistent_move,False,False,equity,True
STI,2024-06-18,2024-06-17,96.5,34.400001525878906,-0.6435233002499595,-0.6435233002499595,0,327216.0,,False,False,persistent_move,False,False,equity,True
STI,2024-12-27,2024-12-26,20.799999237060547,35.04999923706055,0.685096178975332,0.685096178975332,0,1490338.0,,False,False,persistent_move,False,False,equity,True
STI,2025-05-08,2025-05-07,4.699999809265137,7.900000095367432,0.6808511523328395,0.6808511523328395,0,8513044.0,2025-05-12:0.02,False,True,spike_reversal,False,False,equity,True
STI,2025-09-03,2025-09-02,3.2799999713897705,7.010000228881836,1.137195210374232,1.137195210374232,0,87037100.0,,False,False,persistent_move,False,False,equity,True
STI,2025-10-13,2025-10-10,5.489999771118164,21.625,2.9389801277888896,2.9389801277888896,0,100973800.0,,False,False,persistent_move,False,False,equity,True
STI,2026-06-04,2026-06-03,5.039999961853027,22.709999084472656,3.5059522334049786,3.5059522334049786,0,105652800.0,,False,False,persistent_move,False,False,equity,True
STI,2026-06-05,2026-06-04,22.709999084472656,35.720001220703125,0.5728755024532652,0.5728755024532652,0,38548000.0,,False,True,spike_reversal,False,False,equity,True
STT,2009-01-20,2009-01-16,36.349998474121094,14.890000343322754,-0.5903713626309092,-0.5903716081276966,0,76692600.0,,False,False,persistent_move,True,True,equity,False
TE,2024-11-06,2024-11-05,1.0499999523162842,1.75,0.6666667423551078,0.6666667423551078,0,44832900.0,,False,False,persistent_move,False,False,equity,True
THC,2010-12-10,2010-12-09,17.15999984741211,26.600000381469727,0.5501165861304631,0.5501165861304631,0,59996300.0,,False,False,persistent_move,True,False,equity,False
TRGP,2020-03-09,2020-03-06,27.860000610351562,13.119999885559082,-0.5290739555589148,-0.5290738989831962,0,14856900.0,,False,False,persistent_move,False,True,equity,False
TTWO,2008-02-25,2008-02-22,17.360000610351562,26.889999389648438,0.5489630440228355,0.5489629909775524,0,37567500.0,,False,False,persistent_move,False,True,equity,False
UAL,2008-07-22,2008-07-21,4.989999771118164,8.40999984741211,0.6853707882089919,0.6853707882089919,0,47488100.0,,False,False,persistent_move,False,True,equity,False
UCL,2024-12-18,2024-12-17,1.4600000381469727,2.9000000953674316,0.9863013832849639,0.9863013832849639,0,4377300.0,,False,True,spike_reversal,False,False,equity,True
UIS,2009-04-16,2009-04-15,7.099999904632568,12.0,0.6901408677724499,0.6901408677724499,0,1702480.0,,False,False,persistent_move,False,False,equity,False
UK,2023-06-05,2023-06-02,81.5999984741211,124.80000305175781,0.5294118307041062,0.5294118307041062,0,18227.0,,False,True,spike_reversal,False,False,equity,True
UK,2023-12-28,2023-12-27,30.200000762939453,52.099998474121094,0.7251654688054403,0.7251654688054403,0,124830.0,,False,True,spike_reversal,False,False,equity,True
UPC,2024-09-13,2024-09-12,1002.0,326.3999938964844,-0.674251503097321,-0.674251503097321,0,50820.0,,False,False,persistent_move,False,False,equity,True
UPC,2024-12-06,2024-12-05,42.0,135.60000610351562,2.228571573893229,2.228571573893229,0,2343228.0,,False,True,spike_reversal,False,False,equity,True
UPC,2024-12-09,2024-12-06,135.60000610351562,55.20000076293945,-0.5929203666790372,-0.5929203666790372,0,136300.0,,False,False,persistent_move,False,False,equity,True
UPC,2025-10-08,2025-10-07,5.170000076293945,9.460000038146973,0.8297872144188176,0.8297872144188176,0,22904900.0,,False,True,spike_reversal,False,False,equity,True
UPC,2026-06-29,2026-06-26,2.9600000381469727,12.180000305175781,3.1148649149345076,3.1148649149345076,0,55188300.0,,False,False,persistent_move,False,False,equity,True
UPC,2026-08-03,2026-07-31,3.1600000858306885,6.480000019073486,1.0506328617298277,1.0506328617298277,0,28031100.0,,False,False,persistent_move,False,False,equity,True
VRTX,2012-05-07,2012-05-04,37.40999984741211,58.119998931884766,0.553595273160775,0.553595273160775,0,40216300.0,,False,False,persistent_move,False,True,equity,False
VRTX,2013-04-19,2013-04-18,52.869998931884766,85.5999984741211,0.6190656365324336,0.6190656365324336,0,24895000.0,,False,False,persistent_move,False,True,equity,False
WEN,2003-09-05,2003-09-04,30.686275482177734,9.676470756530762,-0.684664541249043,0.007142876282326238,0,1262352.0,,False,False,distribution_close_only,True,False,equity,False
WMB,2002-07-22,2002-07-19,4.206431865692139,1.638551950454712,-0.6104651156200055,-0.6104650206824626,0,60943204.0,,False,False,persistent_move,True,True,equity,False
WMB,2002-07-29,2002-07-26,0.8070480227470398,1.6222480535507202,1.0101010197991598,1.010100833969907,0,34947498.0,,False,False,persistent_move,True,True,equity,False
WY,2010-07-20,2010-07-19,41.83000183105469,15.9399995803833,-0.6189338062961927,0.03439289979152749,0,10219000.0,,False,False,distribution_close_only,True,True,equity,False
^VIX,2007-02-27,2007-02-26,11.149999618530273,18.309999465942383,0.6421524746523621,0.6421524746523621,0,0.0,,False,False,persistent_move,False,False,index,False
^VIX,2018-02-05,2018-02-02,17.309999465942383,37.31999969482422,1.1559792516603906,1.1559792516603906,0,0.0,,False,False,persistent_move,False,False,index,False
^VIX,2021-01-27,2021-01-26,23.020000457763672,37.209999084472656,0.6164204319953999,0.6164204319953999,0,0.0,,False,True,spike_reversal,False,False,index,False
^VIX,2021-11-26,2021-11-24,18.579999923706055,28.6200008392334,0.540366036423789,0.540366036423789,0,0.0,,False,True,spike_reversal,False,False,index,False
^VIX,2024-08-05,2024-08-02,23.389999389648438,38.56999969482422,0.648995327118046,0.648995327118046,0,0.0,,False,True,spike_reversal,False,False,index,False
^VIX,2024-12-18,2024-12-17,15.869999885559082,27.6200008392334,0.7403907396600702,0.7403907396600702,0,0.0,,False,True,spike_reversal,False,False,index,False
^VIX,2025-04-04,2025-04-03,30.020000457763672,45.310001373291016,0.5093271379872046,0.5093271379872046,0,0.0,,False,True,spike_reversal,False,False,index,False
SPXS.L,2014-01-02,2013-12-31,303.04998779296875,3.02305006980896,-0.9900245827699087,-0.9900245827699087,0,75500.0,,False,False,unit_100x_break,False,False,ucits_etf,False
