swap_date,old_ticker,new_ticker,chain,successor_used,old_has_yahoo,successor_cover_old_member_days,successor_zero_vol_frac,accepted,note
2000-01-03,RNB,,,,,,,False,unpaired/ambiguous change not explained by Wikipedia table (not a 1-1 swap)
2000-01-04,,NCR,,,,,,False,unpaired/ambiguous change not explained by Wikipedia table (not a 1-1 swap)
2000-01-06,NLV,YNR,,,,,,False,"not evaluated: Wikipedia changes table <85% complete before 2011, so an unexplained 1-1 swap is more likely an unlisted index replacement than a rename"
2000-01-31,CNG;FLTWQ;FWLT,BGEN;CNXT;HOG,,,,,,False,unpaired/ambiguous change not explained by Wikipedia table (not a 1-1 swap)
2000-03-16,SCI,TSG,,,,,,False,"not evaluated: Wikipedia changes table <85% complete before 2011, so an unexplained 1-1 swap is more likely an unlisted index replacement than a rename"
2000-04-03,PBY;PNU,LLTC;VRTS,,,,,,False,unpaired/ambiguous change not explained by Wikipedia table (not a 1-1 swap)
2000-04-18,ARC,ALTR,,,,,,False,"not evaluated: Wikipedia changes table <85% complete before 2011, so an unexplained 1-1 swap is more likely an unlisted index replacement than a rename"
2000-05-04,RLM,,,,,,,False,unpaired/ambiguous change not explained by Wikipedia table (not a 1-1 swap)
2000-05-05,,SAPE;SEBL,,,,,,False,unpaired/ambiguous change not explained by Wikipedia table (not a 1-1 swap)
2000-05-10,JOS,MXIM,,,,,,False,"not evaluated: Wikipedia changes table <85% complete before 2011, so an unexplained 1-1 swap is more likely an unlisted index replacement than a rename"
2000-06-01,MIR,APCC,,,,,,False,"not evaluated: Wikipedia changes table <85% complete before 2011, so an unexplained 1-1 swap is more likely an unlisted index replacement than a rename"
2000-06-05,NC,A,,,,,,False,"not evaluated: Wikipedia changes table <85% complete before 2011, so an unexplained 1-1 swap is more likely an unlisted index replacement than a rename"
2000-06-13,TMC.A,,,,,,,False,unpaired/ambiguous change not explained by Wikipedia table (not a 1-1 swap)
2000-06-15,UMG,,,,,,,False,unpaired/ambiguous change not explained by Wikipedia table (not a 1-1 swap)
2000-06-16,CSR,MEDI,,,,,,False,"not evaluated: Wikipedia changes table <85% complete before 2011, so an unexplained 1-1 swap is more likely an unlisted index replacement than a rename"
2000-06-19,CHA,CF;NVLS,,,,,,False,unpaired/ambiguous change not explained by Wikipedia table (not a 1-1 swap)
2000-06-20,WLA,,,,,,,False,unpaired/ambiguous change not explained by Wikipedia table (not a 1-1 swap)
2000-06-21,SGID,SANM;TIF,,,,,,False,unpaired/ambiguous change not explained by Wikipedia table (not a 1-1 swap)
2000-06-29,IKN;MZIAQ,MERQ;VSTNQ,,,,,,False,unpaired/ambiguous change not explained by Wikipedia table (not a 1-1 swap)
2000-07-03,GTE;USW,BRCM,,,,,,False,unpaired/ambiguous change not explained by Wikipedia table (not a 1-1 swap)
2000-07-06,,Q,,,,,,False,unpaired/ambiguous change not explained by Wikipedia table (not a 1-1 swap)
2000-07-13,KSU,JNS,,,,,,False,"not evaluated: Wikipedia changes table <85% complete before 2011, so an unexplained 1-1 swap is more likely an unlisted index replacement than a rename"
2000-07-17,UPR,CIT-A,,,,,,False,"not evaluated: Wikipedia changes table <85% complete before 2011, so an unexplained 1-1 swap is more likely an unlisted index replacement than a rename"
2000-07-27,,VIAV,,,,,,False,unpaired/ambiguous change not explained by Wikipedia table (not a 1-1 swap)
2000-07-28,COMS,PALM,,,,,,False,"not evaluated: Wikipedia changes table <85% complete before 2011, so an unexplained 1-1 swap is more likely an unlisted index replacement than a rename"
2000-08-21,NCE,KSE,,,,,,False,"not evaluated: Wikipedia changes table <85% complete before 2011, so an unexplained 1-1 swap is more likely an unlisted index replacement than a rename"
2000-08-30,GAPTQ,DVN,,,,,,False,"not evaluated: Wikipedia changes table <85% complete before 2011, so an unexplained 1-1 swap is more likely an unlisted index replacement than a rename"
2000-10-02,OWENQ,AV,,,,,,False,"not evaluated: Wikipedia changes table <85% complete before 2011, so an unexplained 1-1 swap is more likely an unlisted index replacement than a rename"
2000-10-03,BFO;YNR,DYN;KG,,,,,,False,unpaired/ambiguous change not explained by Wikipedia table (not a 1-1 swap)
2000-10-18,MKG,NBR,,,,,,False,"not evaluated: Wikipedia changes table <85% complete before 2011, so an unexplained 1-1 swap is more likely an unlisted index replacement than a rename"
2000-10-23,UCM,PWER,,,,,,False,"not evaluated: Wikipedia changes table <85% complete before 2011, so an unexplained 1-1 swap is more likely an unlisted index replacement than a rename"
2000-11-02,CG;EFU,EOG;NI,,,,,,False,unpaired/ambiguous change not explained by Wikipedia table (not a 1-1 swap)
2000-11-06,PWJ,BVSN,,,,,,False,"not evaluated: Wikipedia changes table <85% complete before 2011, so an unexplained 1-1 swap is more likely an unlisted index replacement than a rename"
2000-11-17,ACKH,HOT,,,,,,False,"not evaluated: Wikipedia changes table <85% complete before 2011, so an unexplained 1-1 swap is more likely an unlisted index replacement than a rename"
2000-11-22,SEG,FRX,,,,,,False,"not evaluated: Wikipedia changes table <85% complete before 2011, so an unexplained 1-1 swap is more likely an unlisted index replacement than a rename"
2000-11-24,FJ,CHIR,,,,,,False,"not evaluated: Wikipedia changes table <85% complete before 2011, so an unexplained 1-1 swap is more likely an unlisted index replacement than a rename"
2000-12-01,AFS.A;FPC,CPNLQ,,,,,,False,unpaired/ambiguous change not explained by Wikipedia table (not a 1-1 swap)
2000-12-05,,RHI,,,,,,False,unpaired/ambiguous change not explained by Wikipedia table (not a 1-1 swap)
2000-12-11,BHMSQ;VO,ABKFQ;MET,,,,,,False,unpaired/ambiguous change not explained by Wikipedia table (not a 1-1 swap)
2000-12-12,NGH;PRD;RML;SMI,KMI;QLGC;SYK;VTSS,,,,,,False,unpaired/ambiguous change not explained by Wikipedia table (not a 1-1 swap)
2000-12-22,MEE,FLR,,,,,,False,"not evaluated: Wikipedia changes table <85% complete before 2011, so an unexplained 1-1 swap is more likely an unlisted index replacement than a rename"
2001-01-02,,AMCC,,,,,,False,unpaired/ambiguous change not explained by Wikipedia table (not a 1-1 swap)
2001-01-16,,NE,,,,,,False,unpaired/ambiguous change not explained by Wikipedia table (not a 1-1 swap)
2001-01-30,CGP,JBL,,,,,,False,"not evaluated: Wikipedia changes table <85% complete before 2011, so an unexplained 1-1 swap is more likely an unlisted index replacement than a rename"
2001-02-07,UK,UVN,,,,,,False,"not evaluated: Wikipedia changes table <85% complete before 2011, so an unexplained 1-1 swap is more likely an unlisted index replacement than a rename"
2001-02-27,,FTR,,,,,,False,unpaired/ambiguous change not explained by Wikipedia table (not a 1-1 swap)
2001-03-01,SUB,CTAS,,,,,,False,"not evaluated: Wikipedia changes table <85% complete before 2011, so an unexplained 1-1 swap is more likely an unlisted index replacement than a rename"
2001-04-02,CEN;OK,CE;FISV,,,,,,False,unpaired/ambiguous change not explained by Wikipedia table (not a 1-1 swap)
2001-04-03,BGG,MIR,,,,,,False,"not evaluated: Wikipedia changes table <85% complete before 2011, so an unexplained 1-1 swap is more likely an unlisted index replacement than a rename"
2001-05-14,SXCL,PBG,,,,,,False,"not evaluated: Wikipedia changes table <85% complete before 2011, so an unexplained 1-1 swap is more likely an unlisted index replacement than a rename"
2001-06-04,CIT-A,MWW,,,,,,False,"not evaluated: Wikipedia changes table <85% complete before 2011, so an unexplained 1-1 swap is more likely an unlisted index replacement than a rename"
2001-06-25,AZA-A,ZION,,,,,,False,"not evaluated: Wikipedia changes table <85% complete before 2011, so an unexplained 1-1 swap is more likely an unlisted index replacement than a rename"
2001-06-29,H,JHF,,,,,,False,"not evaluated: Wikipedia changes table <85% complete before 2011, so an unexplained 1-1 swap is more likely an unlisted index replacement than a rename"
2001-07-02,LDG,COL,,,,,,False,"not evaluated: Wikipedia changes table <85% complete before 2011, so an unexplained 1-1 swap is more likely an unlisted index replacement than a rename"
2001-07-09,PCH,AWE,,,,,,False,"not evaluated: Wikipedia changes table <85% complete before 2011, so an unexplained 1-1 swap is more likely an unlisted index replacement than a rename"
2001-08-03,OAT,PMCS,,,,,,False,"not evaluated: Wikipedia changes table <85% complete before 2011, so an unexplained 1-1 swap is more likely an unlisted index replacement than a rename"
2001-08-06,ETS,FDO,,,,,,False,"not evaluated: Wikipedia changes table <85% complete before 2011, so an unexplained 1-1 swap is more likely an unlisted index replacement than a rename"
2001-08-07,TKR,ZBH,,,,,,False,"not evaluated: Wikipedia changes table <85% complete before 2011, so an unexplained 1-1 swap is more likely an unlisted index replacement than a rename"
2001-08-29,AGC,,,,,,,False,unpaired/ambiguous change not explained by Wikipedia table (not a 1-1 swap)
2001-08-30,OKE,ABC;CIEN,,,,,,False,unpaired/ambiguous change not explained by Wikipedia table (not a 1-1 swap)
2001-09-04,BVSN,IGT;XL,,,,,,False,unpaired/ambiguous change not explained by Wikipedia table (not a 1-1 swap)
2001-09-17,TOS,,,,,,,False,unpaired/ambiguous change not explained by Wikipedia table (not a 1-1 swap)
2001-09-21,,IMNX,,,,,,False,unpaired/ambiguous change not explained by Wikipedia table (not a 1-1 swap)
2001-10-10,GX;TX,EOP;TE,,,,,,False,unpaired/ambiguous change not explained by Wikipedia table (not a 1-1 swap)
2001-11-07,GPU,HMA,,,,,,False,"not evaluated: Wikipedia changes table <85% complete before 2011, so an unexplained 1-1 swap is more likely an unlisted index replacement than a rename"
2001-11-30,ENRNQ,NVDA,,,,,,False,"not evaluated: Wikipedia changes table <85% complete before 2011, so an unexplained 1-1 swap is more likely an unlisted index replacement than a rename"
2001-12-03,NSI,EQR,,,,,,False,"not evaluated: Wikipedia changes table <85% complete before 2011, so an unexplained 1-1 swap is more likely an unlisted index replacement than a rename"
2001-12-13,RAL,,,,,,,False,unpaired/ambiguous change not explained by Wikipedia table (not a 1-1 swap)
2001-12-14,,GENZ,,,,,,False,unpaired/ambiguous change not explained by Wikipedia table (not a 1-1 swap)
2001-12-17,HM,JNY,,,,,,False,"not evaluated: Wikipedia changes table <85% complete before 2011, so an unexplained 1-1 swap is more likely an unlisted index replacement than a rename"
2002-01-02,FMC,WAT,,,,,,False,"not evaluated: Wikipedia changes table <85% complete before 2011, so an unexplained 1-1 swap is more likely an unlisted index replacement than a rename"
2002-01-17,KM,PCL,,,,,,False,"not evaluated: Wikipedia changes table <85% complete before 2011, so an unexplained 1-1 swap is more likely an unlisted index replacement than a rename"
2002-01-30,MEA,,,,,,,False,unpaired/ambiguous change not explained by Wikipedia table (not a 1-1 swap)
2002-02-01,NMK,RATL,,,,,,False,"not evaluated: Wikipedia changes table <85% complete before 2011, so an unexplained 1-1 swap is more likely an unlisted index replacement than a rename"
2002-02-11,WLL,MI,,,,,,False,"not evaluated: Wikipedia changes table <85% complete before 2011, so an unexplained 1-1 swap is more likely an unlisted index replacement than a rename"
2002-05-06,CPQ,FHN,,,,,,False,"not evaluated: Wikipedia changes table <85% complete before 2011, so an unexplained 1-1 swap is more likely an unlisted index replacement than a rename"
2002-05-13,SAPE,TT,,,,,,False,"not evaluated: Wikipedia changes table <85% complete before 2011, so an unexplained 1-1 swap is more likely an unlisted index replacement than a rename"
2002-05-15,UAWGQ;WCOEQ,APOL;BJS,,,,,,False,unpaired/ambiguous change not explained by Wikipedia table (not a 1-1 swap)
2002-06-26,CNXT,SPG,,,,,,False,"not evaluated: Wikipedia changes table <85% complete before 2011, so an unexplained 1-1 swap is more likely an unlisted index replacement than a rename"
2002-07-16,IMNX,,,,,,,False,unpaired/ambiguous change not explained by Wikipedia table (not a 1-1 swap)
2002-07-17,,NFB,,,,,,False,unpaired/ambiguous change not explained by Wikipedia table (not a 1-1 swap)
2002-07-22,ABX;AL;INCLF;NRTLQ;PDG;RDS.A;UN,EA;EBAY;GS;PFG;PRU;SDS;UPS,,,,,,False,unpaired/ambiguous change not explained by Wikipedia table (not a 1-1 swap)
2002-07-25,CNC,ANTM,,,,,,False,"not evaluated: Wikipedia changes table <85% complete before 2011, so an unexplained 1-1 swap is more likely an unlisted index replacement than a rename"
2002-08-14,PALM,MON,,,,,,False,"not evaluated: Wikipedia changes table <85% complete before 2011, so an unexplained 1-1 swap is more likely an unlisted index replacement than a rename"
2002-08-21,VTSS,,,,,,,False,unpaired/ambiguous change not explained by Wikipedia table (not a 1-1 swap)
2002-09-03,COC.B,,,,,,,False,unpaired/ambiguous change not explained by Wikipedia table (not a 1-1 swap)
2002-09-04,,RAI,,,,,,False,unpaired/ambiguous change not explained by Wikipedia table (not a 1-1 swap)
2002-12-12,TRW,DGX,,,,,,False,"not evaluated: Wikipedia changes table <85% complete before 2011, so an unexplained 1-1 swap is more likely an unlisted index replacement than a rename"
2003-02-21,RATL,,,,,,,False,unpaired/ambiguous change not explained by Wikipedia table (not a 1-1 swap)
2003-02-24,,AN,,,,,,False,unpaired/ambiguous change not explained by Wikipedia table (not a 1-1 swap)
2003-03-14,AAMRQ,AIV,,,,,,False,"not evaluated: Wikipedia changes table <85% complete before 2011, so an unexplained 1-1 swap is more likely an unlisted index replacement than a rename"
2003-03-21,EHC,MKC,,,,,,False,"not evaluated: Wikipedia changes table <85% complete before 2011, so an unexplained 1-1 swap is more likely an unlisted index replacement than a rename"
2003-03-31,HI,SYMC,,,,,,False,"not evaluated: Wikipedia changes table <85% complete before 2011, so an unexplained 1-1 swap is more likely an unlisted index replacement than a rename"
2003-04-16,PHA,FII,,,,,,False,"not evaluated: Wikipedia changes table <85% complete before 2011, so an unexplained 1-1 swap is more likely an unlisted index replacement than a rename"
2003-07-17,MIR,PLD,,,,,,False,"not evaluated: Wikipedia changes table <85% complete before 2011, so an unexplained 1-1 swap is more likely an unlisted index replacement than a rename"
2003-08-20,MDR,MHS,,,,,,False,"not evaluated: Wikipedia changes table <85% complete before 2011, so an unexplained 1-1 swap is more likely an unlisted index replacement than a rename"
2003-11-13,BGEN,BIIB,,,,,,False,"not evaluated: Wikipedia changes table <85% complete before 2011, so an unexplained 1-1 swap is more likely an unlisted index replacement than a rename"
2004-02-27,CE,MTB,,,,,,False,"not evaluated: Wikipedia changes table <85% complete before 2011, so an unexplained 1-1 swap is more likely an unlisted index replacement than a rename"
2004-03-25,TUP,CMX,,,,,,False,"not evaluated: Wikipedia changes table <85% complete before 2011, so an unexplained 1-1 swap is more likely an unlisted index replacement than a rename"
2004-04-01,FBF,ETFC,,,,,,False,"not evaluated: Wikipedia changes table <85% complete before 2011, so an unexplained 1-1 swap is more likely an unlisted index replacement than a rename"
2004-04-02,,ACS,,,,,,False,unpaired/ambiguous change not explained by Wikipedia table (not a 1-1 swap)
2004-04-23,PCS,MYL,,,,,,False,"not evaluated: Wikipedia changes table <85% complete before 2011, so an unexplained 1-1 swap is more likely an unlisted index replacement than a rename"
2004-04-29,JHF,VLO,,,,,,False,"not evaluated: Wikipedia changes table <85% complete before 2011, so an unexplained 1-1 swap is more likely an unlisted index replacement than a rename"
2004-05-03,AM,HSP,,,,,,False,"not evaluated: Wikipedia changes table <85% complete before 2011, so an unexplained 1-1 swap is more likely an unlisted index replacement than a rename"
2004-07-01,ONE;UPC,GILD;SOV,,,,,,False,unpaired/ambiguous change not explained by Wikipedia table (not a 1-1 swap)
2004-08-03,TNB,FSH,,,,,,False,"not evaluated: Wikipedia changes table <85% complete before 2011, so an unexplained 1-1 swap is more likely an unlisted index replacement than a rename"
2004-09-01,CF,TPR,,,,,,False,"not evaluated: Wikipedia changes table <85% complete before 2011, so an unexplained 1-1 swap is more likely an unlisted index replacement than a rename"
2004-10-27,AWE,CITGQ,,,,,,False,"not evaluated: Wikipedia changes table <85% complete before 2011, so an unexplained 1-1 swap is more likely an unlisted index replacement than a rename"
2004-11-01,SOTR,LH,,,,,,False,"not evaluated: Wikipedia changes table <85% complete before 2011, so an unexplained 1-1 swap is more likely an unlisted index replacement than a rename"
2004-12-01,WLP,LLL,,,,,,False,"not evaluated: Wikipedia changes table <85% complete before 2011, so an unexplained 1-1 swap is more likely an unlisted index replacement than a rename"
2004-12-03,WNDXQ,FSL,,,,,,False,"not evaluated: Wikipedia changes table <85% complete before 2011, so an unexplained 1-1 swap is more likely an unlisted index replacement than a rename"
2004-12-20,CR;DLX;WOR,ASN;CBSS;FOXA,,,,,,False,unpaired/ambiguous change not explained by Wikipedia table (not a 1-1 swap)
2004-12-29,PSFT,XTO,,,,,,False,"not evaluated: Wikipedia changes table <85% complete before 2011, so an unexplained 1-1 swap is more likely an unlisted index replacement than a rename"
2005-03-14,PWER,NOV,,,,,,False,"not evaluated: Wikipedia changes table <85% complete before 2011, so an unexplained 1-1 swap is more likely an unlisted index replacement than a rename"
2005-03-28,,SHLD,,,,,,False,unpaired/ambiguous change not explained by Wikipedia table (not a 1-1 swap)
2005-07-05,VRTS,DHI,,,,,,False,"not evaluated: Wikipedia changes table <85% complete before 2011, so an unexplained 1-1 swap is more likely an unlisted index replacement than a rename"
2005-07-22,TOY,WFT,,,,,,False,"not evaluated: Wikipedia changes table <85% complete before 2011, so an unexplained 1-1 swap is more likely an unlisted index replacement than a rename"
2005-08-11,UCL,TSN,,,,,,False,"not evaluated: Wikipedia changes table <85% complete before 2011, so an unexplained 1-1 swap is more likely an unlisted index replacement than a rename"
2005-08-12,SDS,VNO,,,,,,False,"not evaluated: Wikipedia changes table <85% complete before 2011, so an unexplained 1-1 swap is more likely an unlisted index replacement than a rename"
2005-08-15,NXTL,MUR,,,,,,False,"not evaluated: Wikipedia changes table <85% complete before 2011, so an unexplained 1-1 swap is more likely an unlisted index replacement than a rename"
2005-08-19,DALRQ,PSA,,,,,,False,"not evaluated: Wikipedia changes table <85% complete before 2011, so an unexplained 1-1 swap is more likely an unlisted index replacement than a rename"
2005-08-29,MAY,,,,,,,False,unpaired/ambiguous change not explained by Wikipedia table (not a 1-1 swap)
2005-08-30,,CVH,,,,,,False,unpaired/ambiguous change not explained by Wikipedia table (not a 1-1 swap)
2005-10-03,G;PVN,AMP,,,,,,False,unpaired/ambiguous change not explained by Wikipedia table (not a 1-1 swap)
2005-10-04,,LEN,,,,,,False,unpaired/ambiguous change not explained by Wikipedia table (not a 1-1 swap)
2005-10-11,DPHIQ,PDCO,,,,,,False,"not evaluated: Wikipedia changes table <85% complete before 2011, so an unexplained 1-1 swap is more likely an unlisted index replacement than a rename"
2005-12-02,CPNLQ,GNW,,,,,,False,"not evaluated: Wikipedia changes table <85% complete before 2011, so an unexplained 1-1 swap is more likely an unlisted index replacement than a rename"
2005-12-20,GP,SSP,,,,,,False,"not evaluated: Wikipedia changes table <85% complete before 2011, so an unexplained 1-1 swap is more likely an unlisted index replacement than a rename"
2006-01-03,KRB;VSTNQ,VIAB;WFM,,,,,,False,unpaired/ambiguous change not explained by Wikipedia table (not a 1-1 swap)
2006-01-04,MERQ,,,,,,,False,unpaired/ambiguous change not explained by Wikipedia table (not a 1-1 swap)
2006-01-05,,EL,,,,,,False,unpaired/ambiguous change not explained by Wikipedia table (not a 1-1 swap)
2006-02-01,RBK;SEBL,HAR;VRSN,,,,,,False,unpaired/ambiguous change not explained by Wikipedia table (not a 1-1 swap)
2006-02-27,SFA,BRL,,,,,,False,"not evaluated: Wikipedia changes table <85% complete before 2011, so an unexplained 1-1 swap is more likely an unlisted index replacement than a rename"
2006-03-03,DCNAQ,CHK,,,,,,False,"not evaluated: Wikipedia changes table <85% complete before 2011, so an unexplained 1-1 swap is more likely an unlisted index replacement than a rename"
2006-04-03,BR;CIN;JP;MYG,BXP;DF;GOOGL;KIM,,,,,,False,unpaired/ambiguous change not explained by Wikipedia table (not a 1-1 swap)
2006-04-20,CHIR,SNDK,,,,,,False,"not evaluated: Wikipedia changes table <85% complete before 2011, so an unexplained 1-1 swap is more likely an unlisted index replacement than a rename"
2006-04-24,GDT,LM,,,,,,False,"not evaluated: Wikipedia changes table <85% complete before 2011, so an unexplained 1-1 swap is more likely an unlisted index replacement than a rename"
2006-05-18,AMCC,EQ,,,,,,False,"not evaluated: Wikipedia changes table <85% complete before 2011, so an unexplained 1-1 swap is more likely an unlisted index replacement than a rename"
2006-06-06,EC,CBH,,,,,,False,"not evaluated: Wikipedia changes table <85% complete before 2011, so an unexplained 1-1 swap is more likely an unlisted index replacement than a rename"
2006-06-28,KRI,CNX,,,,,,False,"not evaluated: Wikipedia changes table <85% complete before 2011, so an unexplained 1-1 swap is more likely an unlisted index replacement than a rename"
2006-07-18,CTB,WIN,,,,,,False,"not evaluated: Wikipedia changes table <85% complete before 2011, so an unexplained 1-1 swap is more likely an unlisted index replacement than a rename"
2006-08-01,CAR;GTW,H;WYND,,,,,,False,unpaired/ambiguous change not explained by Wikipedia table (not a 1-1 swap)
2006-08-11,KMG,CME,,,,,,False,"not evaluated: Wikipedia changes table <85% complete before 2011, so an unexplained 1-1 swap is more likely an unlisted index replacement than a rename"
2006-10-02,ANDW;GDW,SII;WU,,,,,,False,unpaired/ambiguous change not explained by Wikipedia table (not a 1-1 swap)
2006-11-06,ASO,CELG,,,,,,False,"not evaluated: Wikipedia changes table <85% complete before 2011, so an unexplained 1-1 swap is more likely an unlisted index replacement than a rename"
2006-11-10,FSH;LPX,CBRE;FIS,,,,,,False,unpaired/ambiguous change not explained by Wikipedia table (not a 1-1 swap)
2006-11-17,ACV,CTSH,,,,,,False,"not evaluated: Wikipedia changes table <85% complete before 2011, so an unexplained 1-1 swap is more likely an unlisted index replacement than a rename"
2006-11-20,HCA,BTUUQ,,,,,,False,"not evaluated: Wikipedia changes table <85% complete before 2011, so an unexplained 1-1 swap is more likely an unlisted index replacement than a rename"
2006-12-01,LU;NFB,IAC;STR,,,,,,False,unpaired/ambiguous change not explained by Wikipedia table (not a 1-1 swap)
2006-12-04,FSL,DTV,,,,,,False,"not evaluated: Wikipedia changes table <85% complete before 2011, so an unexplained 1-1 swap is more likely an unlisted index replacement than a rename"
2006-12-20,NAV,TEX,,,,,,False,"not evaluated: Wikipedia changes table <85% complete before 2011, so an unexplained 1-1 swap is more likely an unlisted index replacement than a rename"
2007-01-03,BLS;PTC,SE,,,,,,False,unpaired/ambiguous change not explained by Wikipedia table (not a 1-1 swap)
2007-01-04,,ESV,,,,,,False,unpaired/ambiguous change not explained by Wikipedia table (not a 1-1 swap)
2007-02-01,CMVT,,,,,,,False,unpaired/ambiguous change not explained by Wikipedia table (not a 1-1 swap)
2007-02-02,,RL,,,,,,False,unpaired/ambiguous change not explained by Wikipedia table (not a 1-1 swap)
2007-02-12,EOP,VAR,,,,,,False,"not evaluated: Wikipedia changes table <85% complete before 2011, so an unexplained 1-1 swap is more likely an unlisted index replacement than a rename"
2007-02-15,APCC,HCBK,,,,,,False,"not evaluated: Wikipedia changes table <85% complete before 2011, so an unexplained 1-1 swap is more likely an unlisted index replacement than a rename"
2007-02-22,PGL,TEG,,,,,,False,"not evaluated: Wikipedia changes table <85% complete before 2011, so an unexplained 1-1 swap is more likely an unlisted index replacement than a rename"
2007-03-02,HMA,CHRW,,,,,,False,"not evaluated: Wikipedia changes table <85% complete before 2011, so an unexplained 1-1 swap is more likely an unlisted index replacement than a rename"
2007-03-20,PD,HST,,,,,,False,"not evaluated: Wikipedia changes table <85% complete before 2011, so an unexplained 1-1 swap is more likely an unlisted index replacement than a rename"
2007-03-23,CMX,DDR,,,,,,False,"not evaluated: Wikipedia changes table <85% complete before 2011, so an unexplained 1-1 swap is more likely an unlisted index replacement than a rename"
2007-03-29,UVN,ANF,,,,,,False,"not evaluated: Wikipedia changes table <85% complete before 2011, so an unexplained 1-1 swap is more likely an unlisted index replacement than a rename"
2007-04-02,,MDLZ,,,,,,False,unpaired/ambiguous change not explained by Wikipedia table (not a 1-1 swap)
2007-04-10,H,AIZ,,,,,,False,"not evaluated: Wikipedia changes table <85% complete before 2011, so an unexplained 1-1 swap is more likely an unlisted index replacement than a rename"
2007-05-31,KMI,SUNEQ,,,,,,False,"not evaluated: Wikipedia changes table <85% complete before 2011, so an unexplained 1-1 swap is more likely an unlisted index replacement than a rename"
2007-06-01,MEDI,PCP,,,,,,False,"not evaluated: Wikipedia changes table <85% complete before 2011, so an unexplained 1-1 swap is more likely an unlisted index replacement than a rename"
2007-07-02,MEL;PMCS;SANM,COV;GGP;TEL,,,,,,False,unpaired/ambiguous change not explained by Wikipedia table (not a 1-1 swap)
2007-07-09,DG,ACAS,,,,,,False,"not evaluated: Wikipedia changes table <85% complete before 2011, so an unexplained 1-1 swap is more likely an unlisted index replacement than a rename"
2007-07-12,BMET,AKAM,,,,,,False,"not evaluated: Wikipedia changes table <85% complete before 2011, so an unexplained 1-1 swap is more likely an unlisted index replacement than a rename"
2007-08-27,,JEF,,,,,,False,unpaired/ambiguous change not explained by Wikipedia table (not a 1-1 swap)
2007-09-07,CBSS,MCHP,,,,,,False,"not evaluated: Wikipedia changes table <85% complete before 2011, so an unexplained 1-1 swap is more likely an unlisted index replacement than a rename"
2007-09-27,,ANDV,,,,,,False,unpaired/ambiguous change not explained by Wikipedia table (not a 1-1 swap)
2007-10-08,ASN,NBL,,,,,,False,"not evaluated: Wikipedia changes table <85% complete before 2011, so an unexplained 1-1 swap is more likely an unlisted index replacement than a rename"
2007-10-10,TXU,EXPD,,,,,,False,"not evaluated: Wikipedia changes table <85% complete before 2011, so an unexplained 1-1 swap is more likely an unlisted index replacement than a rename"
2007-10-25,HLT,NYX,,,,,,False,"not evaluated: Wikipedia changes table <85% complete before 2011, so an unexplained 1-1 swap is more likely an unlisted index replacement than a rename"
2007-10-29,BOL,TIE,,,,,,False,"not evaluated: Wikipedia changes table <85% complete before 2011, so an unexplained 1-1 swap is more likely an unlisted index replacement than a rename"
2007-11-09,HCR,POM,,,,,,False,"not evaluated: Wikipedia changes table <85% complete before 2011, so an unexplained 1-1 swap is more likely an unlisted index replacement than a rename"
2007-11-16,TEK,MTW,,,,,,False,"not evaluated: Wikipedia changes table <85% complete before 2011, so an unexplained 1-1 swap is more likely an unlisted index replacement than a rename"
2007-11-19,AT,AMT,,,,,,False,"not evaluated: Wikipedia changes table <85% complete before 2011, so an unexplained 1-1 swap is more likely an unlisted index replacement than a rename"
2007-12-31,TIN,GHC,,,,,,False,"not evaluated: Wikipedia changes table <85% complete before 2011, so an unexplained 1-1 swap is more likely an unlisted index replacement than a rename"
2008-01-02,SNV,TSS,,,,,,False,"not evaluated: Wikipedia changes table <85% complete before 2011, so an unexplained 1-1 swap is more likely an unlisted index replacement than a rename"
2008-01-29,HET,CAM,,,,,,False,"not evaluated: Wikipedia changes table <85% complete before 2011, so an unexplained 1-1 swap is more likely an unlisted index replacement than a rename"
2008-03-31,CBH;CCTYQ,HCP;PM,,,,,,False,unpaired/ambiguous change not explained by Wikipedia table (not a 1-1 swap)
2008-06-02,BSC,ISRG,,,,,,False,"not evaluated: Wikipedia changes table <85% complete before 2011, so an unexplained 1-1 swap is more likely an unlisted index replacement than a rename"
2008-06-06,TT,SWN,,,,,,False,"not evaluated: Wikipedia changes table <85% complete before 2011, so an unexplained 1-1 swap is more likely an unlisted index replacement than a rename"
2008-06-11,ABKFQ,,,,,,,False,unpaired/ambiguous change not explained by Wikipedia table (not a 1-1 swap)
2008-07-01,SSP,SNI,,,,,,False,"not evaluated: Wikipedia changes table <85% complete before 2011, so an unexplained 1-1 swap is more likely an unlisted index replacement than a rename"
2008-07-18,,MA,,,,,,False,unpaired/ambiguous change not explained by Wikipedia table (not a 1-1 swap)
2008-07-31,CCU,DVA,,,,,,False,"not evaluated: Wikipedia changes table <85% complete before 2011, so an unexplained 1-1 swap is more likely an unlisted index replacement than a rename"
2008-08-21,IAC,IVZ,,,,,,False,"not evaluated: Wikipedia changes table <85% complete before 2011, so an unexplained 1-1 swap is more likely an unlisted index replacement than a rename"
2008-08-26,EDS,,,,,,,False,unpaired/ambiguous change not explained by Wikipedia table (not a 1-1 swap)
2008-08-27,,CF,,,,,,False,unpaired/ambiguous change not explained by Wikipedia table (not a 1-1 swap)
2008-09-11,FMCC;FNMA,,,,,,,False,unpaired/ambiguous change not explained by Wikipedia table (not a 1-1 swap)
2008-09-17,LEHMQ,,,,,,,False,unpaired/ambiguous change not explained by Wikipedia table (not a 1-1 swap)
2008-09-23,SAF,,,,,,,False,unpaired/ambiguous change not explained by Wikipedia table (not a 1-1 swap)
2008-09-24,,PXD,,,,,,False,unpaired/ambiguous change not explained by Wikipedia table (not a 1-1 swap)
2008-09-30,WAMUQ;WEN,APH,,,,,,False,unpaired/ambiguous change not explained by Wikipedia table (not a 1-1 swap)
2008-10-02,,FLS,,,,,,False,unpaired/ambiguous change not explained by Wikipedia table (not a 1-1 swap)
2008-10-07,WWY,KDP,,,,,,False,"not evaluated: Wikipedia changes table <85% complete before 2011, so an unexplained 1-1 swap is more likely an unlisted index replacement than a rename"
2008-10-22,DDS,NDAQ,,,,,,False,"not evaluated: Wikipedia changes table <85% complete before 2011, so an unexplained 1-1 swap is more likely an unlisted index replacement than a rename"
2008-10-31,MTG,WEC,,,,,,False,"not evaluated: Wikipedia changes table <85% complete before 2011, so an unexplained 1-1 swap is more likely an unlisted index replacement than a rename"
2008-11-06,TEX,SJM,,,,,,False,"not evaluated: Wikipedia changes table <85% complete before 2011, so an unexplained 1-1 swap is more likely an unlisted index replacement than a rename"
2008-11-11,UIS,,,,,,,False,unpaired/ambiguous change not explained by Wikipedia table (not a 1-1 swap)
2008-11-13,GGP,PBCT,,,,,,False,"not evaluated: Wikipedia changes table <85% complete before 2011, so an unexplained 1-1 swap is more likely an unlisted index replacement than a rename"
2008-11-14,ASH;HPC,WYNN;XRAY,,,,,,False,unpaired/ambiguous change not explained by Wikipedia table (not a 1-1 swap)
2008-11-17,,CEPH,,,,,,False,unpaired/ambiguous change not explained by Wikipedia table (not a 1-1 swap)
2008-11-18,BUD,,,,,,,False,unpaired/ambiguous change not explained by Wikipedia table (not a 1-1 swap)
2008-11-19,,SRCL,,,,,,False,unpaired/ambiguous change not explained by Wikipedia table (not a 1-1 swap)
2008-11-24,ABI,LIFE,,,,,,False,"not evaluated: Wikipedia changes table <85% complete before 2011, so an unexplained 1-1 swap is more likely an unlisted index replacement than a rename"
2008-12-02,KATE,DNB,,,,,,False,"not evaluated: Wikipedia changes table <85% complete before 2011, so an unexplained 1-1 swap is more likely an unlisted index replacement than a rename"
2008-12-05,AW,RSG,,,,,,False,"not evaluated: Wikipedia changes table <85% complete before 2011, so an unexplained 1-1 swap is more likely an unlisted index replacement than a rename"
2008-12-19,RIG,EQT,,,,,,False,"not evaluated: Wikipedia changes table <85% complete before 2011, so an unexplained 1-1 swap is more likely an unlisted index replacement than a rename"
2008-12-23,BRL,MFE,,,,,,False,"not evaluated: Wikipedia changes table <85% complete before 2011, so an unexplained 1-1 swap is more likely an unlisted index replacement than a rename"
2009-01-02,MER;NCC,FLIR;SCG,,,,,,False,unpaired/ambiguous change not explained by Wikipedia table (not a 1-1 swap)
2009-01-06,UST,IRM,,,,,,False,"not evaluated: Wikipedia changes table <85% complete before 2011, so an unexplained 1-1 swap is more likely an unlisted index replacement than a rename"
2009-01-30,SOV,WELL,,,,,,False,"not evaluated: Wikipedia changes table <85% complete before 2011, so an unexplained 1-1 swap is more likely an unlisted index replacement than a rename"
2009-02-26,WFT,DO,,,,,,False,"not evaluated: Wikipedia changes table <85% complete before 2011, so an unexplained 1-1 swap is more likely an unlisted index replacement than a rename"
2009-03-17,,ES,,,,,,False,unpaired/ambiguous change not explained by Wikipedia table (not a 1-1 swap)
2009-03-27,NE,ORLY,,,,,,False,"not evaluated: Wikipedia changes table <85% complete before 2011, so an unexplained 1-1 swap is more likely an unlisted index replacement than a rename"
2009-03-30,DDR,TWC,,,,,,False,"not evaluated: Wikipedia changes table <85% complete before 2011, so an unexplained 1-1 swap is more likely an unlisted index replacement than a rename"
2009-04-02,ROH,DNR,,,,,,False,"not evaluated: Wikipedia changes table <85% complete before 2011, so an unexplained 1-1 swap is more likely an unlisted index replacement than a rename"
2009-06-03,MTLQQ,,,,,,,False,unpaired/ambiguous change not explained by Wikipedia table (not a 1-1 swap)
2009-06-09,,ATGE,,,,,,False,unpaired/ambiguous change not explained by Wikipedia table (not a 1-1 swap)
2009-06-30,,TMUS,,,,,,False,unpaired/ambiguous change not explained by Wikipedia table (not a 1-1 swap)
2009-07-01,EQ;IR,PWR;WDC,,,,,,False,unpaired/ambiguous change not explained by Wikipedia table (not a 1-1 swap)
2009-07-27,CITGQ,RHT,,,,,,False,"not evaluated: Wikipedia changes table <85% complete before 2011, so an unexplained 1-1 swap is more likely an unlisted index replacement than a rename"
2009-09-01,MTW,CFN,,,,,,False,"not evaluated: Wikipedia changes table <85% complete before 2011, so an unexplained 1-1 swap is more likely an unlisted index replacement than a rename"
2009-09-09,CBE,ARG,,,,,,False,"not evaluated: Wikipedia changes table <85% complete before 2011, so an unexplained 1-1 swap is more likely an unlisted index replacement than a rename"
2009-10-16,WYE,FSLR,,,,,,False,"not evaluated: Wikipedia changes table <85% complete before 2011, so an unexplained 1-1 swap is more likely an unlisted index replacement than a rename"
2009-11-06,,BKNG,,,,,,False,unpaired/ambiguous change not explained by Wikipedia table (not a 1-1 swap)
2009-12-21,,LDOS,,,,,,False,unpaired/ambiguous change not explained by Wikipedia table (not a 1-1 swap)
2009-12-23,ESV,ROP,,,,,,False,"not evaluated: Wikipedia changes table <85% complete before 2011, so an unexplained 1-1 swap is more likely an unlisted index replacement than a rename"
2010-01-27,JAVA,,,,,,,False,unpaired/ambiguous change not explained by Wikipedia table (not a 1-1 swap)
2010-01-29,,NRG,,,,,,False,unpaired/ambiguous change not explained by Wikipedia table (not a 1-1 swap)
2010-02-08,ACS,URBN,,,,,,False,"not evaluated: Wikipedia changes table <85% complete before 2011, so an unexplained 1-1 swap is more likely an unlisted index replacement than a rename"
2010-02-16,BNI,BRK-B,,,,,,False,"not evaluated: Wikipedia changes table <85% complete before 2011, so an unexplained 1-1 swap is more likely an unlisted index replacement than a rename"
2010-03-01,PBG,DISCA,,,,,,False,"not evaluated: Wikipedia changes table <85% complete before 2011, so an unexplained 1-1 swap is more likely an unlisted index replacement than a rename"
2010-03-15,BDK,OKE,,,,,,False,"not evaluated: Wikipedia changes table <85% complete before 2011, so an unexplained 1-1 swap is more likely an unlisted index replacement than a rename"
2010-12-20,EKDKQ,,,,,,,False,unpaired/ambiguous change not explained by Wikipedia table (not a 1-1 swap)
2011-01-18,QLGC,NE,QLGC>NE,,False,,,False,"no successor in chain has liquid Yahoo data (>=250 days, >=90% of old member-days after its first bar)"
2011-02-28,,JOY,,,,,,False,unpaired/ambiguous change not explained by Wikipedia table (not a 1-1 swap)
2011-06-02,,ANRZQ,,,,,,False,unpaired/ambiguous change not explained by Wikipedia table (not a 1-1 swap)
2011-07-01,RSHCQ,,,,,,,False,unpaired/ambiguous change not explained by Wikipedia table (not a 1-1 swap)
2011-12-19,SUNEQ,,,,,,,False,unpaired/ambiguous change not explained by Wikipedia table (not a 1-1 swap)
2012-06-29,HSH,,,,,,,False,unpaired/ambiguous change not explained by Wikipedia table (not a 1-1 swap)
2012-10-01,ATGE,,,,,,,False,unpaired/ambiguous change not explained by Wikipedia table (not a 1-1 swap)
2012-10-02,ANRZQ,,,,,,,False,unpaired/ambiguous change not explained by Wikipedia table (not a 1-1 swap)
2012-12-24,,APTV,,,,,,False,unpaired/ambiguous change not explained by Wikipedia table (not a 1-1 swap)
2013-05-01,TMUS,,,,,,,False,unpaired/ambiguous change not explained by Wikipedia table (not a 1-1 swap)
2013-09-23,LDOS,,,,,,,False,unpaired/ambiguous change not explained by Wikipedia table (not a 1-1 swap)
2013-12-23,VIAV,,,,,,,False,unpaired/ambiguous change not explained by Wikipedia table (not a 1-1 swap)
2014-04-03,,GOOG,,,,,,False,unpaired/ambiguous change not explained by Wikipedia table (not a 1-1 swap)
2014-05-01,,UAA,,,,,,False,unpaired/ambiguous change not explained by Wikipedia table (not a 1-1 swap)
2014-09-22,BTUUQ,,,,,,,False,unpaired/ambiguous change not explained by Wikipedia table (not a 1-1 swap)
2015-07-02,MWV,WRK,MWV>WRK>SW,,False,1.0,0.8392554991539763,False,"no successor in chain has liquid Yahoo data (>=250 days, >=90% of old member-days after its first bar)"
2015-11-10,,FCPT,,,,,,False,unpaired/ambiguous change not explained by Wikipedia table (not a 1-1 swap)
2015-11-17,FCPT,,,,,,,False,unpaired/ambiguous change not explained by Wikipedia table (not a 1-1 swap)
2015-12-01,DXC,,,,,,,False,unpaired/ambiguous change not explained by Wikipedia table (not a 1-1 swap)
2016-01-04,,CCEP;CPRI,,,,,,False,unpaired/ambiguous change not explained by Wikipedia table (not a 1-1 swap)
2016-05-31,CCEP,,,,,,,False,unpaired/ambiguous change not explained by Wikipedia table (not a 1-1 swap)
2017-06-19,AABA,,,,,,,False,unpaired/ambiguous change not explained by Wikipedia table (not a 1-1 swap)
2017-08-29,,IQV,,,,,,False,unpaired/ambiguous change not explained by Wikipedia table (not a 1-1 swap)
2018-05-31,WYND,,,,,,,False,unpaired/ambiguous change not explained by Wikipedia table (not a 1-1 swap)
2018-07-02,KDP,,,,,,,False,unpaired/ambiguous change not explained by Wikipedia table (not a 1-1 swap)
2018-09-19,KORS,,,,,,,False,unpaired/ambiguous change not explained by Wikipedia table (not a 1-1 swap)
2018-10-31,PX,,,,,,,False,unpaired/ambiguous change not explained by Wikipedia table (not a 1-1 swap)
2018-11-06,,LIN,,,,,,False,unpaired/ambiguous change not explained by Wikipedia table (not a 1-1 swap)
2019-06-01,HRS,LHX,HRS>LHX,LHX,False,1.0,0.0,True,
2019-08-08,TMK,GL,TMK>GL,GL,False,1.0,0.0,True,
2019-10-18,BHGE,BKR,BHGE>BKR,BKR,False,1.0,0.0,True,
2019-11-05,HCP;SYMC,NLOK;PEAK,,,,,,False,unpaired/ambiguous change not explained by Wikipedia table (not a 1-1 swap)
2019-12-05,CBS,VIAC,CBS>VIAC>PARA>PSKY,PSKY,False,0.7029722720925593,0.0,True,
2019-12-09,BBT,TFC,BBT>TFC,TFC,True,1.0,0.0,False,"old ticker has independent, plausible Yahoo data - not remapped"
2019-12-10,JEC,J,JEC>J,J,False,1.0,0.0,True,
2020-03-03,,TT,,,,,,False,unpaired/ambiguous change not explained by Wikipedia table (not a 1-1 swap)
2020-04-03,UTX,RTX,UTX>RTX,RTX,False,1.0,0.0,True,
2020-09-18,CTL,LUMN,CTL>LUMN,LUMN,False,1.0,0.0,True,
2020-11-17,MYL,VTRS,MYL>VTRS,VTRS,False,1.0,0.0,True,
2021-08-03,LB,BBWI,LB>BBWI,BBWI,True,1.0,0.0,True,
2021-10-04,COG,CTRA,COG>CTRA,,False,,,False,"no successor in chain has liquid Yahoo data (>=250 days, >=90% of old member-days after its first bar)"
2022-02-17,VIAC,PARA,VIAC>PARA>PSKY,PSKY,False,1.0,0.0,True,
2022-05-10,BLL,BALL,BLL>BALL,BALL,False,1.0,0.0,True,
2022-06-09,FB,META,FB>META,META,True,1.0,0.0,True,
2022-06-28,ANTM,ELV,ANTM>ELV,ELV,False,1.0,0.0,True,
2022-11-08,NLOK,GEN,NLOK>GEN,GEN,False,1.0,0.0013192612137203166,True,
2023-05-16,PKI,RVTY,PKI>RVTY,RVTY,False,1.0,0.0,True,
2023-06-07,FISV,FI,FISV>FI,,True,,,False,"old ticker has independent, plausible Yahoo data - not remapped; no successor in chain has liquid Yahoo data (>=250 days, >=90% of old member-days after its first bar)"
2023-07-10,RE,EG,RE>EG,EG,False,1.0,0.0,True,
2023-08-30,ABC,COR,ABC>COR,COR,False,1.0,0.0,True,
2024-03-04,PEAK,DOC,PEAK>DOC,DOC,False,1.0,0.0009199632014719411,True,
2024-03-25,FLT,CPAY,FLT>CPAY,CPAY,False,1.0,0.0,True,
2024-07-08,WRK,SW,WRK>SW,,False,1.0,0.5663872959858844,False,"no successor in chain has liquid Yahoo data (>=250 days, >=90% of old member-days after its first bar)"
2025-08-08,PARA,PSKY,PARA>PSKY,PSKY,True,1.0,0.0,True,
2025-11-11,FI,FISV,FI>FISV,FISV,False,1.0,0.0,True,
2026-01-14,MMC,MRSH,MMC>MRSH,MRSH,False,1.0,0.0,True,
2026-05-21,BK,BNY,BK>BNY,BNY,False,1.0,0.0,True,
2026-06-24,SATS,ECHO,SATS>ECHO,,False,,,False,"no successor in chain has liquid Yahoo data (>=250 days, >=90% of old member-days after its first bar)"
2026-08-18,EQR,VMRK,EQR>VMRK,VMRK,True,1.0,0.0,True,
