successor_cik,successor_name,successor_first_filed,predecessor_cik,predecessor_name,n_matches,evidence,predecessor_first_filed,predecessor_last_filed,depth,co_registrant
1688568,DXC TECHNOLOGY COMPANY,2017-03-31,23082,COMPUTER SCIENCES CORP,4,NetIncomeLoss:CY2016Q2=-21000000; Revenues:CY2016Q2=1930000000; NetCashProvidedByUsedInOperatingActivities:CY2016Q2=50000000; IncomeTaxExpenseBenefit:CY2016Q2=-16000000,2009-08-07,2017-05-26,0,False
1958713,NFT Ltd,2024-05-16,1491487,"Takung Art Co., Ltd",4,NetIncomeLoss:CY2021=-30073511; NetIncomeLoss:CY2022=-10353512; Assets:CY2022Q4I=67751063; StockholdersEquity:CY2020Q4I=5815045,2012-05-17,2023-08-14,0,False
1593538,Navient Corporation,2014-05-09,1032033,SLM CORP,2,Assets:CY2014Q1I=156472000000; StockholdersEquity:CY2014Q1I=5593000000,2009-08-05,2026-07-23,0,False
1895262,Noble Corporation plc,2022-11-03,1458891,Noble Corporation,5,NetIncomeLoss:CY2020=-3978459000; NetIncomeLoss:CY2020Q4I=250228000; Assets:CY2021Q4I=2073442000; StockholdersEquity:CY2019Q4I=3658972000; StockholdersEquity:CY2020Q4I=-311388000,2010-05-07,2022-08-09,0,False
1585364,Perrigo Company plc,2013-11-04,820096,PERRIGO CO,2,NetIncomeLoss:CY2012Q3=105600000; StockholdersEquity:CY2012Q2I=1851000000,2010-11-02,2013-11-04,0,False
1604778,"Qorvo, Inc.",2014-09-12,911160,RF MICRO DEVICES INC,5,NetIncomeLoss:CY2012=-52999000; NetIncomeLoss:CY2013Q2=1561000; Assets:CY2014Q1I=920312000; StockholdersEquity:CY2012Q1I=672331000; StockholdersEquity:CY2014Q1I=676351000,2010-08-11,2014-10-31,0,False
1992243,T1 Energy Inc.,2024-02-29,1844224,FREYR Battery,4,NetIncomeLoss:CY2021=-93378000; NetIncomeLoss:CY2022=-98791000; Assets:CY2022Q4I=827698000; StockholdersEquity:CY2022Q4I=717455000,2021-08-12,2023-11-09,0,False
1770450,XEROX HOLDINGS CORPORATION,2019-11-06,108772,XEROX CORP,4,NetIncomeLoss:CY2017=195000000; NetIncomeLoss:CY2018Q3=89000000; Assets:CY2018Q4I=14874000000; StockholdersEquity:CY2018Q4I=5005000000,2009-08-03,2019-08-06,0,False
1841666,APA CORPORATION,2021-05-07,6769,APACHE CORPORATION,3,Assets:CY2019Q4I=18107000000; Assets:CY2020Q1I=13391000000; StockholdersEquity:CY2020Q4I=-1639000000,2009-08-07,2024-11-07,0,False
1730168,Broadcom Inc.,2018-06-14,1649338,Broadcom Ltd,4,NetIncomeLoss:CY2016=-1739000000; NetIncomeLoss:CY2016Q4=239000000; Assets:CY2017Q3I=54418000000; StockholdersEquity:CY2017Q3I=20285000000,2016-03-10,2018-03-15,0,False
1730168,Broadcom Inc.,2018-06-14,1649345,Broadcom Cayman L.P.,4,NetIncomeLoss:CY2016=-1739000000; OperatingIncomeLoss:CY2016=-409000000; NetCashProvidedByUsedInOperatingActivities:CY2016=3411000000; IncomeTaxExpenseBenefit:CY2016=642000000,2016-03-14,2016-12-23,0,False
1996862,BUNGE GLOBAL SA,2024-02-22,1144519,BUNGE LIMITED,5,NetIncomeLoss:CY2022Q1=688000000; NetIncomeLoss:CY2022Q2=206000000; Assets:CY2021Q4I=23819000000; Assets:CY2022Q4I=24580000000; StockholdersEquity:CY2022Q4I=9224000000,2009-08-10,2023-10-26,0,False
2012383,"BlackRock, Inc.",2024-11-06,1364742,"BlackRock, Inc.",4,NetIncomeLoss:CY2023Q3=1604000000; NetIncomeLoss:CY2024Q1=1573000000; Assets:CY2023Q4I=123211000000; StockholdersEquity:CY2023Q4I=39347000000,2009-08-07,2024-08-06,0,False
1739940,The Cigna Group,2019-02-28,701221,CIGNA CORP,2,Assets:CY2017Q4I=61759000000; StockholdersEquity:CY2017Q4I=13711000000,2009-07-30,2018-11-01,0,False
1666700,"DUPONT DE NEMOURS, INC.",2017-11-06,29915,DOW CHEMICAL CO /DE/,5,NetIncomeLoss:CY2015=7685000000; NetIncomeLoss:CY2016Q1=254000000; Assets:CY2015Q4I=67938000000; Assets:CY2016Q4I=79511000000; StockholdersEquity:CY2016Q4I=25987000000,2009-08-03,2026-07-24,0,False
1744489,WALT DISNEY CO/,2019-05-08,1001039,WALT DISNEY CO/,4,NetIncomeLoss:CY2017=8980000000; NetIncomeLoss:CY2017Q4=4423000000; Assets:CY2018Q3I=98598000000; StockholdersEquity:CY2018Q3I=48773000000,2009-07-30,2019-02-05,0,False
1751788,DOW INC.,2019-05-03,29915,DOW CHEMICAL CO /DE/,2,NetIncomeLoss:CY2018Q1=1342000000; StockholdersEquity:CY2018Q1I=26781000000,2009-08-03,2026-07-24,0,False
1551182,EATON CORPORATION plc,2012-11-14,31277,EATON CORP,2,Assets:CY2011Q4I=17873000000; CashAndCashEquivalentsAtCarryingValue:CY2011Q4I=385000000,2009-08-04,2012-10-31,0,False
2011641,Ferguson Enterprises Inc. /DE/,2024-09-25,1832433,Ferguson plc,5,NetIncomeLoss:CY2022=2122000000; NetIncomeLoss:CY2023=1889000000; Assets:CY2023Q2I=15994000000; StockholdersEquity:CY2021Q2I=5003000000; StockholdersEquity:CY2022Q2I=4665000000,2021-09-28,2024-06-05,0,False
1652044,Alphabet Inc.,2015-10-29,1288776,Google Inc.,3,NetIncomeLoss:CY2014Q3=2739000000; Assets:CY2015Q3I=144281000000; StockholdersEquity:CY2014Q4I=103860000000,2009-08-04,2015-10-29,0,False
1707925,Linde plc,2017-10-30,884905,PRAXAIR INC,3,NetIncomeLoss:CY2016=1500000000; NetIncomeLoss:CY2017Q1=389000000; Assets:CY2017Q4I=20436000000,2009-04-29,2018-11-09,0,False
1613103,Medtronic plc,2015-02-27,64670,MEDTRONIC INC,5,NetIncomeLoss:CY2012=3467000000; NetIncomeLoss:CY2013Q2=953000000; Assets:CY2014Q1I=37943000000; StockholdersEquity:CY2012Q1I=17113000000; StockholdersEquity:CY2013Q1I=18671000000,2009-09-09,2015-02-27,0,False
1835632,"MARVELL TECHNOLOGY, INC",2021-06-09,1058057,MARVELL TECHNOLOGY GROUP LTD,4,NetIncomeLoss:CY2019=1584391000; NetIncomeLoss:CY2020Q1=-113033000; Assets:CY2020Q4I=10764924000; StockholdersEquity:CY2018Q4I=7306410000,2009-09-10,2021-03-16,0,False
1513761,Norwegian Cruise Line Holdings Ltd.,2013-05-08,1318742,NCL CORPORATION LTD.,3,NetIncomeLoss:CY2011=126859000; NetIncomeLoss:CY2012Q1=3284000; Assets:CY2012Q4I=5938427000,2012-03-15,2026-08-03,0,False
2041610,Paramount Skydance Corporation,2025-05-14,813828,Paramount Global,4,NetIncomeLoss:CY2023=-608000000; NetIncomeLoss:CY2024Q3=1000000; Assets:CY2024Q4I=46172000000; StockholdersEquity:CY2024Q4I=16320000000,2009-08-06,2025-07-31,0,False
1757898,STERIS plc,2019-05-30,1624899,STERIS plc,4,NetIncomeLoss:CY2016=109965000; NetIncomeLoss:CY2017Q2=58077000; Assets:CY2018Q1I=5200334000; StockholdersEquity:CY2018Q1I=3205960000,2016-02-09,2019-02-11,0,False
1811074,TEXAS PACIFIC LAND CORPORATION,2021-02-25,97517,TEXAS PACIFIC LAND TRUST,5,NetIncomeLoss:CY2018=209736000; NetIncomeLoss:CY2019Q1=139998000; Assets:CY2019Q4I=598176000; StockholdersEquity:CY2017Q4I=105098000; StockholdersEquity:CY2018Q4I=244691000,2011-08-05,2020-11-05,0,False
1792044,VIATRIS INC.,2020-05-07,1623613,MYLAN II B.V.,4,Assets:CY2019Q4I=31255500000; LiabilitiesAndStockholdersEquity:CY2019Q4I=31255500000; CashAndCashEquivalentsAtCarryingValue:CY2019Q4I=475600000; Liabilities:CY2019Q4I=19371700000,2015-05-08,2020-11-06,0,False
2115436,ExxonMobil Holdings Corp,2026-08-03,34088,Exxon Mobil Corporation,3,NetIncomeLoss:CY2025Q2=7082000000; Assets:CY2025Q4I=448980000000; StockholdersEquity:CY2025Q4I=259386000000,2009-08-05,2026-05-04,0,False
1649338,Broadcom Ltd,2016-03-10,1441634,Avago Technologies LTD,3,NetIncomeLoss:CY2014=263000000; NetIncomeLoss:CY2014Q4=351000000; StockholdersEquity:CY2015Q3I=4714000000,2011-03-10,2015-12-17,1,False
1649345,Broadcom Cayman L.P.,2016-03-14,1441634,Avago Technologies LTD,3,NetIncomeLoss:CY2014=263000000; NetIncomeLoss:CY2014Q4=351000000; StockholdersEquity:CY2015Q3I=4714000000,2011-03-10,2015-12-17,1,False
1649345,Broadcom Cayman L.P.,2016-03-14,1649338,Broadcom Ltd,5,NetIncomeLoss:CY2014=263000000; NetIncomeLoss:CY2014Q4=351000000; Assets:CY2015Q3I=10515000000; StockholdersEquity:CY2015Q3I=4714000000; StockholdersEquity:CY2015Q4I=5121000000,2016-03-10,2018-03-15,1,True
1624899,STERIS plc,2016-02-09,815065,STERIS CORP,4,NetIncomeLoss:CY2013=129442000; NetIncomeLoss:CY2014Q2=24537000; Assets:CY2015Q1I=2097291000; StockholdersEquity:CY2015Q1I=1071632000,2010-08-09,2015-10-30,1,False
