ticker,cboe_close,cboe_prev_close,cboe_last_trade_time,cboe_timestamp,cboe_http,cboe_retrieved_utc,cnbc_last,cnbc_last_time,cnbc_prev_close,cnbc_exchange,cnbc_sharesout,cnbc_mktcap,cnbc_eps_ttm,cnbc_pe,cnbc_feps,cnbc_fpe,cnbc_code,cnbc_retrieved_utc
MMM,169.55,167.52,2026-09-25T15:59:59,2026-09-25 20:23:23,200,2026-09-25T20:24:53Z,169.55,2026-09-25T16:10:00.000-0400,167.52,NYSE,515.72M,87.441B,5.63,30.1,9.25,18.34,0,2026-09-25T20:24:39Z
AOS,58.65,57.7,2026-09-25T15:59:59,2026-09-25 20:23:24,200,2026-09-25T20:24:54Z,58.65,2026-09-25T16:10:00.000-0400,57.7,NYSE,135.91M,7.971B,3.59,16.34,3.9,15.05,0,2026-09-25T20:24:39Z
ABT,101.29,101.07,2026-09-25T15:59:59,2026-09-25 20:23:24,200,2026-09-25T20:24:55Z,101.29,2026-09-25T16:10:00.000-0400,101.07,NYSE,1.73B,175.27B,3.11,32.6,5.8,17.46,0,2026-09-25T20:24:39Z
ABBV,264.34,265.12,2026-09-25T16:00:00,2026-09-25 20:23:24,200,2026-09-25T20:24:56Z,264.34,2026-09-25T16:10:00.000-0400,265.12,NYSE,1.77B,467.12B,3.54,74.76,15.16,17.44,0,2026-09-25T20:24:39Z
ACN,176.11,177.41,2026-09-25T15:59:59,2026-09-25 20:23:25,200,2026-09-25T20:24:57Z,176.11,2026-09-25T16:10:00.000-0400,177.41,NYSE,611.94M,107.769B,12.52,14.06,14.32,12.3,0,2026-09-25T20:24:39Z
ADBE,235.47,238.93,2026-09-25T16:00:00,2026-09-25 20:23:24,200,2026-09-25T20:24:58Z,235.47,2026-09-25T16:00:00.000-0400,238.93,NASDAQ,389.20M,91.645B,17.92,13.14,26.9,8.75,0,2026-09-25T20:24:39Z
AMD,630.63,629.26,2026-09-25T16:00:00,2026-09-25 20:23:25,200,2026-09-25T20:24:58Z,630.63,2026-09-25T16:15:00.000-0400,629.26,NASDAQ,1.63B,1.029T,3.92,160.95,11.17,56.48,0,2026-09-25T20:24:39Z
AES,14.87,14.85,2026-09-25T15:59:59,2026-09-25 20:23:23,200,2026-09-25T20:24:59Z,14.87,2026-09-25T16:10:00.000-0400,14.85,NYSE,713.44M,10.609B,2.68,5.55,2.07,7.2,0,2026-09-25T20:24:39Z
AFL,113.72,114.01,2026-09-25T15:59:59,2026-09-25 20:23:23,200,2026-09-25T20:25:00Z,113.72,2026-09-25T16:10:00.000-0400,114.01,NYSE,501.34M,57.013B,9.33,12.19,7.32,15.54,0,2026-09-25T20:24:39Z
A,172.79,172.84,2026-09-25T15:59:59,2026-09-25 20:23:24,200,2026-09-25T20:25:01Z,172.79,2026-09-25T16:10:00.000-0400,172.84,NYSE,281.93M,48.714B,5.07,34.06,6.56,26.34,0,2026-09-25T20:24:39Z
APD,281.76,284.49,2026-09-25T15:59:59,2026-09-25 20:23:24,200,2026-09-25T20:25:02Z,281.76,2026-09-25T16:10:00.000-0400,284.49,NYSE,222.69M,62.744B,-0.22,-1309.9,14.23,19.8,0,2026-09-25T20:24:39Z
ABNB,157.47,151.39,2026-09-25T15:59:59,2026-09-25 20:23:24,200,2026-09-25T20:25:03Z,157.47,2026-09-25T16:00:00.000-0400,151.39,NASDAQ,589.59M,92.842B,4.4,35.81,5.64,27.93,0,2026-09-25T20:24:39Z
AKAM,113.94,110.41,2026-09-25T15:59:59,2026-09-25 20:23:24,200,2026-09-25T20:25:04Z,113.94,2026-09-25T16:00:00.000-0400,110.41,NASDAQ,143.72M,16.375B,2.77,41.1,6.88,16.56,0,2026-09-25T20:24:39Z
ALB,109.73,108.25,2026-09-25T15:59:59,2026-09-25 20:23:23,200,2026-09-25T20:25:05Z,109.73,2026-09-25T16:10:00.000-0400,108.25,NYSE,118.01M,12.949B,-0.04,-3126.21,9.56,11.48,0,2026-09-25T20:24:39Z
ARE,49.93,50.48,2026-09-25T16:00:00,2026-09-25 20:23:24,200,2026-09-25T20:25:05Z,49.93,2026-09-25T16:10:00.000-0400,50.48,NYSE,174.25M,8.70B,-6.06,-8.24,-0.39,-128.69,0,2026-09-25T20:24:39Z
ALGN,146.78,145.62,2026-09-25T15:59:52,2026-09-25 20:23:24,200,2026-09-25T20:25:06Z,146.78,2026-09-25T16:00:00.000-0400,145.63,NASDAQ,71.04M,10.427B,5.77,25.46,11.83,12.41,0,2026-09-25T20:24:39Z
ALLE,154.47,152.48,2026-09-25T16:00:00,2026-09-25 20:25:00,200,2026-09-25T20:25:07Z,154.47,2026-09-25T16:10:00.000-0400,152.48,NYSE,85.04M,13.136B,7.62,20.27,9.4,16.44,0,2026-09-25T20:24:39Z
LNT,63.6,63.31,2026-09-25T15:59:59,2026-09-25 20:23:23,200,2026-09-25T20:25:08Z,63.6,2026-09-25T16:00:00.000-0400,63.31,NASDAQ,259.28M,16.491B,3.16,20.15,3.53,18.03,0,2026-09-25T20:24:39Z
ALL,227.6,227.17,2026-09-25T15:59:59,2026-09-25 20:24:59,200,2026-09-25T20:25:09Z,227.6,2026-09-25T16:10:00.000-0400,227.17,NYSE,252.86M,57.55B,50.06,4.55,28.38,8.02,0,2026-09-25T20:24:39Z
GOOGL,343.92,342.36,2026-09-25T15:59:59,2026-09-25 20:23:24,200,2026-09-25T20:25:10Z,343.92,2026-09-25T16:00:00.000-0400,342.36,NASDAQ,12.23B,4.135T,19.93,17.26,13.28,25.9,0,2026-09-25T20:24:39Z
GOOG,341.08,339.01,2026-09-25T15:59:59,2026-09-25 20:23:23,200,2026-09-25T20:25:10Z,341.08,2026-09-25T16:00:00.000-0400,339.01,NASDAQ,12.23B,4.135T,19.89,17.15,13.31,25.63,0,2026-09-25T20:24:39Z
MO,68.82,68.88,2026-09-25T15:59:59,2026-09-25 20:23:23,200,2026-09-25T20:25:11Z,68.82,2026-09-25T16:10:00.000-0400,68.88,NYSE,1.67B,114.912B,4.75,14.49,5.76,11.95,0,2026-09-25T20:24:39Z
AMZN,249.67,249.38,2026-09-25T15:59:59,2026-09-25 20:24:59,200,2026-09-25T20:25:12Z,249.67,2026-09-25T16:00:00.000-0400,249.38,NASDAQ,10.79B,2.693T,12.43,20.08,9.3,26.83,0,2026-09-25T20:24:39Z
AMCR,42.51,42.1,2026-09-25T15:59:59,2026-09-25 20:25:00,200,2026-09-25T20:25:13Z,42.51,2026-09-25T16:10:00.000-0400,42.1,NYSE,462.35M,19.654B,2.38,17.83,4.12,10.33,0,2026-09-25T20:24:39Z
AEE,99.39,99.2,2026-09-25T15:59:59,2026-09-25 20:24:59,200,2026-09-25T20:25:14Z,99.39,2026-09-25T16:10:00.000-0400,99.2,NYSE,276.84M,27.515B,5.68,17.5,5.52,18.01,0,2026-09-25T20:24:39Z
AEP,118.35,117.57,2026-09-25T15:59:59,2026-09-25 20:24:59,200,2026-09-25T20:25:15Z,118.35,2026-09-25T16:00:00.000-0400,117.57,NASDAQ,544.40M,64.429B,5.78,20.49,6.66,17.78,0,2026-09-25T20:24:39Z
AXP,308.89,305.66,2026-09-25T16:00:00,2026-09-25 20:25:01,200,2026-09-25T20:25:15Z,308.89,2026-09-25T16:10:00.000-0400,305.66,NYSE,675.31M,208.596B,16.47,18.76,18.63,16.58,0,2026-09-25T20:24:39Z
AIG,74.17,74.82,2026-09-25T15:59:59,2026-09-25 20:25:00,200,2026-09-25T20:25:16Z,74.17,2026-09-25T16:10:00.000-0400,74.82,NYSE,522.89M,38.783B,5.46,13.59,8.38,8.85,0,2026-09-25T20:24:39Z
AMT,169.03,167.26,2026-09-25T15:59:59,2026-09-25 20:25:00,200,2026-09-25T20:25:17Z,169.03,2026-09-25T16:10:00.000-0400,167.26,NYSE,465.96M,78.761B,7.27,23.24,6.84,24.73,0,2026-09-25T20:24:39Z
AWK,130.91,131.53,2026-09-25T15:59:59,2026-09-25 20:25:00,200,2026-09-25T20:25:18Z,130.91,2026-09-25T16:10:00.000-0400,131.53,NYSE,198.73M,26.016B,5.78,22.66,5.98,21.88,0,2026-09-25T20:24:39Z
AMP,493.0,485.15,2026-09-25T15:59:59,2026-09-25 20:25:01,200,2026-09-25T20:25:19Z,493.0,2026-09-25T16:10:00.000-0400,485.15,NYSE,88.33M,43.548B,41.48,11.89,48.98,10.07,0,2026-09-25T20:24:39Z
AME,250.74,247.74,2026-09-25T16:00:00,2026-09-25 20:25:00,200,2026-09-25T20:25:20Z,250.74,2026-09-25T16:10:00.000-0400,247.74,NYSE,229.26M,57.485B,6.84,36.65,8.73,28.72,0,2026-09-25T20:24:39Z
AMGN,414.61,406.04,2026-09-25T15:59:59,2026-09-25 20:34:37,200,2026-09-25T20:36:08Z,414.61,2026-09-25T16:00:00.000-0400,406.04,NASDAQ,540.63M,224.151B,16.1,25.75,23.5,17.65,0,2026-09-25T20:24:39Z
APH,84.09,83.08,2026-09-25T15:59:59,2026-09-25 20:34:36,200,2026-09-25T20:36:10Z,84.09,2026-09-25T16:10:00.000-0400,83.08,NYSE,2.47B,207.363B,2.0,42.1,2.93,28.73,0,2026-09-25T20:24:39Z
ADI,393.6,382.61,2026-09-25T15:59:59,2026-09-25 20:24:59,200,2026-09-25T20:26:23Z,393.6,2026-09-25T16:00:00.000-0400,382.61,NASDAQ,484.57M,190.725B,8.73,45.08,16.13,24.4,0,2026-09-25T20:24:39Z
AON,277.99,276.09,2026-09-25T15:59:59,2026-09-25 20:25:00,200,2026-09-25T20:26:24Z,277.99,2026-09-25T16:10:00.000-0400,276.09,NYSE,212.13M,58.969B,18.14,15.33,19.55,14.22,0,2026-09-25T20:24:39Z
APA,42.74,43.68,2026-09-25T15:59:59,2026-09-25 20:24:59,200,2026-09-25T20:26:25Z,42.74,2026-09-25T16:00:00.000-0400,43.68,NASDAQ,350.35M,14.974B,4.73,9.03,4.93,8.67,0,2026-09-25T20:24:39Z
APO,121.69,120.69,2026-09-25T15:59:59,2026-09-25 20:25:00,200,2026-09-25T20:26:26Z,121.69,2026-09-25T16:10:00.000-0400,120.69,NYSE,590.54M,71.863B,2.7,45.15,9.84,12.37,0,2026-09-25T20:24:39Z
AAPL,341.07,335.92,2026-09-25T16:00:00,2026-09-25 20:25:01,200,2026-09-25T20:26:27Z,341.07,2026-09-25T16:00:00.000-0400,335.92,NASDAQ,14.59B,4.978T,8.69,39.25,9.26,36.83,0,2026-09-25T20:24:39Z
AMAT,485.0,474.25,2026-09-25T15:59:59,2026-09-25 20:24:59,200,2026-09-25T20:26:28Z,485.0,2026-09-25T16:00:00.000-0400,474.25,NASDAQ,793.60M,384.895B,11.59,41.83,17.72,27.37,0,2026-09-25T20:24:39Z
APP,310.75,312.47,2026-09-25T16:00:00,2026-09-25 20:25:00,200,2026-09-25T20:26:29Z,310.75,2026-09-25T16:00:00.000-0400,312.47,NASDAQ,334.65M,103.993B,13.01,23.88,17.98,17.29,0,2026-09-25T20:24:40Z
APTV,44.79,43.58,2026-09-25T15:59:59,2026-09-25 20:25:00,200,2026-09-25T20:26:29Z,44.79,2026-09-25T16:10:00.000-0400,43.58,NYSE,207.63M,9.30B,1.29,34.7,6.12,7.32,0,2026-09-25T20:24:40Z
ACGL,94.66,95.02,2026-09-25T15:59:59,2026-09-25 20:25:00,200,2026-09-25T20:26:30Z,94.66,2026-09-25T16:00:00.000-0400,95.02,NASDAQ,341.23M,32.301B,12.8,7.4,9.45,10.01,0,2026-09-25T20:24:40Z
ADM,81.12,81.88,2026-09-25T15:59:59,2026-09-25 20:24:59,200,2026-09-25T20:26:31Z,81.12,2026-09-25T16:10:00.000-0400,81.88,NYSE,481.96M,39.097B,3.65,22.21,5.96,13.62,0,2026-09-25T20:24:40Z
ARES,122.01,120.11,2026-09-25T15:59:59,2026-09-25 20:25:00,200,2026-09-25T20:26:32Z,122.01,2026-09-25T16:10:00.000-0400,120.11,NYSE,330.28M,40.297B,2.19,55.63,6.54,18.65,0,2026-09-25T20:24:40Z
ANET,206.55,205.7,2026-09-25T15:59:59,2026-09-25 20:25:01,200,2026-09-25T20:26:33Z,206.55,2026-09-25T16:10:00.000-0400,205.7,NYSE,1.26B,260.506B,3.17,65.14,4.64,44.55,0,2026-09-25T20:24:40Z
AJG,231.1,227.13,2026-09-25T15:59:59,2026-09-25 20:25:01,200,2026-09-25T20:26:34Z,231.1,2026-09-25T16:10:00.000-0400,227.13,NYSE,256.30M,59.231B,6.05,38.21,14.06,16.43,0,2026-09-25T20:24:40Z
AIZ,265.0,261.86,2026-09-25T15:59:59,2026-09-25 20:25:00,200,2026-09-25T20:26:34Z,265.0,2026-09-25T16:10:00.000-0400,261.86,NYSE,49.32M,13.071B,23.44,11.31,22.32,11.87,0,2026-09-25T20:24:40Z
T,25.38,25.45,2026-09-25T15:59:59,2026-09-25 20:25:00,200,2026-09-25T20:26:35Z,25.38,2026-09-25T16:10:00.000-0400,25.45,NYSE,6.85B,173.914B,3.03,8.38,2.4,10.56,0,2026-09-25T20:24:40Z
ATO,157.21,156.42,2026-09-25T15:59:59,2026-09-25 20:25:01,200,2026-09-25T20:26:36Z,157.21,2026-09-25T16:10:00.000-0400,156.42,NYSE,168.99M,26.567B,8.42,18.68,8.95,17.56,0,2026-09-25T20:24:40Z
ADSK,209.4,211.35,2026-09-25T15:59:59,2026-09-25 20:25:00,200,2026-09-25T20:26:37Z,209.4,2026-09-25T16:00:00.000-0400,211.35,NASDAQ,209.00M,43.765B,7.71,27.15,13.0,16.11,0,2026-09-25T20:24:40Z
ADP,263.67,263.11,2026-09-25T15:59:59,2026-09-25 20:25:00,200,2026-09-25T20:26:38Z,263.67,2026-09-25T16:00:00.000-0400,263.11,NASDAQ,397.26M,104.746B,10.94,24.1,12.26,21.51,0,2026-09-25T20:24:40Z
AZO,2872.1599,2861.75,2026-09-25T15:59:59,2026-09-25 20:25:01,200,2026-09-25T20:26:39Z,2872.16,2026-09-25T16:10:00.000-0400,2861.75,NYSE,16.17M,46.451B,152.55,18.83,169.63,16.93,0,2026-09-25T20:24:40Z
AVY,170.34,169.01,2026-09-25T16:00:00,2026-09-25 20:25:01,200,2026-09-25T20:26:40Z,170.34,2026-09-25T16:10:00.000-0400,169.01,NYSE,75.79M,12.91B,9.14,18.64,10.49,16.24,0,2026-09-25T20:24:40Z
AXON,430.11,445.0,2026-09-25T15:59:58,2026-09-25 20:25:01,200,2026-09-25T20:26:40Z,430.11,2026-09-25T16:00:00.000-0400,445.0,NASDAQ,81.24M,34.941B,2.41,178.13,8.95,48.07,0,2026-09-25T20:24:40Z
BKR,57.83,57.29,2026-09-25T15:59:59,2026-09-25 20:25:00,200,2026-09-25T20:26:41Z,57.83,2026-09-25T16:00:00.000-0400,57.29,NASDAQ,992.67M,57.406B,3.11,18.58,2.67,21.7,0,2026-09-25T20:24:40Z
BALL,56.83,56.66,2026-09-25T15:59:59,2026-09-25 20:24:59,200,2026-09-25T20:26:42Z,56.83,2026-09-25T16:10:00.000-0400,56.66,NYSE,264.70M,15.043B,3.51,16.2,4.2,13.52,0,2026-09-25T20:24:40Z
BAC,56.7,56.03,2026-09-25T15:59:59,2026-09-25 20:25:00,200,2026-09-25T20:26:43Z,56.7,2026-09-25T16:10:00.000-0400,56.03,NYSE,6.99B,396.489B,4.32,13.13,4.91,11.56,0,2026-09-25T20:24:40Z
BAX,23.37,23.48,2026-09-25T15:59:59,2026-09-25 20:34:37,200,2026-09-25T20:36:12Z,23.37,2026-09-25T16:10:00.000-0400,23.48,NYSE,517.00M,12.082B,-1.89,-12.37,2.13,11.0,0,2026-09-25T20:24:40Z
BDX,183.82,179.23,2026-09-25T15:59:59,2026-09-25 20:34:36,200,2026-09-25T20:36:15Z,183.82,2026-09-25T16:10:00.000-0400,179.23,NYSE,272.39M,50.07B,4.56,40.35,13.15,13.98,0,2026-09-25T20:24:40Z
BRK-B,505.48,505.18,2026-09-25T16:00:00,2026-09-25 20:26:36,200,2026-09-25T20:27:45Z,505.48,2026-09-25T16:10:00.000-0400,505.18,NYSE,2.14B,1.091T,39.77,12.71,10.74,47.07,0,2026-09-25T20:24:40Z
BBY,90.51,91.0,2026-09-25T15:59:59,2026-09-25 20:26:36,200,2026-09-25T20:27:45Z,90.51,2026-09-25T16:10:00.000-0400,91.0,NYSE,209.73M,18.982B,6.02,15.03,7.04,12.85,0,2026-09-25T20:24:40Z
TECH,72.61,72.57,2026-09-25T15:59:59,2026-09-25 20:25:00,200,2026-09-25T20:27:46Z,72.61,2026-09-25T16:00:00.000-0400,72.57,NASDAQ,156.82M,11.387B,1.16,62.7,2.05,35.39,0,2026-09-25T20:24:40Z
BIIB,227.6,226.36,2026-09-25T15:59:59,2026-09-25 20:26:36,200,2026-09-25T20:27:47Z,227.6,2026-09-25T16:00:00.000-0400,226.36,NASDAQ,147.75M,33.629B,5.65,40.31,13.23,17.2,0,2026-09-25T20:24:40Z
BLK,1086.3101,1073.45,2026-09-25T15:59:59,2026-09-25 20:26:36,200,2026-09-25T20:27:48Z,1086.31,2026-09-25T16:10:00.000-0400,1073.45,NYSE,162.48M,176.50B,39.86,27.26,59.78,18.17,0,2026-09-25T20:24:40Z
BX,118.42,117.21,2026-09-25T15:59:59,2026-09-25 20:26:36,200,2026-09-25T20:27:49Z,118.42,2026-09-25T16:10:00.000-0400,117.21,NYSE,1.19B,141.453B,4.46,26.54,6.45,18.35,0,2026-09-25T20:24:40Z
XYZ,76.42,76.74,2026-09-25T16:00:00,2026-09-25 20:25:01,200,2026-09-25T20:27:50Z,76.42,2026-09-25T16:10:00.000-0400,76.74,NYSE,600.80M,45.913B,0.56,136.83,4.58,16.68,0,2026-09-25T20:24:40Z
BE,288.7,266.65,2026-09-25T15:59:59,2026-09-25 20:26:36,200,2026-09-25T20:27:51Z,288.7,2026-09-25T16:10:00.000-0400,266.65,NYSE,294.53M,85.03B,0.74,388.61,3.64,79.29,0,2026-09-25T20:24:40Z
BNY,150.15,150.19,2026-09-25T16:00:00,2026-09-25 20:26:36,200,2026-09-25T20:27:51Z,150.15,2026-09-25T16:10:00.000-0400,150.19,NYSE,678.50M,101.877B,8.59,17.48,9.58,15.68,0,2026-09-25T20:24:40Z
BA,198.07,196.8,2026-09-25T16:00:00,2026-09-25 20:26:37,200,2026-09-25T20:27:52Z,198.07,2026-09-25T16:10:00.000-0400,196.8,NYSE,790.37M,156.549B,2.52,78.53,1.11,177.8,0,2026-09-25T20:24:40Z
BKNG,163.95,157.41,2026-09-25T15:59:59,2026-09-25 20:26:36,200,2026-09-25T20:27:53Z,163.95,2026-09-25T16:00:00.000-0400,157.41,NASDAQ,751.38M,123.189B,9.04,18.13,11.1,14.78,0,2026-09-25T20:24:40Z
BSX,43.92,44.68,2026-09-25T15:59:59,2026-09-25 20:26:36,200,2026-09-25T20:27:54Z,43.92,2026-09-25T16:10:00.000-0400,44.68,NYSE,1.45B,63.65B,2.47,17.81,3.25,13.52,0,2026-09-25T20:24:40Z
BMY,62.86,61.5,2026-09-25T15:59:59,2026-09-25 20:26:36,200,2026-09-25T20:27:55Z,62.86,2026-09-25T16:10:00.000-0400,61.5,NYSE,2.04B,128.405B,4.54,13.84,6.43,9.78,0,2026-09-25T20:24:40Z
AVGO,352.81,350.36,2026-09-25T16:00:00,2026-09-25 20:26:37,200,2026-09-25T20:27:56Z,352.81,2026-09-25T16:00:00.000-0400,350.36,NASDAQ,4.77B,1.684T,7.83,45.06,17.28,20.42,0,2026-09-25T20:24:40Z
BR,163.77,162.66,2026-09-25T15:59:59,2026-09-25 20:26:37,200,2026-09-25T20:27:57Z,163.77,2026-09-25T16:10:00.000-0400,162.66,NYSE,114.02M,18.673B,9.63,17.02,10.56,15.52,0,2026-09-25T20:24:40Z
BRO,60.82,60.33,2026-09-25T15:59:59,2026-09-25 20:26:36,200,2026-09-25T20:27:57Z,60.82,2026-09-25T16:10:00.000-0400,60.33,NYSE,334.61M,20.351B,3.54,17.16,4.61,13.2,0,2026-09-25T20:24:40Z
BF-B,26.16,26.0,2026-09-25T15:59:59,2026-09-25 20:26:37,200,2026-09-25T20:27:58Z,26.16,2026-09-25T16:10:00.000-0400,26.0,NYSE,458.86M,12.455B,1.55,16.86,1.71,15.33,0,2026-09-25T20:24:40Z
BG,109.0,110.21,2026-09-25T16:00:00,2026-09-25 20:26:36,200,2026-09-25T20:27:59Z,109.0,2026-09-25T16:10:00.000-0400,110.21,NYSE,192.12M,20.941B,5.16,21.14,10.6,10.29,0,2026-09-25T20:24:40Z
BXP,63.4,62.27,2026-09-25T15:59:59,2026-09-25 20:26:37,200,2026-09-25T20:28:00Z,63.4,2026-09-25T16:10:00.000-0400,62.27,NYSE,159.66M,10.123B,1.88,33.71,2.13,29.72,0,2026-09-25T20:24:40Z
CHRW,147.1,146.2,2026-09-25T15:59:59,2026-09-25 20:26:36,200,2026-09-25T20:28:01Z,147.1,2026-09-25T16:00:00.000-0400,146.2,NASDAQ,116.85M,17.189B,5.24,28.08,6.92,21.25,0,2026-09-25T20:24:40Z
CDNS,326.13,322.0,2026-09-25T15:59:59,2026-09-25 20:26:37,200,2026-09-25T20:28:03Z,326.13,2026-09-25T16:00:00.000-0400,322.0,NASDAQ,275.39M,89.814B,5.03,64.88,8.58,38.03,0,2026-09-25T20:24:41Z
CPT,98.12,97.41,2026-09-25T16:00:00,2026-09-25 20:26:36,200,2026-09-25T20:28:03Z,98.12,2026-09-25T16:10:00.000-0400,97.41,NYSE,100.54M,9.865B,3.03,32.37,1.24,79.0,0,2026-09-25T20:24:41Z
COF,200.2,196.61,2026-09-25T15:59:59,2026-09-25 20:26:36,200,2026-09-25T20:28:04Z,200.2,2026-09-25T16:10:00.000-0400,196.61,NYSE,613.48M,122.82B,15.56,12.87,21.76,9.2,0,2026-09-25T20:24:41Z
CAH,220.22,222.62,2026-09-25T15:59:59,2026-09-25 20:26:37,200,2026-09-25T20:28:05Z,220.22,2026-09-25T16:10:00.000-0400,222.62,NYSE,231.56M,50.994B,7.24,30.4,12.54,17.56,0,2026-09-25T20:24:41Z
CCL,22.25,21.79,2026-09-25T15:59:59,2026-09-25 20:26:37,200,2026-09-25T20:28:06Z,22.25,2026-09-25T16:10:00.000-0400,21.79,NYSE,1.37B,30.475B,2.25,9.89,2.24,9.96,0,2026-09-25T20:24:41Z
CARR,56.37,54.87,2026-09-25T16:00:00,2026-09-25 20:26:36,200,2026-09-25T20:28:07Z,56.37,2026-09-25T16:10:00.000-0400,54.87,NYSE,824.33M,46.467B,1.39,40.57,3.07,18.37,0,2026-09-25T20:24:41Z
CVNA,65.06,64.18,2026-09-25T15:59:59,2026-09-25 20:26:36,200,2026-09-25T20:28:08Z,65.06,2026-09-25T16:10:00.000-0400,64.18,NYSE,1.10B,71.596B,1.73,37.66,2.1,31.05,0,2026-09-25T20:24:41Z
CASY,598.46,598.85,2026-09-25T15:59:59,2026-09-25 20:26:37,200,2026-09-25T20:28:09Z,598.46,2026-09-25T16:00:00.000-0400,598.85,NASDAQ,36.96M,22.119B,20.77,28.81,21.17,28.27,0,2026-09-25T20:24:41Z
CAT,821.58,805.25,2026-09-25T16:00:00,2026-09-25 20:26:37,200,2026-09-25T20:28:09Z,821.58,2026-09-25T16:10:00.000-0400,805.25,NYSE,459.67M,377.66B,23.25,35.34,28.75,28.58,0,2026-09-25T20:24:41Z
CBOE,258.03,267.57,2026-09-25T15:59:59,2026-09-25 20:26:37,200,2026-09-25T20:28:10Z,258.03,2026-09-25T16:10:00.000-0400,267.57,CBOE,104.43M,26.946B,1.95,132.3,14.45,17.86,0,2026-09-25T20:24:41Z
CBRE,134.55,136.53,2026-09-25T15:59:59,2026-09-25 20:26:37,200,2026-09-25T20:28:11Z,134.55,2026-09-25T16:10:00.000-0400,136.53,NYSE,289.58M,38.962B,4.36,30.85,8.1,16.62,0,2026-09-25T20:24:41Z
CDW,135.43,139.46,2026-09-25T15:59:59,2026-09-25 20:26:37,200,2026-09-25T20:28:12Z,135.43,2026-09-25T16:00:00.000-0400,139.46,NASDAQ,125.02M,16.931B,8.32,16.28,11.4,11.88,0,2026-09-25T20:24:41Z
COR,306.92,309.87,2026-09-25T15:59:55,2026-09-25 20:26:37,200,2026-09-25T20:28:13Z,306.92,2026-09-25T16:10:00.000-0400,309.87,NYSE,190.83M,58.569B,13.45,22.82,19.29,15.91,0,2026-09-25T20:24:41Z
CNC,61.82,61.92,2026-09-25T15:59:59,2026-09-25 20:26:37,200,2026-09-25T20:28:14Z,61.82,2026-09-25T16:10:00.000-0400,61.92,NYSE,494.00M,30.539B,-10.44,-5.92,4.91,12.6,0,2026-09-25T20:24:41Z
CNP,36.84,36.82,2026-09-25T15:59:59,2026-09-25 20:26:37,200,2026-09-25T20:28:15Z,36.84,2026-09-25T16:10:00.000-0400,36.82,NYSE,658.72M,24.267B,1.7,21.7,2.01,18.31,0,2026-09-25T20:24:41Z
CF,114.67,118.44,2026-09-25T15:59:59,2026-09-25 20:34:37,200,2026-09-25T20:36:18Z,114.67,2026-09-25T16:10:00.000-0400,118.44,NYSE,151.34M,17.354B,13.49,8.5,12.26,9.35,0,2026-09-25T20:24:41Z
CRL,292.84,294.44,2026-09-25T15:59:59,2026-09-25 20:34:36,200,2026-09-25T20:36:20Z,292.84,2026-09-25T16:10:00.000-0400,294.44,NYSE,47.74M,13.98B,-4.85,-60.35,12.35,23.71,0,2026-09-25T20:24:41Z
SCHW,99.03,99.49,2026-09-25T15:59:59,2026-09-25 20:26:37,200,2026-09-25T20:29:18Z,99.03,2026-09-25T16:10:00.000-0400,99.49,NYSE,1.73B,171.256B,5.5,17.99,7.23,13.7,0,2026-09-25T20:24:41Z
CHTR,112.91,117.55,2026-09-25T15:59:59,2026-09-25 20:28:14,200,2026-09-25T20:29:19Z,112.91,2026-09-25T16:00:00.000-0400,117.55,NASDAQ,114.58M,12.937B,38.53,2.93,43.06,2.62,0,2026-09-25T20:24:41Z
CVX,204.45,205.65,2026-09-25T15:59:59,2026-09-25 20:28:12,200,2026-09-25T20:29:20Z,204.45,2026-09-25T16:10:00.000-0400,205.65,NYSE,1.98B,403.946B,10.43,19.6,16.23,12.6,0,2026-09-25T20:24:41Z
CMG,31.33,32.01,2026-09-25T15:59:59,2026-09-25 20:28:13,200,2026-09-25T20:29:21Z,31.33,2026-09-25T16:10:00.000-0400,32.01,NYSE,1.27B,39.646B,1.08,28.9,1.27,24.67,0,2026-09-25T20:24:41Z
CB,333.37,334.84,2026-09-25T16:00:00,2026-09-25 20:28:13,200,2026-09-25T20:29:22Z,333.37,2026-09-25T16:10:00.000-0400,334.84,NYSE,385.80M,128.614B,28.26,11.8,28.0,11.91,0,2026-09-25T20:24:41Z
CHD,96.38,95.33,2026-09-25T15:59:59,2026-09-25 20:28:13,200,2026-09-25T20:29:23Z,96.38,2026-09-25T16:10:00.000-0400,95.33,NYSE,237.20M,22.862B,3.11,31.01,3.91,24.67,0,2026-09-25T20:24:41Z
CIEN,356.91,358.43,2026-09-25T16:00:00,2026-09-25 20:28:13,200,2026-09-25T20:29:24Z,356.91,2026-09-25T16:10:00.000-0400,358.43,NYSE,141.81M,50.613B,4.48,79.64,10.41,34.3,0,2026-09-25T20:24:41Z
CI,272.01,265.5,2026-09-25T15:59:55,2026-09-25 20:28:12,200,2026-09-25T20:29:24Z,272.01,2026-09-25T16:10:00.000-0400,265.5,NYSE,264.24M,71.876B,24.13,11.27,31.64,8.6,0,2026-09-25T20:24:41Z
CINF,162.57,162.33,2026-09-25T15:59:56,2026-09-25 20:28:13,200,2026-09-25T20:29:25Z,162.54,2026-09-25T16:00:00.000-0400,162.33,NASDAQ,153.48M,24.946B,21.21,7.66,8.74,18.6,0,2026-09-25T20:24:41Z
CTAS,199.91,197.68,2026-09-25T15:59:59,2026-09-25 20:28:12,200,2026-09-25T20:29:26Z,199.91,2026-09-25T16:00:00.000-0400,197.68,NASDAQ,399.52M,79.867B,5.07,39.41,5.71,35.03,0,2026-09-25T20:24:41Z
CSCO,106.7,106.97,2026-09-25T15:59:59,2026-09-25 20:28:13,200,2026-09-25T20:29:27Z,106.7,2026-09-25T16:00:00.000-0400,106.97,NASDAQ,3.94B,420.674B,3.33,32.06,5.12,20.83,0,2026-09-25T20:24:41Z
C,134.28,132.1,2026-09-25T16:00:00,2026-09-25 20:28:13,200,2026-09-25T20:29:28Z,134.28,2026-09-25T16:10:00.000-0400,132.1,NYSE,1.68B,225.246B,9.27,14.49,11.62,11.56,0,2026-09-25T20:24:41Z
CFG,65.53,64.73,2026-09-25T15:59:59,2026-09-25 20:28:13,200,2026-09-25T20:29:29Z,65.53,2026-09-25T16:10:00.000-0400,64.73,NYSE,421.18M,27.60B,4.61,14.23,5.9,11.1,0,2026-09-25T20:24:41Z
CLX,83.8,81.8,2026-09-25T15:59:59,2026-09-25 20:28:13,200,2026-09-25T20:29:30Z,83.8,2026-09-25T16:10:00.000-0400,81.8,NYSE,120.93M,10.134B,4.81,17.42,5.79,14.47,0,2026-09-25T20:24:41Z
CME,264.48,268.91,2026-09-25T15:59:59,2026-09-25 20:28:12,200,2026-09-25T20:29:30Z,264.48,2026-09-25T16:00:00.000-0400,268.91,NASDAQ,359.58M,95.101B,11.83,22.36,12.41,21.32,0,2026-09-25T20:24:41Z
CMS,62.95,62.77,2026-09-25T15:59:59,2026-09-25 20:28:13,200,2026-09-25T20:29:31Z,62.95,2026-09-25T16:10:00.000-0400,62.77,NYSE,313.58M,19.74B,3.32,18.96,4.13,15.26,0,2026-09-25T20:24:41Z
KO,87.81,88.1,2026-09-25T15:59:59,2026-09-25 20:28:13,200,2026-09-25T20:29:32Z,87.81,2026-09-25T16:10:00.000-0400,88.1,NYSE,4.30B,377.807B,3.32,26.45,3.4,25.86,0,2026-09-25T20:24:41Z
CTSH,57.33,57.17,2026-09-25T15:59:59,2026-09-25 20:28:13,200,2026-09-25T20:29:33Z,57.33,2026-09-25T16:00:00.000-0400,57.17,NASDAQ,450.44M,25.824B,5.46,10.5,6.07,9.44,0,2026-09-25T20:24:41Z
COHR,295.83,290.61,2026-09-25T15:59:59,2026-09-25 20:28:14,200,2026-09-25T20:29:34Z,295.83,2026-09-25T16:10:00.000-0400,290.61,NYSE,195.83M,57.933B,4.12,71.8,9.35,31.63,0,2026-09-25T20:24:41Z
COIN,195.11,199.21,2026-09-25T15:59:59,2026-09-25 20:28:13,200,2026-09-25T20:29:35Z,195.11,2026-09-25T16:00:00.000-0400,199.21,NASDAQ,263.84M,51.477B,-3.86,-50.6,0.96,202.4,0,2026-09-25T20:24:41Z
CL,86.06,85.32,2026-09-25T16:00:00,2026-09-25 20:28:13,200,2026-09-25T20:29:36Z,86.06,2026-09-25T16:10:00.000-0400,85.32,NYSE,797.17M,68.605B,2.53,34.04,3.93,21.89,0,2026-09-25T20:24:41Z
CMCSA,21.91,22.13,2026-09-25T15:59:59,2026-09-25 20:28:14,200,2026-09-25T20:29:36Z,21.91,2026-09-25T16:00:00.000-0400,22.13,NASDAQ,3.55B,77.751B,3.1,7.06,3.51,6.25,0,2026-09-25T20:24:41Z
FIX,1658.91,1643.39,2026-09-25T16:00:00,2026-09-25 20:28:13,200,2026-09-25T20:29:37Z,1658.91,2026-09-25T16:10:00.000-0400,1643.39,NYSE,35.19M,58.384B,40.65,40.81,52.58,31.55,0,2026-09-25T20:24:41Z
COP,127.3,129.34,2026-09-25T15:59:59,2026-09-25 20:28:13,200,2026-09-25T20:29:38Z,127.3,2026-09-25T16:10:00.000-0400,129.34,NYSE,1.20B,152.93B,7.23,17.61,9.83,12.95,0,2026-09-25T20:24:42Z
ED,103.1,102.71,2026-09-25T15:59:59,2026-09-25 20:28:13,200,2026-09-25T20:29:39Z,103.1,2026-09-25T16:10:00.000-0400,102.71,NYSE,369.83M,38.129B,6.09,16.93,6.25,16.49,0,2026-09-25T20:24:42Z
STZ,113.63,114.21,2026-09-25T15:59:59,2026-09-25 20:34:37,200,2026-09-25T20:36:23Z,113.63,2026-09-25T16:10:00.000-0400,114.21,NYSE,170.78M,19.406B,10.48,10.84,11.79,9.64,0,2026-09-25T20:24:42Z
CEG,263.27,261.62,2026-09-25T16:00:00,2026-09-25 20:34:37,200,2026-09-25T20:36:25Z,263.27,2026-09-25T16:00:00.000-0400,261.62,NASDAQ,354.31M,93.279B,10.26,25.65,12.48,21.1,0,2026-09-25T20:24:42Z
COO,55.38,55.38,2026-09-25T15:59:59,2026-09-25 20:29:49,200,2026-09-25T20:30:41Z,55.38,2026-09-25T16:00:00.000-0400,55.38,NASDAQ,190.16M,10.531B,2.93,18.9,4.54,12.19,0,2026-09-25T20:24:42Z
CPRT,27.59,28.04,2026-09-25T15:59:59,2026-09-25 20:29:49,200,2026-09-25T20:30:42Z,27.59,2026-09-25T16:00:00.000-0400,28.04,NASDAQ,925.81M,25.543B,1.55,17.79,1.63,16.95,0,2026-09-25T20:24:42Z
GLW,156.74,154.15,2026-09-25T15:59:59,2026-09-25 20:29:49,200,2026-09-25T20:30:42Z,156.74,2026-09-25T16:10:00.000-0400,154.15,NYSE,861.39M,135.014B,2.18,71.96,3.71,42.25,0,2026-09-25T20:24:42Z
CPAY,398.11,400.32,2026-09-25T16:00:00,2026-09-25 20:29:48,200,2026-09-25T20:30:43Z,398.11,2026-09-25T16:10:00.000-0400,400.32,NYSE,65.66M,26.14B,16.45,24.2,29.3,13.59,0,2026-09-25T20:24:42Z
CTVA,78.52,79.45,2026-09-25T15:59:59,2026-09-25 20:29:49,200,2026-09-25T20:30:44Z,78.52,2026-09-25T16:10:00.000-0400,79.45,NYSE,667.20M,52.388B,1.63,48.29,3.97,19.76,0,2026-09-25T20:24:42Z
CSGP,28.09,27.85,2026-09-25T15:59:59,2026-09-25 20:29:49,200,2026-09-25T20:30:45Z,28.09,2026-09-25T16:00:00.000-0400,27.86,NASDAQ,405.20M,11.382B,0.18,158.61,1.55,18.08,0,2026-09-25T20:24:42Z
COST,922.765,896.48,2026-09-25T15:59:59,2026-09-25 20:29:48,200,2026-09-25T20:30:45Z,922.77,2026-09-25T16:00:00.000-0400,896.48,NASDAQ,443.48M,409.227B,19.88,46.41,22.56,40.9,0,2026-09-25T20:24:42Z
CRH,85.04,83.96,2026-09-25T16:00:00,2026-09-25 20:29:48,200,2026-09-25T20:30:46Z,85.04,2026-09-25T16:10:00.000-0400,83.96,NYSE,665.28M,56.576B,5.71,14.9,6.08,13.99,0,2026-09-25T20:24:42Z
CRWD,252.13,259.67,2026-09-25T15:59:59,2026-09-25 20:29:48,200,2026-09-25T20:30:47Z,252.13,2026-09-25T16:00:00.000-0400,259.67,NASDAQ,1.02B,258.165B,0.06,4423.33,1.41,178.82,0,2026-09-25T20:24:42Z
CCI,67.84,67.63,2026-09-25T15:59:59,2026-09-25 20:29:49,200,2026-09-25T20:30:48Z,67.84,2026-09-25T16:10:00.000-0400,67.63,NYSE,425.46M,28.863B,2.46,27.62,2.65,25.57,0,2026-09-25T20:24:42Z
CSX,46.78,46.95,2026-09-25T15:59:59,2026-09-25 20:29:48,200,2026-09-25T20:30:49Z,46.78,2026-09-25T16:00:00.000-0400,46.95,NASDAQ,1.85B,86.659B,1.73,27.03,2.15,21.8,0,2026-09-25T20:24:42Z
CMI,525.06,521.07,2026-09-25T16:00:00,2026-09-25 20:29:49,200,2026-09-25T20:30:50Z,525.06,2026-09-25T16:10:00.000-0400,521.07,NYSE,137.66M,72.282B,19.57,26.83,33.16,15.83,0,2026-09-25T20:24:42Z
CVS,89.13,85.05,2026-09-25T15:59:59,2026-09-25 20:29:49,200,2026-09-25T20:30:51Z,89.13,2026-09-25T16:10:00.000-0400,85.05,NYSE,1.28B,113.995B,3.77,23.63,8.12,10.98,0,2026-09-25T20:24:42Z
DHR,224.49,223.77,2026-09-25T16:00:00,2026-09-25 20:29:49,200,2026-09-25T20:30:52Z,224.49,2026-09-25T16:10:00.000-0400,223.77,NYSE,702.99M,157.813B,5.61,39.99,8.85,25.37,0,2026-09-25T20:24:42Z
DRI,199.75,207.24,2026-09-25T16:00:00,2026-09-25 20:29:48,200,2026-09-25T20:30:52Z,199.75,2026-09-25T16:10:00.000-0400,207.24,NYSE,113.54M,22.68B,10.31,19.38,11.48,17.4,0,2026-09-25T20:24:42Z
DDOG,268.13,256.92,2026-09-25T15:59:59,2026-09-25 20:29:48,200,2026-09-25T20:30:53Z,268.13,2026-09-25T16:00:00.000-0400,256.92,NASDAQ,359.08M,96.279B,0.5,531.27,2.69,99.6,0,2026-09-25T20:24:42Z
DVA,178.47,174.67,2026-09-25T15:59:53,2026-09-25 20:29:49,200,2026-09-25T20:30:54Z,178.47,2026-09-25T16:10:00.000-0400,174.67,NYSE,63.80M,11.386B,11.86,15.05,15.94,11.2,0,2026-09-25T20:24:42Z
DECK,78.67,78.68,2026-09-25T15:59:59,2026-09-25 20:29:49,200,2026-09-25T20:30:55Z,78.67,2026-09-25T16:10:00.000-0400,78.68,NYSE,136.18M,10.713B,7.05,11.17,7.63,10.31,0,2026-09-25T20:24:42Z
DE,690.46,694.94,2026-09-25T15:59:59,2026-09-25 20:29:49,200,2026-09-25T20:30:56Z,690.46,2026-09-25T16:10:00.000-0400,694.94,NYSE,269.63M,186.166B,17.99,38.38,20.87,33.09,0,2026-09-25T20:24:42Z
DELL,562.89,536.02,2026-09-25T15:59:59,2026-09-25 20:29:49,200,2026-09-25T20:30:57Z,562.89,2026-09-25T16:10:00.000-0400,536.02,NYSE,635.81M,357.893B,17.23,32.66,28.24,19.93,0,2026-09-25T20:24:42Z
DAL,84.94,82.76,2026-09-25T15:59:59,2026-09-25 20:29:48,200,2026-09-25T20:30:57Z,84.94,2026-09-25T16:10:00.000-0400,82.76,NYSE,657.62M,55.858B,6.02,14.12,7.68,11.06,0,2026-09-25T20:24:42Z
DVN,47.05,48.9,2026-09-25T16:00:00,2026-09-25 20:29:49,200,2026-09-25T20:30:58Z,47.05,2026-09-25T16:10:00.000-0400,48.9,NYSE,1.10B,51.755B,4.22,11.14,5.12,9.2,0,2026-09-25T20:24:42Z
DXCM,86.62,87.47,2026-09-25T15:59:59,2026-09-25 20:29:49,200,2026-09-25T20:30:59Z,86.62,2026-09-25T16:00:00.000-0400,87.47,NASDAQ,377.36M,32.687B,2.52,34.37,2.82,30.76,0,2026-09-25T20:24:42Z
FANG,186.67,189.01,2026-09-25T15:59:55,2026-09-25 20:29:48,200,2026-09-25T20:31:00Z,186.67,2026-09-25T16:00:00.000-0400,189.01,NASDAQ,280.02M,52.272B,5.16,36.17,18.79,9.93,0,2026-09-25T20:24:42Z
DLR,178.61,181.0,2026-09-25T15:59:59,2026-09-25 20:29:48,200,2026-09-25T20:31:01Z,178.61,2026-09-25T16:10:00.000-0400,181.0,NYSE,371.00M,66.264B,2.06,86.75,2.37,75.43,0,2026-09-25T20:24:42Z
DG,124.84,122.53,2026-09-25T15:59:59,2026-09-25 20:29:48,200,2026-09-25T20:31:02Z,124.84,2026-09-25T16:10:00.000-0400,122.53,NYSE,220.62M,27.542B,7.69,16.22,8.03,15.54,0,2026-09-25T20:24:42Z
DLTR,114.07,113.5,2026-09-25T15:59:59,2026-09-25 20:29:50,200,2026-09-25T20:31:03Z,114.07,2026-09-25T16:00:00.000-0400,113.5,NASDAQ,187.63M,21.403B,8.22,13.88,6.88,16.58,0,2026-09-25T20:24:42Z
D,60.68,60.4,2026-09-25T16:00:00,2026-09-25 20:29:49,200,2026-09-25T20:31:04Z,60.68,2026-09-25T16:10:00.000-0400,60.4,NYSE,879.53M,53.37B,2.89,21.0,3.83,15.85,0,2026-09-25T20:24:42Z
DPZ,292.14,293.03,2026-09-25T15:59:58,2026-09-25 20:29:49,200,2026-09-25T20:31:04Z,292.14,2026-09-25T16:00:00.000-0400,293.03,NASDAQ,33.08M,9.664B,17.64,16.56,20.24,14.43,0,2026-09-25T20:24:42Z
DASH,193.36,187.53,2026-09-25T15:59:59,2026-09-25 20:29:48,200,2026-09-25T20:31:05Z,193.36,2026-09-25T16:00:00.000-0400,187.53,NASDAQ,433.30M,83.782B,1.91,101.21,3.71,52.15,0,2026-09-25T20:24:42Z
DOV,191.88,187.89,2026-09-25T15:59:59,2026-09-25 20:29:49,200,2026-09-25T20:31:06Z,191.88,2026-09-25T16:10:00.000-0400,187.89,NYSE,134.68M,25.842B,8.27,23.21,11.22,17.1,0,2026-09-25T20:24:42Z
DOW,28.02,28.56,2026-09-25T15:59:59,2026-09-25 20:29:49,200,2026-09-25T20:31:07Z,28.02,2026-09-25T16:10:00.000-0400,28.56,NYSE,722.34M,20.24B,-1.82,-15.37,1.91,14.67,0,2026-09-25T20:24:42Z
DHI,141.51,140.35,2026-09-25T16:00:00,2026-09-25 20:29:49,200,2026-09-25T20:31:08Z,141.51,2026-09-25T16:10:00.000-0400,140.35,NYSE,279.70M,39.581B,10.51,13.46,11.1,12.75,0,2026-09-25T20:24:42Z
DTE,121.44,121.18,2026-09-25T16:00:00,2026-09-25 20:34:36,200,2026-09-25T20:36:28Z,121.44,2026-09-25T16:10:00.000-0400,121.18,NYSE,208.09M,25.27B,6.41,18.94,8.15,14.9,0,2026-09-25T20:24:42Z
DUK,113.35,113.23,2026-09-25T15:59:59,2026-09-25 20:34:37,200,2026-09-25T20:36:30Z,113.35,2026-09-25T16:10:00.000-0400,113.23,NYSE,779.70M,88.379B,6.64,17.06,6.67,17.0,0,2026-09-25T20:24:42Z
DD,131.71,130.22,2026-09-25T15:59:59,2026-09-25 20:31:25,200,2026-09-25T20:32:09Z,131.71,2026-09-25T16:10:00.000-0400,130.22,NYSE,135.04M,17.787B,1.91,68.9,7.54,17.46,0,2026-09-25T20:24:42Z
ETN,439.98,440.0,2026-09-25T16:00:00,2026-09-25 20:31:25,200,2026-09-25T20:32:10Z,439.98,2026-09-25T16:10:00.000-0400,440.0,NYSE,388.40M,170.888B,9.96,44.17,15.02,29.29,0,2026-09-25T20:24:43Z
EBAY,107.9,107.83,2026-09-25T15:59:59,2026-09-25 20:31:25,200,2026-09-25T20:32:11Z,107.9,2026-09-25T16:00:00.000-0400,107.83,NASDAQ,445.00M,48.016B,4.76,22.69,6.22,17.34,0,2026-09-25T20:24:43Z
ECHO,90.11,90.38,2026-09-25T15:59:59,2026-09-25 20:31:25,200,2026-09-25T20:32:13Z,90.11,2026-09-25T16:00:00.000-0400,90.38,NASDAQ,290.82M,26.205B,-24.95,-3.61,2.99,30.18,0,2026-09-25T20:24:43Z
ECL,279.49,275.37,2026-09-25T15:59:59,2026-09-25 20:31:25,200,2026-09-25T20:32:14Z,279.49,2026-09-25T16:10:00.000-0400,275.37,NYSE,280.33M,78.349B,7.45,37.52,8.61,32.47,0,2026-09-25T20:24:43Z
EIX,52.65,52.54,2026-09-25T15:59:59,2026-09-25 20:31:24,200,2026-09-25T20:32:15Z,52.65,2026-09-25T16:10:00.000-0400,52.54,NYSE,384.81M,20.26B,9.69,5.43,6.22,8.46,0,2026-09-25T20:24:43Z
EW,86.29,85.73,2026-09-25T15:59:59,2026-09-25 20:31:25,200,2026-09-25T20:32:16Z,86.29,2026-09-25T16:10:00.000-0400,85.73,NYSE,576.40M,49.738B,1.69,51.2,3.14,27.48,0,2026-09-25T20:24:43Z
ELV,396.09,398.25,2026-09-25T15:59:55,2026-09-25 20:31:25,200,2026-09-25T20:32:17Z,396.09,2026-09-25T16:10:00.000-0400,398.25,NYSE,216.87M,85.90B,22.5,17.6,27.21,14.56,0,2026-09-25T20:24:43Z
EME,762.21,751.96,2026-09-25T16:00:00,2026-09-25 20:31:25,200,2026-09-25T20:32:18Z,762.21,2026-09-25T16:10:00.000-0400,751.96,NYSE,44.11M,33.621B,32.15,23.71,34.83,21.89,0,2026-09-25T20:24:43Z
EMR,158.23,156.14,2026-09-25T15:59:59,2026-09-25 20:31:25,200,2026-09-25T20:32:19Z,158.23,2026-09-25T16:10:00.000-0400,156.14,NYSE,557.80M,88.261B,4.57,34.62,7.08,22.36,0,2026-09-25T20:24:43Z
ETR,98.57,98.16,2026-09-25T15:59:59,2026-09-25 20:31:26,200,2026-09-25T20:32:20Z,98.57,2026-09-25T16:10:00.000-0400,98.16,NYSE,477.78M,47.095B,3.91,25.22,4.69,21.01,0,2026-09-25T20:24:43Z
EOG,140.35,142.86,2026-09-25T16:00:00,2026-09-25 20:31:24,200,2026-09-25T20:32:21Z,140.35,2026-09-25T16:10:00.000-0400,142.86,NYSE,524.53M,73.618B,12.85,10.92,15.93,8.81,0,2026-09-25T20:24:43Z
EQT,50.81,51.87,2026-09-25T16:00:00,2026-09-25 20:31:25,200,2026-09-25T20:32:22Z,50.81,2026-09-25T16:10:00.000-0400,51.87,NYSE,625.52M,31.782B,4.31,11.78,3.36,15.14,0,2026-09-25T20:24:43Z
EFX,148.11,148.8,2026-09-25T15:59:57,2026-09-25 20:31:25,200,2026-09-25T20:32:23Z,148.11,2026-09-25T16:10:00.000-0400,148.8,NYSE,117.48M,17.401B,5.69,26.03,9.12,16.25,0,2026-09-25T20:24:43Z
EQIX,1008.08,1034.76,2026-09-25T15:59:59,2026-09-25 20:31:26,200,2026-09-25T20:32:23Z,1008.08,2026-09-25T16:00:00.000-0400,1034.76,NASDAQ,98.67M,99.469B,15.54,64.88,17.65,57.12,0,2026-09-25T20:24:43Z
ERIE,222.86,218.96,2026-09-25T15:59:54,2026-09-25 20:31:25,200,2026-09-25T20:32:24Z,222.86,2026-09-25T16:00:00.000-0400,218.96,NASDAQ,52.29M,11.653B,11.04,20.19,6.33,35.21,0,2026-09-25T20:24:43Z
ESS,271.61,271.65,2026-09-25T15:59:59,2026-09-25 20:31:24,200,2026-09-25T20:32:25Z,271.61,2026-09-25T16:10:00.000-0400,271.65,NYSE,64.27M,17.456B,6.43,42.27,6.03,45.07,0,2026-09-25T20:24:43Z
EL,94.47,95.37,2026-09-25T15:59:59,2026-09-25 20:31:25,200,2026-09-25T20:32:26Z,94.47,2026-09-25T16:10:00.000-0400,95.37,NYSE,361.80M,34.179B,0.64,147.56,3.31,28.51,0,2026-09-25T20:24:43Z
EG,370.43,371.96,2026-09-25T15:59:50,2026-09-25 20:31:25,200,2026-09-25T20:32:27Z,370.43,2026-09-25T16:10:00.000-0400,371.96,NYSE,38.34M,14.203B,46.27,8.01,54.4,6.81,0,2026-09-25T20:24:43Z
EVRG,78.04,77.66,2026-09-25T15:59:59,2026-09-25 20:31:24,200,2026-09-25T20:32:28Z,78.04,2026-09-25T16:00:00.000-0400,77.66,NASDAQ,230.57M,17.993B,3.94,19.81,4.47,17.45,0,2026-09-25T20:24:43Z
P,126.0,121.88,2026-09-25T15:59:59,2026-09-25 20:31:25,200,2026-09-25T20:32:29Z,126.0,2026-09-25T16:10:00.000-0400,121.88,NYSE,333.23M,41.987B,0.73,171.92,3.29,38.32,0,2026-09-25T20:24:43Z
ES,63.67,63.8,2026-09-25T15:59:59,2026-09-25 20:31:25,200,2026-09-25T20:32:29Z,63.67,2026-09-25T16:10:00.000-0400,63.8,NYSE,376.67M,23.983B,3.86,16.49,4.65,13.69,0,2026-09-25T20:24:44Z
EXC,40.34,40.2,2026-09-25T15:59:59,2026-09-25 20:31:25,200,2026-09-25T20:32:30Z,40.34,2026-09-25T16:00:00.000-0400,40.2,NASDAQ,1.03B,41.641B,2.73,14.78,2.96,13.62,0,2026-09-25T20:24:44Z
EXE,86.84,88.62,2026-09-25T15:59:59,2026-09-25 20:31:25,200,2026-09-25T20:32:31Z,86.84,2026-09-25T16:00:00.000-0400,88.62,NASDAQ,231.50M,20.104B,11.58,7.5,7.86,11.06,0,2026-09-25T20:24:44Z
EXPE,264.17,261.75,2026-09-25T15:59:59,2026-09-25 20:31:25,200,2026-09-25T20:32:32Z,264.17,2026-09-25T16:00:00.000-0400,261.75,NASDAQ,120.02M,31.705B,16.03,16.48,22.51,11.74,0,2026-09-25T20:24:44Z
EXPD,187.46,183.66,2026-09-25T16:00:00,2026-09-25 20:31:25,200,2026-09-25T20:32:33Z,187.46,2026-09-25T16:10:00.000-0400,183.66,NYSE,129.99M,24.368B,6.87,27.28,7.71,24.33,0,2026-09-25T20:24:44Z
EXR,133.35,132.23,2026-09-25T15:59:59,2026-09-25 20:31:25,200,2026-09-25T20:32:34Z,133.35,2026-09-25T16:10:00.000-0400,132.23,NYSE,211.27M,28.173B,4.52,29.48,4.68,28.52,0,2026-09-25T20:24:44Z
XOM,160.59,162.14,2026-09-25T15:59:59,2026-09-25 20:34:38,200,2026-09-25T20:36:33Z,160.59,2026-09-25T16:10:00.000-0400,162.14,NYSE,4.11B,660.332B,7.75,20.71,12.46,12.89,0,2026-09-25T20:24:44Z
FFIV,443.06,446.55,2026-09-25T15:59:49,2026-09-25 20:34:37,200,2026-09-25T20:36:35Z,443.06,2026-09-25T16:00:00.000-0400,446.55,NASDAQ,56.63M,25.089B,12.55,35.29,17.39,25.49,0,2026-09-25T20:24:44Z
FDS,273.08,271.25,2026-09-25T15:59:59,2026-09-25 20:33:01,200,2026-09-25T20:33:37Z,273.08,2026-09-25T16:10:00.000-0400,271.25,NYSE,35.57M,9.712B,15.17,18.0,19.08,14.31,0,2026-09-25T20:24:44Z
FICO,863.09,856.48,2026-09-25T16:00:00,2026-09-25 20:33:01,200,2026-09-25T20:33:38Z,863.09,2026-09-25T16:10:00.000-0400,856.48,NYSE,21.60M,18.641B,34.61,24.93,50.42,17.12,0,2026-09-25T20:24:44Z
FAST,50.43,50.73,2026-09-25T15:59:59,2026-09-25 20:33:00,200,2026-09-25T20:33:39Z,50.43,2026-09-25T16:00:00.000-0400,50.73,NASDAQ,1.15B,57.868B,1.18,42.92,1.35,37.44,0,2026-09-25T20:24:44Z
FRT,110.52,110.35,2026-09-25T15:59:59,2026-09-25 20:33:01,200,2026-09-25T20:33:40Z,110.52,2026-09-25T16:10:00.000-0400,110.35,NYSE,86.89M,9.603B,4.94,22.38,3.13,35.36,0,2026-09-25T20:24:44Z
FDX,285.85,279.54,2026-09-25T16:00:00,2026-09-25 20:33:01,200,2026-09-25T20:33:41Z,285.85,2026-09-25T16:10:00.000-0400,279.54,NYSE,236.67M,67.652B,18.51,15.45,19.09,14.98,0,2026-09-25T20:24:44Z
FDXF,113.18,113.81,2026-09-25T15:59:59,2026-09-25 20:33:00,200,2026-09-25T20:33:42Z,113.18,2026-09-25T16:10:00.000-0400,113.81,NYSE,149.51M,16.921B,4.38,25.83,,,0,2026-09-25T20:24:44Z
FERG,222.74,220.17,2026-09-25T15:59:59,2026-09-25 20:33:01,200,2026-09-25T20:33:42Z,222.74,2026-09-25T16:10:00.000-0400,220.17,NYSE,193.45M,43.09B,10.16,21.92,11.96,18.62,0,2026-09-25T20:24:44Z
FIS,35.41,34.99,2026-09-25T15:59:59,2026-09-25 20:33:01,200,2026-09-25T20:33:43Z,35.41,2026-09-25T16:10:00.000-0400,34.99,NYSE,515.71M,18.261B,6.5,5.45,6.42,5.51,0,2026-09-25T20:24:44Z
FITB,52.1,51.46,2026-09-25T15:59:59,2026-09-25 20:33:01,200,2026-09-25T20:33:44Z,52.1,2026-09-25T16:10:00.000-0400,51.46,NYSE,906.89M,47.249B,2.94,17.75,4.47,11.67,0,2026-09-25T20:24:44Z
FSLR,177.71,172.16,2026-09-25T15:59:59,2026-09-25 20:33:01,200,2026-09-25T20:33:45Z,177.71,2026-09-25T16:00:00.000-0400,172.16,NASDAQ,107.47M,19.098B,16.22,10.96,21.35,8.32,0,2026-09-25T20:24:44Z
FE,43.3,43.19,2026-09-25T15:59:59,2026-09-25 20:33:00,200,2026-09-25T20:33:46Z,43.3,2026-09-25T16:10:00.000-0400,43.19,NYSE,578.64M,25.055B,1.87,23.11,2.85,15.2,0,2026-09-25T20:24:44Z
FISV,46.48,45.98,2026-09-25T15:59:59,2026-09-25 20:33:01,200,2026-09-25T20:33:47Z,46.48,2026-09-25T16:00:00.000-0400,45.98,NASDAQ,531.77M,24.717B,5.21,8.92,7.34,6.33,0,2026-09-25T20:24:44Z
FLEX,114.68,112.4,2026-09-25T15:59:59,2026-09-25 20:33:00,200,2026-09-25T20:33:47Z,114.68,2026-09-25T16:00:00.000-0400,112.4,NASDAQ,369.40M,42.363B,2.59,44.31,5.21,22.02,0,2026-09-25T20:24:44Z
F,12.71,12.6,2026-09-25T15:59:59,2026-09-25 20:33:01,200,2026-09-25T20:33:48Z,12.71,2026-09-25T16:10:00.000-0400,12.6,NYSE,3.99B,50.682B,-1.87,-6.78,1.79,7.12,0,2026-09-25T20:24:44Z
FTNT,173.46,178.67,2026-09-25T15:59:59,2026-09-25 20:33:00,200,2026-09-25T20:33:49Z,173.46,2026-09-25T16:00:00.000-0400,178.67,NASDAQ,733.71M,127.27B,2.84,61.12,3.51,49.38,0,2026-09-25T20:24:44Z
FTV,56.09,55.44,2026-09-25T15:59:59,2026-09-25 20:33:01,200,2026-09-25T20:33:50Z,56.09,2026-09-25T16:10:00.000-0400,55.44,NYSE,302.02M,16.94B,1.9,29.47,3.12,17.99,0,2026-09-25T20:24:44Z
FOXA,63.07,63.84,2026-09-25T15:59:59,2026-09-25 20:34:36,200,2026-09-25T20:36:38Z,63.07,2026-09-25T16:00:00.000-0400,63.84,NASDAQ,421.67M,26.819B,3.84,16.43,5.91,10.67,0,2026-09-25T20:24:44Z
FOX,56.54,57.2,2026-09-25T15:59:59,2026-09-25 20:34:36,200,2026-09-25T20:36:40Z,56.54,2026-09-25T16:00:00.000-0400,57.2,NASDAQ,421.67M,26.819B,,,,,0,2026-09-25T20:24:44Z
BEN,33.02,32.55,2026-09-25T15:59:59,2026-09-25 20:36:12,200,2026-09-25T20:36:43Z,33.02,2026-09-25T16:10:00.000-0400,32.55,NYSE,508.08M,16.777B,1.47,22.51,3.11,10.61,0,2026-09-25T20:24:44Z
FCX,72.31,72.08,2026-09-25T15:59:59,2026-09-25 20:36:13,200,2026-09-25T20:36:45Z,72.31,2026-09-25T16:10:00.000-0400,72.08,NYSE,1.44B,103.838B,2.03,35.62,3.55,20.35,0,2026-09-25T20:24:44Z
GRMN,294.14,295.04,2026-09-25T15:59:59,2026-09-25 20:34:37,200,2026-09-25T20:36:48Z,294.14,2026-09-25T16:10:00.000-0400,295.04,NYSE,192.85M,56.726B,9.7,30.33,10.32,28.5,0,2026-09-25T20:24:44Z
IT,187.9,179.32,2026-09-25T15:59:59,2026-09-25 20:34:38,200,2026-09-25T20:36:50Z,187.9,2026-09-25T16:10:00.000-0400,179.32,NYSE,63.15M,11.866B,11.14,16.86,15.46,12.15,0,2026-09-25T20:24:44Z
GE,327.09,319.78,2026-09-25T15:59:59,2026-09-25 20:36:12,200,2026-09-25T20:36:53Z,327.09,2026-09-25T16:10:00.000-0400,319.78,NYSE,1.04B,339.376B,8.49,38.54,8.39,38.97,0,2026-09-25T20:24:44Z
GEHC,66.63,66.38,2026-09-25T15:59:59,2026-09-25 20:36:13,200,2026-09-25T20:36:55Z,66.63,2026-09-25T16:00:00.000-0400,66.38,NASDAQ,451.69M,30.096B,4.35,15.32,5.17,12.89,0,2026-09-25T20:24:44Z
GEV,957.63,955.04,2026-09-25T16:00:00,2026-09-25 20:36:13,200,2026-09-25T20:36:58Z,957.63,2026-09-25T16:10:00.000-0400,955.04,NYSE,266.33M,255.049B,34.98,27.37,20.44,46.86,0,2026-09-25T20:24:44Z
GEN,21.62,23.07,2026-09-25T15:59:59,2026-09-25 20:36:12,200,2026-09-25T20:37:00Z,21.62,2026-09-25T16:00:00.000-0400,23.07,NASDAQ,598.59M,12.941B,1.72,12.56,3.02,7.17,0,2026-09-25T20:24:44Z
GNRC,208.14,198.05,2026-09-25T15:59:57,2026-09-25 20:36:12,200,2026-09-25T20:37:03Z,208.14,2026-09-25T16:10:00.000-0400,198.05,NYSE,59.06M,12.294B,4.34,47.98,10.42,19.98,0,2026-09-25T20:24:44Z
GD,336.72,336.29,2026-09-25T15:59:59,2026-09-25 20:36:13,200,2026-09-25T20:37:05Z,336.72,2026-09-25T16:10:00.000-0400,336.29,NYSE,270.56M,91.102B,16.39,20.54,17.5,19.24,0,2026-09-25T20:24:44Z
GIS,33.64,34.83,2026-09-25T16:00:00,2026-09-25 20:36:13,200,2026-09-25T20:37:08Z,33.64,2026-09-25T16:10:00.000-0400,34.83,NYSE,534.69M,17.987B,-1.66,-20.26,3.1,10.84,0,2026-09-25T20:24:44Z
GM,82.63,80.57,2026-09-25T15:59:59,2026-09-25 20:36:12,200,2026-09-25T20:37:10Z,82.63,2026-09-25T16:10:00.000-0400,80.57,NYSE,877.45M,72.504B,1.98,41.68,14.11,5.86,0,2026-09-25T20:24:44Z
GPC,129.61,129.26,2026-09-25T15:59:59,2026-09-25 20:36:12,200,2026-09-25T20:37:13Z,129.61,2026-09-25T16:10:00.000-0400,129.26,NYSE,137.86M,17.868B,0.25,519.27,8.16,15.88,0,2026-09-25T20:24:44Z
GILD,150.93,149.69,2026-09-25T15:59:59,2026-09-25 20:36:12,200,2026-09-25T20:37:15Z,150.93,2026-09-25T16:00:00.000-0400,149.69,NASDAQ,1.24B,187.146B,-2.66,-56.85,9.11,16.57,0,2026-09-25T20:24:44Z
GPN,86.49,85.31,2026-09-25T15:59:57,2026-09-25 20:36:13,200,2026-09-25T20:37:18Z,86.49,2026-09-25T16:10:00.000-0400,85.31,NYSE,264.62M,22.887B,2.27,38.15,14.68,5.89,0,2026-09-25T20:24:45Z
GL,167.04,167.32,2026-09-25T15:59:59,2026-09-25 20:36:12,200,2026-09-25T20:37:20Z,167.04,2026-09-25T16:10:00.000-0400,167.32,NYSE,76.85M,12.837B,15.06,11.09,16.57,10.08,0,2026-09-25T20:24:45Z
GDDY,97.14,100.81,2026-09-25T15:59:59,2026-09-25 20:36:13,200,2026-09-25T20:37:23Z,97.14,2026-09-25T16:10:00.000-0400,100.81,NYSE,126.65M,12.303B,6.74,14.41,7.89,12.31,0,2026-09-25T20:24:45Z
GS,935.45,923.29,2026-09-25T16:00:00,2026-09-25 20:36:13,200,2026-09-25T20:37:25Z,935.45,2026-09-25T16:10:00.000-0400,923.29,NYSE,291.17M,272.376B,64.81,14.43,68.03,13.75,0,2026-09-25T20:24:45Z
HAL,32.76,32.76,2026-09-25T15:59:59,2026-09-25 20:36:13,200,2026-09-25T20:37:28Z,32.76,2026-09-25T16:10:00.000-0400,32.76,NYSE,833.13M,27.293B,1.91,17.17,2.55,12.87,0,2026-09-25T20:24:45Z
HIG,124.23,125.69,2026-09-25T15:59:59,2026-09-25 20:36:13,200,2026-09-25T20:37:30Z,124.23,2026-09-25T16:10:00.000-0400,125.69,NYSE,270.87M,33.65B,14.32,8.67,13.09,9.49,0,2026-09-25T20:24:45Z
HAS,88.09,86.81,2026-09-25T15:59:59,2026-09-25 20:36:12,200,2026-09-25T20:37:33Z,88.09,2026-09-25T16:00:00.000-0400,86.81,NASDAQ,141.04M,12.425B,5.58,15.77,6.05,14.56,0,2026-09-25T20:24:45Z
HCA,435.61,423.48,2026-09-25T16:00:00,2026-09-25 20:36:13,200,2026-09-25T20:37:35Z,435.61,2026-09-25T16:10:00.000-0400,423.48,NYSE,216.50M,94.31B,29.87,14.58,30.7,14.19,0,2026-09-25T20:24:45Z
DOC,20.31,20.27,2026-09-25T15:59:59,2026-09-25 20:36:13,200,2026-09-25T20:37:38Z,20.31,2026-09-25T16:10:00.000-0400,20.27,NYSE,689.53M,14.004B,0.35,58.08,0.22,91.08,0,2026-09-25T20:24:45Z
HSIC,86.37,85.53,2026-09-25T15:59:59,2026-09-25 20:36:12,200,2026-09-25T20:37:40Z,86.37,2026-09-25T16:00:00.000-0400,85.53,NASDAQ,111.45M,9.626B,3.43,25.17,5.66,15.27,0,2026-09-25T20:24:45Z
HSY,166.37,166.88,2026-09-25T15:59:59,2026-09-25 20:36:12,200,2026-09-25T20:37:43Z,166.37,2026-09-25T16:10:00.000-0400,166.88,NYSE,200.93M,33.428B,7.32,22.72,9.23,18.03,0,2026-09-25T20:24:45Z
HPE,62.94,63.52,2026-09-25T15:59:59,2026-09-25 20:36:12,200,2026-09-25T20:37:45Z,62.94,2026-09-25T16:10:00.000-0400,63.52,NYSE,1.33B,83.551B,1.92,32.79,4.53,13.9,0,2026-09-25T20:24:45Z
HLT,313.96,312.13,2026-09-25T15:59:59,2026-09-25 20:36:13,200,2026-09-25T20:37:48Z,313.96,2026-09-25T16:10:00.000-0400,312.13,NYSE,225.06M,70.661B,6.81,46.1,9.64,32.59,0,2026-09-25T20:24:45Z
HD,293.2,292.18,2026-09-25T15:59:59,2026-09-25 20:36:12,200,2026-09-25T20:37:50Z,293.2,2026-09-25T16:10:00.000-0400,292.18,NYSE,997.69M,292.523B,14.28,20.53,15.41,19.03,0,2026-09-25T20:24:45Z
HONA,158.78,158.46,2026-09-25T15:59:59,2026-09-25 20:36:13,200,2026-09-25T20:37:53Z,158.78,2026-09-25T16:00:00.000-0400,158.46,NASDAQ,316.95M,50.326B,6.14,25.86,,,0,2026-09-25T20:24:45Z
HON,212.55,211.79,2026-09-25T15:59:59,2026-09-25 20:36:12,200,2026-09-25T20:37:55Z,212.55,2026-09-25T16:00:00.000-0400,211.79,NASDAQ,316.94M,67.366B,24.81,8.57,9.22,23.05,0,2026-09-25T20:24:45Z
HRL,19.71,19.84,2026-09-25T16:00:00,2026-09-25 20:36:13,200,2026-09-25T20:37:58Z,19.71,2026-09-25T16:10:00.000-0400,19.84,NYSE,550.35M,10.847B,0.62,31.68,1.54,12.78,0,2026-09-25T20:24:45Z
HST,22.42,22.21,2026-09-25T15:59:57,2026-09-25 20:36:12,200,2026-09-25T20:38:00Z,22.42,2026-09-25T16:00:00.000-0400,22.21,NASDAQ,685.12M,15.36B,1.49,15.05,0.99,22.74,0,2026-09-25T20:24:45Z
HWM,232.48,229.38,2026-09-25T16:00:00,2026-09-25 20:36:12,200,2026-09-25T20:38:03Z,232.48,2026-09-25T16:10:00.000-0400,229.38,NYSE,398.80M,92.713B,4.63,50.16,5.88,39.51,0,2026-09-25T20:24:45Z
HPQ,31.3,31.14,2026-09-25T15:59:59,2026-09-25 20:36:12,200,2026-09-25T20:38:05Z,31.3,2026-09-25T16:10:00.000-0400,31.14,NYSE,901.79M,28.226B,2.62,11.93,3.01,10.4,0,2026-09-25T20:24:45Z
HUBB,466.62,465.88,2026-09-25T15:59:30,2026-09-25 20:36:12,200,2026-09-25T20:38:08Z,466.62,2026-09-25T16:10:00.000-0400,465.88,NYSE,52.83M,24.653B,16.91,27.59,21.71,21.5,0,2026-09-25T20:24:45Z
HUM,397.93,380.32,2026-09-25T15:59:59,2026-09-25 20:36:13,200,2026-09-25T20:38:10Z,397.93,2026-09-25T16:10:00.000-0400,380.32,NYSE,120.08M,47.784B,10.56,37.68,12.3,32.35,0,2026-09-25T20:24:45Z
HBAN,15.64,15.31,2026-09-25T15:59:59,2026-09-25 20:36:12,200,2026-09-25T20:38:13Z,15.64,2026-09-25T16:00:00.000-0400,15.31,NASDAQ,2.02B,31.599B,1.29,12.09,1.64,9.54,0,2026-09-25T20:24:45Z
HII,264.02,266.0,2026-09-25T15:59:59,2026-09-25 20:36:12,200,2026-09-25T20:38:15Z,264.02,2026-09-25T16:10:00.000-0400,266.0,NYSE,39.40M,10.404B,16.78,15.73,19.46,13.57,0,2026-09-25T20:24:45Z
IBM,225.51,227.06,2026-09-25T15:59:59,2026-09-25 20:36:12,200,2026-09-25T20:38:18Z,225.51,2026-09-25T16:10:00.000-0400,227.06,NYSE,942.13M,212.461B,12.45,18.11,12.76,17.67,0,2026-09-25T20:24:45Z
IEX,230.08,228.5,2026-09-25T15:59:59,2026-09-25 20:36:13,200,2026-09-25T20:38:20Z,230.08,2026-09-25T16:10:00.000-0400,228.5,NYSE,73.72M,16.961B,6.96,33.08,9.03,25.49,0,2026-09-25T20:24:45Z
IDXX,519.26,513.39,2026-09-25T15:59:59,2026-09-25 20:36:12,200,2026-09-25T20:38:23Z,519.26,2026-09-25T16:00:00.000-0400,513.39,NASDAQ,78.78M,40.908B,14.23,36.5,15.64,33.21,0,2026-09-25T20:24:45Z
ITW,274.32,272.0,2026-09-25T16:00:00,2026-09-25 20:36:13,200,2026-09-25T20:38:25Z,274.32,2026-09-25T16:10:00.000-0400,272.0,NYSE,284.80M,78.126B,11.03,24.86,11.73,23.4,0,2026-09-25T20:24:45Z
ILMN,270.0,273.9,2026-09-25T15:59:59,2026-09-25 20:36:12,200,2026-09-25T20:38:28Z,270.0,2026-09-25T16:00:00.000-0400,273.9,NASDAQ,151.00M,40.77B,5.38,50.18,5.67,47.62,0,2026-09-25T20:24:45Z
INCY,123.89,124.44,2026-09-25T15:59:59,2026-09-25 20:36:13,200,2026-09-25T20:38:30Z,123.89,2026-09-25T16:00:00.000-0400,124.44,NASDAQ,202.70M,25.112B,7.85,15.79,2.45,50.61,0,2026-09-25T20:24:45Z
IR,76.08,74.78,2026-09-25T15:59:59,2026-09-25 20:37:48,200,2026-09-25T20:38:33Z,76.08,2026-09-25T16:10:00.000-0400,74.78,NYSE,388.00M,29.519B,2.43,31.34,3.66,20.8,0,2026-09-25T20:24:45Z
PODD,136.13,135.78,2026-09-25T15:59:59,2026-09-25 20:36:12,200,2026-09-25T20:38:35Z,136.13,2026-09-25T16:00:00.000-0400,135.78,NASDAQ,69.35M,9.441B,5.35,25.46,6.9,19.73,0,2026-09-25T20:24:45Z
INTC,123.0,127.39,2026-09-25T15:59:59,2026-09-25 20:37:47,200,2026-09-25T20:38:38Z,123.0,2026-09-25T16:00:00.000-0400,127.39,NASDAQ,5.29B,650.063B,-2.12,-58.01,1.68,73.08,0,2026-09-25T20:24:45Z
IBKR,89.24,89.82,2026-09-25T15:59:59,2026-09-25 20:37:47,200,2026-09-25T20:38:40Z,89.24,2026-09-25T16:00:00.000-0400,89.82,NASDAQ,1.70B,152.048B,2.52,35.38,2.92,30.53,0,2026-09-25T20:24:45Z
ICE,154.31,156.93,2026-09-25T15:59:59,2026-09-25 20:37:48,200,2026-09-25T20:38:43Z,154.31,2026-09-25T16:10:00.000-0400,156.93,NYSE,561.39M,86.629B,7.08,21.79,8.28,18.64,0,2026-09-25T20:24:45Z
IFF,85.69,85.85,2026-09-25T15:59:59,2026-09-25 20:37:47,200,2026-09-25T20:38:45Z,85.69,2026-09-25T16:10:00.000-0400,85.85,NYSE,255.15M,21.864B,1.06,80.63,3.42,25.07,0,2026-09-25T20:24:45Z
IP,35.02,34.88,2026-09-25T15:59:59,2026-09-25 20:37:47,200,2026-09-25T20:38:48Z,35.02,2026-09-25T16:10:00.000-0400,34.88,NYSE,529.57M,18.546B,-5.16,-6.79,2.12,16.53,0,2026-09-25T20:24:45Z
INTU,275.79,277.13,2026-09-25T15:59:59,2026-09-25 20:37:47,200,2026-09-25T20:38:50Z,275.79,2026-09-25T16:00:00.000-0400,277.13,NASDAQ,267.24M,73.701B,16.5,16.71,23.77,11.6,0,2026-09-25T20:24:45Z
ISRG,405.18,399.52,2026-09-25T15:59:59,2026-09-25 20:37:47,200,2026-09-25T20:38:53Z,405.18,2026-09-25T16:00:00.000-0400,399.52,NASDAQ,353.28M,143.141B,8.73,46.43,11.29,35.9,0,2026-09-25T20:24:45Z
IVZ,30.92,30.68,2026-09-25T15:59:59,2026-09-25 20:37:48,200,2026-09-25T20:38:55Z,30.92,2026-09-25T16:10:00.000-0400,30.68,NYSE,441.50M,13.651B,-0.7,-44.48,3.05,10.15,0,2026-09-25T20:24:45Z
INVH,26.62,26.5,2026-09-25T15:59:58,2026-09-25 20:37:47,200,2026-09-25T20:38:58Z,26.62,2026-09-25T16:10:00.000-0400,26.5,NYSE,590.62M,15.722B,1.09,24.43,0.75,35.68,0,2026-09-25T20:24:46Z
IQV,270.37,275.02,2026-09-25T15:59:59,2026-09-25 20:37:48,200,2026-09-25T20:39:00Z,270.37,2026-09-25T16:10:00.000-0400,275.02,NYSE,164.60M,44.503B,8.07,33.52,13.66,19.8,0,2026-09-25T20:24:46Z
IRM,111.38,114.09,2026-09-25T16:00:00,2026-09-25 20:37:48,200,2026-09-25T20:39:03Z,111.38,2026-09-25T16:10:00.000-0400,114.09,NYSE,297.70M,33.158B,1.4,79.49,2.58,43.19,0,2026-09-25T20:24:46Z
JBHT,225.46,229.15,2026-09-25T15:59:59,2026-09-25 20:37:48,200,2026-09-25T20:39:05Z,225.46,2026-09-25T16:00:00.000-0400,229.15,NASDAQ,93.91M,21.174B,7.05,31.96,8.54,26.39,0,2026-09-25T20:24:46Z
JBL,316.74,310.69,2026-09-25T16:00:00,2026-09-25 20:37:48,200,2026-09-25T20:39:08Z,316.74,2026-09-25T16:10:00.000-0400,310.69,NYSE,104.79M,33.19B,8.01,39.52,15.83,20.01,0,2026-09-25T20:24:46Z
JKHY,147.79,147.75,2026-09-25T15:59:58,2026-09-25 20:37:47,200,2026-09-25T20:39:10Z,147.79,2026-09-25T16:00:00.000-0400,147.75,NASDAQ,70.11M,10.362B,6.97,21.19,7.38,20.03,0,2026-09-25T20:24:46Z
J,138.37,135.33,2026-09-25T15:59:59,2026-09-25 20:37:47,200,2026-09-25T20:39:13Z,138.37,2026-09-25T16:10:00.000-0400,135.33,NYSE,117.04M,16.195B,3.01,46.01,8.04,17.2,0,2026-09-25T20:24:46Z
JNJ,271.22,270.68,2026-09-25T15:59:59,2026-09-25 20:37:48,200,2026-09-25T20:39:15Z,271.22,2026-09-25T16:10:00.000-0400,270.68,NYSE,2.41B,653.613B,8.62,31.45,11.58,23.43,0,2026-09-25T20:24:46Z
JCI,150.2,145.36,2026-09-25T16:00:00,2026-09-25 20:37:48,200,2026-09-25T20:39:18Z,150.2,2026-09-25T16:10:00.000-0400,145.36,NYSE,605.74M,90.982B,3.55,42.36,5.81,25.84,0,2026-09-25T20:24:46Z
JPM,343.06,338.56,2026-09-25T16:00:00,2026-09-25 20:37:48,200,2026-09-25T20:39:20Z,343.06,2026-09-25T16:10:00.000-0400,338.56,NYSE,2.66B,911.917B,23.35,14.69,24.18,14.19,0,2026-09-25T20:24:46Z
KVUE,17.8,17.61,2026-09-25T15:59:59,2026-09-25 20:37:48,200,2026-09-25T20:39:23Z,17.8,2026-09-25T16:10:00.000-0400,17.61,NYSE,1.87B,33.239B,0.86,20.64,1.22,14.65,0,2026-09-25T20:24:46Z
KDP,31.95,30.88,2026-09-25T15:59:59,2026-09-25 20:37:48,200,2026-09-25T20:39:25Z,31.95,2026-09-25T16:00:00.000-0400,30.88,NASDAQ,1.36B,43.478B,0.99,32.38,2.44,13.08,0,2026-09-25T20:24:46Z
KEY,20.61,20.25,2026-09-25T15:59:59,2026-09-25 20:37:48,200,2026-09-25T20:39:28Z,20.61,2026-09-25T16:10:00.000-0400,20.25,NYSE,1.07B,21.994B,1.71,12.02,1.97,10.44,0,2026-09-25T20:24:46Z
KEYS,362.15,357.54,2026-09-25T15:59:59,2026-09-25 20:37:48,200,2026-09-25T20:39:30Z,362.15,2026-09-25T16:10:00.000-0400,357.54,NYSE,170.24M,61.654B,7.39,48.98,13.23,27.37,0,2026-09-25T20:24:46Z
KMB,98.43,97.22,2026-09-25T15:59:59,2026-09-25 20:37:48,200,2026-09-25T20:39:33Z,98.43,2026-09-25T16:00:00.000-0400,97.22,NASDAQ,332.58M,32.736B,4.41,22.33,7.06,13.94,0,2026-09-25T20:24:46Z
KIM,22.44,22.25,2026-09-25T15:59:59,2026-09-25 20:37:47,200,2026-09-25T20:39:35Z,22.44,2026-09-25T16:10:00.000-0400,22.25,NYSE,670.79M,15.053B,0.85,26.43,0.85,26.37,0,2026-09-25T20:24:46Z
KMI,30.75,31.25,2026-09-25T15:59:59,2026-09-25 20:37:48,200,2026-09-25T20:39:38Z,30.75,2026-09-25T16:10:00.000-0400,31.25,NYSE,2.23B,68.474B,1.55,19.83,1.51,20.35,0,2026-09-25T20:24:46Z
KKR,96.67,95.64,2026-09-25T16:00:00,2026-09-25 20:37:48,200,2026-09-25T20:39:40Z,96.67,2026-09-25T16:10:00.000-0400,95.64,NYSE,897.64M,86.774B,3.14,30.82,7.2,13.43,0,2026-09-25T20:24:46Z
KLAC,187.92,187.11,2026-09-25T15:59:59,2026-09-25 20:37:48,200,2026-09-25T20:39:43Z,187.92,2026-09-25T16:00:00.000-0400,187.11,NASDAQ,1.31B,245.237B,3.66,51.32,5.54,33.91,0,2026-09-25T20:24:46Z
KHC,23.63,23.86,2026-09-25T15:59:59,2026-09-25 20:37:48,200,2026-09-25T20:39:45Z,23.63,2026-09-25T16:10:00.000-0400,23.86,NYSE,1.19B,28.021B,-2.86,-8.25,1.99,11.89,0,2026-09-25T20:24:46Z
KR,58.74,58.92,2026-09-25T15:59:59,2026-09-25 20:37:48,200,2026-09-25T20:39:48Z,58.74,2026-09-25T16:10:00.000-0400,58.92,NYSE,590.59M,34.691B,1.84,31.9,5.31,11.06,0,2026-09-25T20:24:46Z
LHX,237.69,238.04,2026-09-25T15:59:59,2026-09-25 20:37:47,200,2026-09-25T20:39:50Z,237.69,2026-09-25T16:10:00.000-0400,238.04,NYSE,186.21M,44.261B,9.9,24.0,12.38,19.2,0,2026-09-25T20:24:46Z
LH,309.64,308.95,2026-09-25T15:59:53,2026-09-25 20:37:47,200,2026-09-25T20:39:53Z,309.64,2026-09-25T16:10:00.000-0400,308.95,NYSE,81.10M,25.112B,12.09,25.61,18.96,16.33,0,2026-09-25T20:24:46Z
LRCX,315.21,307.16,2026-09-25T15:59:59,2026-09-25 20:37:47,200,2026-09-25T20:39:55Z,315.21,2026-09-25T16:00:00.000-0400,307.16,NASDAQ,1.25B,394.429B,5.76,54.69,9.42,33.46,0,2026-09-25T20:24:46Z
LVS,38.99,38.65,2026-09-25T15:59:59,2026-09-25 20:37:47,200,2026-09-25T20:39:58Z,38.99,2026-09-25T16:10:00.000-0400,38.65,NYSE,647.70M,25.254B,2.57,15.19,3.27,11.93,0,2026-09-25T20:24:46Z
LDOS,123.61,123.35,2026-09-25T15:59:56,2026-09-25 20:37:47,200,2026-09-25T20:40:00Z,123.61,2026-09-25T16:10:00.000-0400,123.35,NYSE,125.49M,15.512B,10.71,11.54,12.08,10.23,0,2026-09-25T20:24:46Z
LEN,82.15,81.47,2026-09-25T15:59:59,2026-09-25 20:37:47,200,2026-09-25T20:40:03Z,82.15,2026-09-25T16:10:00.000-0400,81.47,NYSE,240.90M,19.79B,6.39,12.85,4.89,16.79,0,2026-09-25T20:24:46Z
LII,373.77,367.78,2026-09-25T15:59:57,2026-09-25 20:37:48,200,2026-09-25T20:40:05Z,373.77,2026-09-25T16:10:00.000-0400,367.78,NYSE,34.56M,12.918B,22.68,16.48,24.85,15.04,0,2026-09-25T20:24:46Z
LLY,1183.46,1181.89,2026-09-25T15:59:57,2026-09-25 20:37:47,200,2026-09-25T20:40:08Z,1183.46,2026-09-25T16:10:00.000-0400,1181.89,NYSE,941.36M,1.114T,29.8,39.72,41.57,28.47,0,2026-09-25T20:24:46Z
LIN,469.89,468.14,2026-09-25T15:59:59,2026-09-25 20:37:48,200,2026-09-25T20:40:10Z,469.89,2026-09-25T16:00:00.000-0400,468.14,NASDAQ,460.98M,216.61B,15.49,30.33,18.71,25.11,0,2026-09-25T20:24:46Z
LYV,170.87,171.06,2026-09-25T15:59:59,2026-09-25 20:37:47,200,2026-09-25T20:40:13Z,170.87,2026-09-25T16:10:00.000-0400,171.06,NYSE,232.96M,39.806B,-1.17,-146.14,1.26,135.4,0,2026-09-25T20:24:46Z
LMT,519.56,523.7,2026-09-25T16:00:00,2026-09-25 20:39:23,200,2026-09-25T20:40:15Z,519.56,2026-09-25T16:10:00.000-0400,523.7,NYSE,230.79M,119.91B,27.14,19.14,31.03,16.74,0,2026-09-25T20:24:46Z
L,104.82,105.07,2026-09-25T15:59:59,2026-09-25 20:39:23,200,2026-09-25T20:40:18Z,104.82,2026-09-25T16:10:00.000-0400,105.07,NYSE,204.43M,21.428B,8.16,12.84,,,0,2026-09-25T20:24:46Z
LOW,189.28,188.49,2026-09-25T16:00:00,2026-09-25 20:39:23,200,2026-09-25T20:40:20Z,189.28,2026-09-25T16:10:00.000-0400,188.49,NYSE,561.05M,106.196B,11.83,16.0,12.51,15.13,0,2026-09-25T20:24:46Z
LULU,101.3,101.64,2026-09-25T15:59:59,2026-09-25 20:39:23,200,2026-09-25T20:40:23Z,101.3,2026-09-25T16:00:00.000-0400,101.64,NASDAQ,110.71M,11.215B,12.2,8.3,8.35,12.13,0,2026-09-25T20:24:46Z
LITE,941.65,929.04,2026-09-25T15:59:59,2026-09-25 20:39:22,200,2026-09-25T20:40:25Z,941.65,2026-09-25T16:00:00.000-0400,929.04,NASDAQ,89.70M,84.466B,-81.42,-11.56,21.5,43.8,0,2026-09-25T20:24:46Z
LYB,58.14,60.18,2026-09-25T16:00:00,2026-09-25 20:39:23,200,2026-09-25T20:40:28Z,58.14,2026-09-25T16:10:00.000-0400,60.18,NYSE,323.04M,18.781B,-0.82,-71.13,7.14,8.14,0,2026-09-25T20:24:46Z
MTB,221.19,218.66,2026-09-25T15:59:55,2026-09-25 20:39:23,200,2026-09-25T20:40:30Z,221.19,2026-09-25T16:10:00.000-0400,218.66,NYSE,144.42M,31.943B,18.94,11.68,19.93,11.1,0,2026-09-25T20:24:46Z
MPC,393.52,390.95,2026-09-25T16:00:00,2026-09-25 20:39:23,200,2026-09-25T20:40:33Z,393.52,2026-09-25T16:10:00.000-0400,390.95,NYSE,280.82M,110.51B,29.05,13.55,59.9,6.57,0,2026-09-25T20:24:46Z
MAR,352.03,351.51,2026-09-25T15:59:59,2026-09-25 20:39:23,200,2026-09-25T20:40:35Z,352.03,2026-09-25T16:00:00.000-0400,351.51,NASDAQ,260.77M,91.798B,9.65,36.49,11.94,29.48,0,2026-09-25T20:24:46Z
MRSH,171.12,169.93,2026-09-25T16:00:00,2026-09-25 20:39:23,200,2026-09-25T20:40:38Z,171.12,2026-09-25T16:10:00.000-0400,169.93,NYSE,477.21M,81.66B,8.17,20.95,10.98,15.58,0,2026-09-25T20:24:47Z
MLM,484.3,480.1,2026-09-25T15:59:58,2026-09-25 20:39:23,200,2026-09-25T20:40:40Z,484.3,2026-09-25T16:10:00.000-0400,480.1,NYSE,71.02M,34.395B,15.38,31.48,19.29,25.11,0,2026-09-25T20:24:47Z
MRVL,261.935,258.95,2026-09-25T15:59:59,2026-09-25 20:39:22,200,2026-09-25T20:40:43Z,261.94,2026-09-25T16:00:00.000-0400,258.95,NASDAQ,876.90M,229.691B,3.03,86.44,5.43,48.2,0,2026-09-25T20:24:47Z
MAS,68.85,67.31,2026-09-25T15:59:59,2026-09-25 20:39:22,200,2026-09-25T20:40:45Z,68.85,2026-09-25T16:10:00.000-0400,67.31,NYSE,197.19M,13.576B,4.34,15.85,4.39,15.68,0,2026-09-25T20:24:47Z
MA,567.65,566.08,2026-09-25T15:59:59,2026-09-25 20:39:22,200,2026-09-25T20:40:48Z,567.65,2026-09-25T16:10:00.000-0400,566.08,NYSE,876.01M,497.267B,18.18,31.22,21.24,26.72,0,2026-09-25T20:24:47Z
MKC,47.94,47.82,2026-09-25T15:59:59,2026-09-25 20:39:23,200,2026-09-25T20:40:50Z,47.94,2026-09-25T16:10:00.000-0400,47.82,NYSE,268.85M,12.889B,6.01,7.98,3.11,15.4,0,2026-09-25T20:24:47Z
MCD,236.5,237.02,2026-09-25T15:59:59,2026-09-25 20:39:22,200,2026-09-25T20:40:52Z,236.5,2026-09-25T16:10:00.000-0400,237.02,NYSE,707.64M,167.357B,12.31,19.21,13.22,17.9,0,2026-09-25T20:24:47Z
MCK,866.64,869.36,2026-09-25T16:00:00,2026-09-25 20:39:22,200,2026-09-25T20:40:55Z,866.64,2026-09-25T16:10:00.000-0400,869.36,NYSE,116.59M,101.042B,37.35,23.2,46.34,18.7,0,2026-09-25T20:24:47Z
MDT,88.64,88.51,2026-09-25T16:00:00,2026-09-25 20:39:22,200,2026-09-25T20:40:58Z,88.64,2026-09-25T16:10:00.000-0400,87.79,NYSE,1.28B,113.383B,4.06,21.82,6.01,14.74,0,2026-09-25T20:24:47Z
MRK,148.78,147.98,2026-09-25T15:59:59,2026-09-25 20:39:23,200,2026-09-25T20:41:00Z,148.78,2026-09-25T16:10:00.000-0400,147.98,NYSE,2.47B,367.066B,1.25,118.83,8.59,17.31,0,2026-09-25T20:24:47Z
META,751.66,777.59,2026-09-25T15:59:59,2026-09-25 20:39:23,200,2026-09-25T20:41:03Z,751.66,2026-09-25T16:00:00.000-0400,777.59,NASDAQ,2.55B,1.915T,28.88,26.03,30.29,24.82,0,2026-09-25T20:24:47Z
MET,97.7,97.25,2026-09-25T15:59:59,2026-09-25 20:39:22,200,2026-09-25T20:41:05Z,97.7,2026-09-25T16:10:00.000-0400,97.25,NYSE,635.48M,62.086B,5.22,18.7,10.54,9.27,0,2026-09-25T20:24:47Z
MTD,1511.64,1519.15,2026-09-25T16:00:00,2026-09-25 20:39:23,200,2026-09-25T20:41:08Z,1511.64,2026-09-25T16:10:00.000-0400,1519.15,NYSE,20.04M,30.288B,44.43,34.02,49.56,30.5,0,2026-09-25T20:24:47Z
MGM,32.58,33.69,2026-09-25T15:59:59,2026-09-25 20:39:23,200,2026-09-25T20:41:10Z,32.58,2026-09-25T16:10:00.000-0400,33.69,NYSE,251.59M,8.197B,1.62,20.07,1.77,18.4,0,2026-09-25T20:24:47Z
MCHP,78.69,74.69,2026-09-25T15:59:59,2026-09-25 20:39:23,200,2026-09-25T20:41:13Z,78.69,2026-09-25T16:00:00.000-0400,74.69,NASDAQ,543.01M,42.729B,0.67,117.12,3.91,20.14,0,2026-09-25T20:24:47Z
MU,1081.38,1080.53,2026-09-25T15:59:59,2026-09-25 20:39:23,200,2026-09-25T20:41:15Z,1082.28,2026-09-25T16:00:00.000-0400,1080.53,NASDAQ,1.13B,1.222T,44.17,24.5,145.15,7.46,0,2026-09-25T20:24:47Z
MSFT,516.17,497.93,2026-09-25T15:59:59,2026-09-25 20:39:22,200,2026-09-25T20:41:18Z,516.17,2026-09-25T16:00:00.000-0400,497.93,NASDAQ,7.43B,3.833T,17.95,28.76,19.68,26.23,0,2026-09-25T20:24:47Z
MAA,118.35,117.26,2026-09-25T16:00:00,2026-09-25 20:39:23,200,2026-09-25T20:41:20Z,118.35,2026-09-25T16:10:00.000-0400,117.26,NYSE,116.02M,13.731B,3.43,34.55,3.14,37.72,0,2026-09-25T20:24:47Z
MRNA,198.88,194.82,2026-09-25T15:59:59,2026-09-25 20:39:23,200,2026-09-25T20:41:23Z,198.88,2026-09-25T16:00:00.000-0400,194.82,NASDAQ,399.24M,79.40B,-7.98,-24.91,-6.99,-28.45,0,2026-09-25T20:24:47Z
MDLZ,60.25,60.86,2026-09-25T15:59:59,2026-09-25 20:39:23,200,2026-09-25T20:41:25Z,60.25,2026-09-25T16:00:00.000-0400,60.86,NASDAQ,1.28B,76.898B,2.73,22.1,3.22,18.7,0,2026-09-25T20:24:47Z
MPWR,1367.4301,1335.55,2026-09-25T15:59:59,2026-09-25 20:39:22,200,2026-09-25T20:41:28Z,1367.43,2026-09-25T16:00:00.000-0400,1335.55,NASDAQ,49.14M,67.20B,16.43,83.22,32.11,42.59,0,2026-09-25T20:24:47Z
MNST,43.11,42.67,2026-09-25T15:59:59,2026-09-25 20:39:22,200,2026-09-25T20:41:30Z,43.11,2026-09-25T16:00:00.000-0400,42.67,NASDAQ,1.96B,84.324B,1.08,40.01,1.23,34.96,0,2026-09-25T20:24:47Z
MCO,468.7,467.35,2026-09-25T15:59:59,2026-09-25 20:39:23,200,2026-09-25T20:41:33Z,468.7,2026-09-25T16:10:00.000-0400,467.35,NYSE,173.18M,81.17B,15.76,29.73,17.78,26.36,0,2026-09-25T20:24:47Z
MS,196.31,196.32,2026-09-25T16:00:00,2026-09-25 20:39:22,200,2026-09-25T20:41:35Z,196.31,2026-09-25T16:10:00.000-0400,196.32,NYSE,1.57B,308.318B,12.37,15.87,13.2,14.88,0,2026-09-25T20:24:47Z
MOS,23.01,23.69,2026-09-25T15:59:59,2026-09-25 20:39:22,200,2026-09-25T20:41:38Z,23.01,2026-09-25T16:10:00.000-0400,23.69,NYSE,317.90M,7.315B,-2.02,-11.41,0.96,23.87,0,2026-09-25T20:24:47Z
MSI,456.88,454.91,2026-09-25T16:00:00,2026-09-25 20:39:23,200,2026-09-25T20:41:40Z,456.88,2026-09-25T16:10:00.000-0400,454.91,NYSE,165.49M,75.611B,12.69,36.01,18.11,25.23,0,2026-09-25T20:24:47Z
MSCI,551.36,556.08,2026-09-25T16:00:00,2026-09-25 20:39:23,200,2026-09-25T20:41:43Z,551.36,2026-09-25T16:10:00.000-0400,556.08,NYSE,72.70M,40.084B,18.28,30.16,21.12,26.11,0,2026-09-25T20:24:47Z
NDAQ,93.55,94.55,2026-09-25T15:59:59,2026-09-25 20:39:23,200,2026-09-25T20:41:45Z,93.55,2026-09-25T16:00:00.000-0400,94.55,NASDAQ,558.98M,52.292B,3.43,27.27,4.37,21.4,0,2026-09-25T20:24:47Z
NTAP,201.145,197.24,2026-09-25T15:59:59,2026-09-25 20:39:22,200,2026-09-25T20:41:48Z,201.15,2026-09-25T16:00:00.000-0400,197.24,NASDAQ,196.42M,39.509B,7.09,28.39,9.91,20.29,0,2026-09-25T20:24:47Z
NFLX,71.145,71.72,2026-09-25T15:59:59,2026-09-25 20:39:22,200,2026-09-25T20:41:50Z,71.15,2026-09-25T16:00:00.000-0400,71.72,NASDAQ,4.16B,296.243B,3.17,22.41,3.47,20.53,0,2026-09-25T20:24:47Z
NEM,121.43,121.3,2026-09-25T15:59:59,2026-09-25 20:39:22,200,2026-09-25T20:41:53Z,121.43,2026-09-25T16:10:00.000-0400,121.3,NYSE,1.05B,127.95B,6.39,19.0,9.87,12.31,0,2026-09-25T20:24:47Z
NWSA,28.49,28.44,2026-09-25T15:59:59,2026-09-25 20:39:22,200,2026-09-25T20:41:55Z,28.49,2026-09-25T16:00:00.000-0400,28.44,NASDAQ,540.45M,15.397B,1.03,27.76,1.33,21.42,0,2026-09-25T20:24:47Z
NWS,31.75,31.56,2026-09-25T15:59:59,2026-09-25 20:39:22,200,2026-09-25T20:41:58Z,31.75,2026-09-25T16:00:00.000-0400,31.56,NASDAQ,540.45M,17.159B,,,,,0,2026-09-25T20:24:47Z
NEE,76.08,75.62,2026-09-25T15:59:59,2026-09-25 20:40:58,200,2026-09-25T20:42:00Z,76.08,2026-09-25T16:10:00.000-0400,75.62,NYSE,2.09B,158.701B,4.46,17.07,4.07,18.68,0,2026-09-25T20:24:47Z
NKE,35.75,35.99,2026-09-25T15:59:59,2026-09-25 20:40:58,200,2026-09-25T20:42:03Z,35.75,2026-09-25T16:10:00.000-0400,35.99,NYSE,1.48B,53.035B,2.1,17.04,1.65,21.72,0,2026-09-25T20:24:47Z
NI,39.42,39.12,2026-09-25T15:59:59,2026-09-25 20:40:57,200,2026-09-25T20:42:05Z,39.42,2026-09-25T16:10:00.000-0400,39.12,NYSE,479.56M,18.904B,1.89,20.87,2.18,18.07,0,2026-09-25T20:24:47Z
NDSN,325.77,323.26,2026-09-25T15:59:59,2026-09-25 20:40:58,200,2026-09-25T20:42:08Z,325.77,2026-09-25T16:00:00.000-0400,323.26,NASDAQ,55.70M,18.145B,9.88,32.96,12.55,25.96,0,2026-09-25T20:24:47Z
NSC,313.0,313.17,2026-09-25T16:00:00,2026-09-25 20:40:58,200,2026-09-25T20:42:10Z,313.0,2026-09-25T16:10:00.000-0400,313.17,NYSE,224.61M,70.302B,11.71,26.73,13.69,22.86,0,2026-09-25T20:24:47Z
NTRS,175.73,174.5,2026-09-25T15:59:59,2026-09-25 20:40:58,200,2026-09-25T20:42:13Z,175.73,2026-09-25T16:00:00.000-0400,174.5,NASDAQ,182.96M,32.151B,11.65,15.08,11.84,14.84,0,2026-09-25T20:24:47Z
NOC,510.52,508.98,2026-09-25T16:00:00,2026-09-25 20:40:58,200,2026-09-25T20:42:15Z,510.52,2026-09-25T16:10:00.000-0400,508.98,NYSE,142.06M,72.526B,31.47,16.22,29.15,17.52,0,2026-09-25T20:24:47Z
NCLH,14.61,14.19,2026-09-25T15:59:59,2026-09-25 20:40:58,200,2026-09-25T20:42:18Z,14.61,2026-09-25T16:10:00.000-0400,14.19,NYSE,459.19M,6.709B,1.58,9.24,1.24,11.8,0,2026-09-25T20:24:48Z
NRG,100.37,97.85,2026-09-25T15:59:59,2026-09-25 20:40:57,200,2026-09-25T20:42:20Z,100.37,2026-09-25T16:10:00.000-0400,97.85,NYSE,210.21M,21.099B,3.78,26.57,10.5,9.56,0,2026-09-25T20:24:48Z
NUE,247.25,247.96,2026-09-25T15:59:55,2026-09-25 20:40:58,200,2026-09-25T20:42:23Z,247.25,2026-09-25T16:10:00.000-0400,247.96,NYSE,226.88M,56.095B,12.53,19.73,22.73,10.88,0,2026-09-25T20:24:48Z
NVDA,225.07,224.58,2026-09-25T15:59:59,2026-09-25 20:40:57,200,2026-09-25T20:42:25Z,225.07,2026-09-25T16:00:00.000-0400,224.58,NASDAQ,24.10B,5.424T,7.91,28.45,12.07,18.65,0,2026-09-25T20:24:48Z
NVR,6297.6001,6235.4902,2026-09-25T16:00:00,2026-09-25 20:40:57,200,2026-09-25T20:42:28Z,6297.6,2026-09-25T16:10:00.000-0400,6235.49,NYSE,2.66M,16.782B,385.67,16.33,384.45,16.38,0,2026-09-25T20:24:48Z
NXPI,238.08,230.16,2026-09-25T15:59:59,2026-09-25 20:40:58,200,2026-09-25T20:42:30Z,238.08,2026-09-25T16:00:00.000-0400,230.16,NASDAQ,252.16M,60.035B,11.72,20.32,16.55,14.38,0,2026-09-25T20:24:48Z
ORLY,86.115,86.24,2026-09-25T15:59:59,2026-09-25 20:40:58,200,2026-09-25T20:42:33Z,86.12,2026-09-25T16:00:00.000-0400,86.24,NASDAQ,808.96M,69.664B,3.14,27.39,3.46,24.86,0,2026-09-25T20:24:48Z
OXY,56.86,58.05,2026-09-25T15:59:59,2026-09-25 20:40:57,200,2026-09-25T20:42:35Z,56.86,2026-09-25T16:10:00.000-0400,58.05,NYSE,999.64M,56.839B,3.13,18.17,5.01,11.35,0,2026-09-25T20:24:48Z
ODFL,173.3,174.93,2026-09-25T15:59:59,2026-09-25 20:40:57,200,2026-09-25T20:42:38Z,173.3,2026-09-25T16:00:00.000-0400,174.93,NASDAQ,207.36M,35.935B,5.2,33.35,6.25,27.72,0,2026-09-25T20:24:48Z
OMC,76.15,74.7,2026-09-25T15:59:59,2026-09-25 20:40:57,200,2026-09-25T20:42:40Z,76.15,2026-09-25T16:10:00.000-0400,74.7,NYSE,274.35M,20.891B,1.16,65.38,10.69,7.12,0,2026-09-25T20:24:48Z
ON,77.2,73.15,2026-09-25T15:59:59,2026-09-25 20:40:58,200,2026-09-25T20:42:43Z,77.2,2026-09-25T16:00:00.000-0400,73.15,NASDAQ,389.31M,30.055B,1.55,49.78,3.52,21.96,0,2026-09-25T20:24:48Z
OKE,88.63,91.18,2026-09-25T16:00:00,2026-09-25 20:40:58,200,2026-09-25T20:42:45Z,88.63,2026-09-25T16:10:00.000-0400,91.18,NYSE,630.41M,55.873B,5.79,15.31,5.96,14.87,0,2026-09-25T20:24:48Z
ORCL,137.1,139.54,2026-09-25T15:59:59,2026-09-25 20:40:57,200,2026-09-25T20:42:48Z,137.1,2026-09-25T16:10:00.000-0400,139.54,NYSE,3.02B,414.554B,6.37,21.52,8.5,16.12,0,2026-09-25T20:24:48Z
OTIS,65.94,66.68,2026-09-25T15:59:59,2026-09-25 20:40:58,200,2026-09-25T20:42:50Z,65.94,2026-09-25T16:10:00.000-0400,66.68,NYSE,380.67M,25.101B,3.89,16.93,4.28,15.41,0,2026-09-25T20:24:48Z
PCAR,111.31,110.67,2026-09-25T15:59:59,2026-09-25 20:40:58,200,2026-09-25T20:42:53Z,111.31,2026-09-25T16:00:00.000-0400,110.67,NASDAQ,526.36M,58.59B,4.75,23.43,6.53,17.04,0,2026-09-25T20:24:48Z
PKG,237.18,238.11,2026-09-25T15:59:59,2026-09-25 20:40:57,200,2026-09-25T20:42:55Z,237.18,2026-09-25T16:10:00.000-0400,238.11,NYSE,89.10M,21.132B,7.7,30.82,11.6,20.44,0,2026-09-25T20:24:48Z
PLTR,189.67,192.59,2026-09-25T15:59:59,2026-09-25 20:40:58,200,2026-09-25T20:42:58Z,189.67,2026-09-25T16:00:00.000-0400,192.59,NASDAQ,2.40B,455.788B,1.17,161.63,1.71,110.72,0,2026-09-25T20:24:48Z
PANW,374.74,389.92,2026-09-25T15:59:59,2026-09-25 20:40:57,200,2026-09-25T20:43:00Z,374.74,2026-09-25T16:00:00.000-0400,389.92,NASDAQ,818.00M,306.537B,0.51,736.08,4.18,89.57,0,2026-09-25T20:24:48Z
PSKY,9.96,10.18,2026-09-25T15:59:59,2026-09-25 20:40:57,200,2026-09-25T20:43:03Z,9.96,2026-09-25T16:00:00.000-0400,10.18,NASDAQ,1.12B,11.175B,,,0.74,13.46,0,2026-09-25T20:24:48Z
PH,978.33,974.98,2026-09-25T15:59:59,2026-09-25 20:40:57,200,2026-09-25T20:43:05Z,978.33,2026-09-25T16:10:00.000-0400,974.98,NYSE,126.11M,123.38B,28.49,34.34,35.22,27.78,0,2026-09-25T20:24:48Z
PAYX,101.37,101.59,2026-09-25T15:59:59,2026-09-25 20:40:58,200,2026-09-25T20:43:08Z,101.37,2026-09-25T16:00:00.000-0400,101.59,NASDAQ,355.98M,36.086B,5.03,20.13,6.05,16.75,0,2026-09-25T20:24:48Z
PYPL,55.04,52.6,2026-09-25T15:59:59,2026-09-25 20:40:58,200,2026-09-25T20:43:10Z,55.04,2026-09-25T16:00:00.000-0400,52.6,NASDAQ,855.46M,47.085B,5.3,10.38,5.54,9.93,0,2026-09-25T20:24:48Z
PNR,53.66,53.03,2026-09-25T15:59:59,2026-09-25 20:40:57,200,2026-09-25T20:43:13Z,53.66,2026-09-25T16:10:00.000-0400,53.03,NYSE,159.64M,8.566B,3.88,13.85,4.86,11.04,0,2026-09-25T20:24:48Z
PEP,128.63,128.15,2026-09-25T15:59:59,2026-09-25 20:40:58,200,2026-09-25T20:43:15Z,128.63,2026-09-25T16:00:00.000-0400,128.15,NASDAQ,1.36B,175.566B,7.62,16.87,8.71,14.77,0,2026-09-25T20:24:48Z
PFE,28.67,28.41,2026-09-25T15:59:59,2026-09-25 20:40:57,200,2026-09-25T20:43:18Z,28.67,2026-09-25T16:10:00.000-0400,28.41,NYSE,5.70B,163.41B,0.76,37.92,2.75,10.43,0,2026-09-25T20:24:48Z
PCG,12.34,12.32,2026-09-25T15:59:59,2026-09-25 20:40:57,200,2026-09-25T20:43:20Z,12.34,2026-09-25T16:10:00.000-0400,12.32,NYSE,2.20B,27.177B,1.37,9.01,1.68,7.35,0,2026-09-25T20:24:48Z
PM,190.48,191.5,2026-09-25T16:00:00,2026-09-25 20:40:58,200,2026-09-25T20:43:23Z,190.48,2026-09-25T16:10:00.000-0400,191.5,NYSE,1.56B,296.885B,6.96,27.38,8.74,21.8,0,2026-09-25T20:24:48Z
PSX,255.75,255.87,2026-09-25T15:59:59,2026-09-25 20:40:57,200,2026-09-25T20:43:25Z,255.75,2026-09-25T16:10:00.000-0400,255.87,NYSE,399.02M,102.05B,17.5,14.62,31.5,8.12,0,2026-09-25T20:24:48Z
PNW,91.74,91.08,2026-09-25T16:00:00,2026-09-25 20:40:57,200,2026-09-25T20:43:28Z,91.74,2026-09-25T16:10:00.000-0400,91.08,NYSE,121.20M,11.119B,5.21,17.59,5.01,18.32,0,2026-09-25T20:24:48Z
PNC,225.64,223.34,2026-09-25T15:59:59,2026-09-25 20:40:58,200,2026-09-25T20:43:30Z,225.64,2026-09-25T16:10:00.000-0400,223.34,NYSE,398.94M,90.018B,18.19,12.41,20.4,11.06,0,2026-09-25T20:24:48Z
PPG,107.52,106.32,2026-09-25T15:59:59,2026-09-25 20:40:58,200,2026-09-25T20:43:33Z,107.52,2026-09-25T16:10:00.000-0400,106.32,NYSE,222.30M,23.902B,6.96,15.44,8.26,13.01,0,2026-09-25T20:24:48Z
PPL,32.03,31.97,2026-09-25T15:59:59,2026-09-25 20:40:57,200,2026-09-25T20:43:35Z,32.03,2026-09-25T16:10:00.000-0400,31.97,NYSE,752.54M,24.104B,1.68,19.02,2.07,15.46,0,2026-09-25T20:24:48Z
PFG,114.77,114.15,2026-09-25T15:59:59,2026-09-25 20:42:33,200,2026-09-25T20:43:38Z,114.77,2026-09-25T16:00:00.000-0400,114.15,NASDAQ,214.10M,24.573B,7.05,16.29,9.93,11.56,0,2026-09-25T20:24:48Z
PG,146.23,145.68,2026-09-25T16:00:00,2026-09-25 20:42:34,200,2026-09-25T20:43:40Z,146.23,2026-09-25T16:10:00.000-0400,145.68,NYSE,2.32B,339.644B,6.62,22.09,6.98,20.94,0,2026-09-25T20:24:48Z
PGR,205.5,202.17,2026-09-25T16:00:00,2026-09-25 20:42:34,200,2026-09-25T20:43:43Z,205.5,2026-09-25T16:10:00.000-0400,202.17,NYSE,580.40M,119.272B,19.93,10.31,16.65,12.34,0,2026-09-25T20:24:48Z
PLD,133.05,133.82,2026-09-25T15:59:59,2026-09-25 20:42:33,200,2026-09-25T20:43:45Z,133.05,2026-09-25T16:10:00.000-0400,133.82,NYSE,950.33M,126.442B,4.49,29.64,3.4,39.13,0,2026-09-25T20:24:48Z
PRU,119.45,118.75,2026-09-25T15:59:59,2026-09-25 20:42:34,200,2026-09-25T20:43:48Z,119.45,2026-09-25T16:10:00.000-0400,118.75,NYSE,345.00M,41.21B,11.04,10.82,14.23,8.4,0,2026-09-25T20:24:48Z
PEG,67.02,66.56,2026-09-25T15:59:59,2026-09-25 20:42:34,200,2026-09-25T20:43:50Z,67.02,2026-09-25T16:10:00.000-0400,66.56,NYSE,498.42M,33.404B,4.02,16.67,4.49,14.93,0,2026-09-25T20:24:48Z
PTC,138.12,137.41,2026-09-25T15:59:57,2026-09-25 20:42:34,200,2026-09-25T20:43:53Z,138.12,2026-09-25T16:00:00.000-0400,137.41,NASDAQ,108.51M,14.987B,10.29,13.43,8.41,16.42,0,2026-09-25T20:24:48Z
PSA,287.97,284.56,2026-09-25T15:59:59,2026-09-25 20:42:33,200,2026-09-25T20:43:55Z,287.97,2026-09-25T16:10:00.000-0400,284.56,NYSE,186.85M,53.808B,10.48,27.47,9.83,29.29,0,2026-09-25T20:24:48Z
PHM,119.85,118.18,2026-09-25T15:59:59,2026-09-25 20:42:33,200,2026-09-25T20:43:58Z,119.85,2026-09-25T16:10:00.000-0400,118.18,NYSE,187.45M,22.466B,9.79,12.24,10.66,11.24,0,2026-09-25T20:24:49Z
PWR,649.13,643.5,2026-09-25T15:59:57,2026-09-25 20:42:34,200,2026-09-25T20:44:00Z,649.13,2026-09-25T16:10:00.000-0400,643.5,NYSE,147.33M,95.636B,8.73,74.35,18.27,35.53,0,2026-09-25T20:24:49Z
QCOM,201.97,194.26,2026-09-25T15:59:59,2026-09-25 20:42:34,200,2026-09-25T20:44:03Z,201.97,2026-09-25T16:00:00.000-0400,194.26,NASDAQ,1.05B,212.069B,8.64,23.38,9.28,21.76,0,2026-09-25T20:24:49Z
DGX,236.32,236.59,2026-09-25T15:59:59,2026-09-25 20:42:34,200,2026-09-25T20:44:05Z,236.32,2026-09-25T16:10:00.000-0400,236.59,NYSE,110.37M,26.083B,9.41,25.12,11.45,20.64,0,2026-09-25T20:24:49Z
Q,124.69,122.31,2026-09-25T15:59:59,2026-09-25 20:42:34,200,2026-09-25T20:44:08Z,124.69,2026-09-25T16:10:00.000-0400,122.31,NYSE,209.21M,26.086B,2.79,44.71,4.84,25.79,0,2026-09-25T20:24:49Z
RL,357.1,351.86,2026-09-25T16:00:00,2026-09-25 20:42:34,200,2026-09-25T20:44:10Z,357.1,2026-09-25T16:10:00.000-0400,350.86,NYSE,59.58M,21.277B,15.86,22.51,19.58,18.24,0,2026-09-25T20:24:49Z
RJF,159.87,158.76,2026-09-25T15:59:58,2026-09-25 20:42:34,200,2026-09-25T20:44:13Z,159.87,2026-09-25T16:10:00.000-0400,158.76,NYSE,192.36M,30.753B,11.48,13.93,13.84,11.55,0,2026-09-25T20:24:49Z
RDDT,149.84,152.72,2026-09-25T16:00:00,2026-09-25 20:42:34,200,2026-09-25T20:44:15Z,149.84,2026-09-25T16:10:00.000-0400,152.72,NYSE,192.40M,28.829B,4.29,34.97,6.12,24.5,0,2026-09-25T20:24:49Z
RTX,189.4,188.61,2026-09-25T16:00:00,2026-09-25 20:42:33,200,2026-09-25T20:44:18Z,189.4,2026-09-25T16:10:00.000-0400,188.61,NYSE,1.35B,255.265B,5.68,33.35,7.37,25.72,0,2026-09-25T20:24:49Z
O,55.54,55.41,2026-09-25T15:59:59,2026-09-25 20:42:34,200,2026-09-25T20:44:20Z,55.54,2026-09-25T16:10:00.000-0400,55.41,NYSE,946.22M,52.553B,1.37,40.6,1.64,33.85,0,2026-09-25T20:24:49Z
REG,73.23,72.92,2026-09-25T15:59:59,2026-09-25 20:42:33,200,2026-09-25T20:44:23Z,73.23,2026-09-25T16:00:00.000-0400,72.92,NASDAQ,183.12M,13.41B,2.96,24.72,2.51,29.18,0,2026-09-25T20:24:49Z
REGN,788.04,796.02,2026-09-25T15:59:59,2026-09-25 20:42:34,200,2026-09-25T20:44:25Z,788.04,2026-09-25T16:00:00.000-0400,796.02,NASDAQ,102.96M,81.133B,40.86,19.28,59.85,13.17,0,2026-09-25T20:24:49Z
RF,27.62,27.26,2026-09-25T15:59:59,2026-09-25 20:42:34,200,2026-09-25T20:44:28Z,27.62,2026-09-25T16:10:00.000-0400,27.26,NYSE,851.93M,23.53B,2.46,11.23,2.73,10.12,0,2026-09-25T20:24:49Z
RSG,212.1,212.72,2026-09-25T16:00:00,2026-09-25 20:42:33,200,2026-09-25T20:44:30Z,212.1,2026-09-25T16:10:00.000-0400,212.72,NYSE,306.21M,64.948B,7.05,30.07,7.61,27.86,0,2026-09-25T20:24:49Z
RMD,222.0,221.89,2026-09-25T15:59:59,2026-09-25 20:42:33,200,2026-09-25T20:44:33Z,222.0,2026-09-25T16:10:00.000-0400,221.89,NYSE,144.25M,32.024B,10.44,21.27,12.12,18.32,0,2026-09-25T20:24:49Z
RVTY,151.11,150.68,2026-09-25T15:59:59,2026-09-25 20:42:33,200,2026-09-25T20:44:35Z,151.11,2026-09-25T16:10:00.000-0400,150.68,NYSE,111.59M,16.862B,2.1,71.96,5.62,26.91,0,2026-09-25T20:24:49Z
HOOD,119.4,120.82,2026-09-25T15:59:59,2026-09-25 20:42:34,200,2026-09-25T20:44:38Z,119.4,2026-09-25T16:00:00.000-0400,120.82,NASDAQ,899.08M,107.35B,2.0,59.77,2.43,49.06,0,2026-09-25T20:24:49Z
ROK,434.15,432.93,2026-09-25T15:59:54,2026-09-25 20:42:33,200,2026-09-25T20:44:40Z,434.15,2026-09-25T16:10:00.000-0400,432.93,NYSE,111.05M,48.212B,10.68,40.65,14.5,29.94,0,2026-09-25T20:24:49Z
ROL,30.03,30.4,2026-09-25T15:59:59,2026-09-25 20:42:33,200,2026-09-25T20:44:43Z,30.03,2026-09-25T16:10:00.000-0400,30.4,NYSE,481.15M,14.449B,1.1,27.26,1.22,24.66,0,2026-09-25T20:24:49Z
ROP,358.56,364.02,2026-09-25T15:59:59,2026-09-25 20:42:33,200,2026-09-25T20:44:45Z,358.56,2026-09-25T16:00:00.000-0400,364.02,NASDAQ,98.90M,35.462B,24.13,14.86,23.48,15.27,0,2026-09-25T20:24:49Z
ROST,236.12,235.4,2026-09-25T15:59:59,2026-09-25 20:42:33,200,2026-09-25T20:44:48Z,236.12,2026-09-25T16:00:00.000-0400,235.4,NASDAQ,319.45M,75.429B,8.27,28.54,8.52,27.7,0,2026-09-25T20:24:49Z
RCL,242.7,238.98,2026-09-25T15:59:59,2026-09-25 20:42:34,200,2026-09-25T20:44:50Z,242.7,2026-09-25T16:10:00.000-0400,238.98,NYSE,267.45M,64.911B,16.21,14.97,18.84,12.88,0,2026-09-25T20:24:49Z
SPGI,403.3,403.25,2026-09-25T16:00:00,2026-09-25 20:42:33,200,2026-09-25T20:44:53Z,403.3,2026-09-25T16:10:00.000-0400,403.25,NYSE,294.80M,118.893B,16.42,24.56,18.9,21.34,0,2026-09-25T20:24:49Z
CRM,234.02,238.22,2026-09-25T15:59:59,2026-09-25 20:44:08,200,2026-09-25T20:44:55Z,234.02,2026-09-25T16:10:00.000-0400,238.22,NYSE,823.00M,192.598B,10.98,21.32,14.64,15.99,0,2026-09-25T20:24:49Z
SNDK,1777.8,1753.62,2026-09-25T15:59:59,2026-09-25 20:42:33,200,2026-09-25T20:44:58Z,1777.8,2026-09-25T16:00:00.000-0400,1753.62,NASDAQ,146.42M,260.304B,73.7,24.12,214.17,8.3,0,2026-09-25T20:24:49Z
SBAC,166.15,166.12,2026-09-25T15:59:59,2026-09-25 20:42:34,200,2026-09-25T20:45:00Z,166.15,2026-09-25T16:00:00.000-0400,166.12,NASDAQ,106.09M,17.627B,9.29,17.89,7.91,21.02,0,2026-09-25T20:24:49Z
SLB,51.54,51.43,2026-09-25T15:59:59,2026-09-25 20:42:34,200,2026-09-25T20:45:03Z,51.54,2026-09-25T16:10:00.000-0400,51.43,NYSE,1.48B,76.493B,2.06,24.99,2.84,18.16,0,2026-09-25T20:24:49Z
STX,916.83,905.92,2026-09-25T15:59:59,2026-09-25 20:42:34,200,2026-09-25T20:45:05Z,916.83,2026-09-25T16:00:00.000-0400,905.92,NASDAQ,229.04M,209.992B,13.9,65.94,36.46,25.15,0,2026-09-25T20:24:49Z
SRE,77.93,77.74,2026-09-25T15:59:59,2026-09-25 20:42:34,200,2026-09-25T20:45:08Z,77.93,2026-09-25T16:10:00.000-0400,77.74,NYSE,653.90M,50.958B,3.45,22.6,5.19,15.02,0,2026-09-25T20:24:49Z
NOW,135.62,137.78,2026-09-25T15:59:59,2026-09-25 20:44:09,200,2026-09-25T20:45:10Z,135.62,2026-09-25T16:10:00.000-0400,137.78,NYSE,1.03B,140.212B,1.6,84.68,4.53,29.93,0,2026-09-25T20:24:49Z
SHW,329.1,320.4,2026-09-25T16:00:00,2026-09-25 20:42:33,200,2026-09-25T20:45:13Z,329.1,2026-09-25T16:10:00.000-0400,320.4,NYSE,242.76M,79.892B,10.85,30.34,12.79,25.74,0,2026-09-25T20:24:49Z
SPG,204.82,204.7,2026-09-25T16:00:00,2026-09-25 20:42:33,200,2026-09-25T20:45:15Z,204.82,2026-09-25T16:10:00.000-0400,204.7,NYSE,323.56M,66.271B,14.17,14.46,6.85,29.9,0,2026-09-25T20:24:49Z
SWKS,89.34,87.81,2026-09-25T15:59:59,2026-09-25 20:42:33,200,2026-09-25T20:45:18Z,89.34,2026-09-25T16:00:00.000-0400,87.81,NASDAQ,150.47M,13.443B,2.06,43.44,4.78,18.68,0,2026-09-25T20:24:49Z
SJM,121.0,121.66,2026-09-25T15:59:59,2026-09-25 20:42:33,200,2026-09-25T20:45:20Z,121.0,2026-09-25T16:10:00.000-0400,121.66,NYSE,106.82M,12.926B,2.15,56.33,10.13,11.94,0,2026-09-25T20:24:49Z
SW,46.41,46.0,2026-09-25T15:59:59,2026-09-25 20:42:33,200,2026-09-25T20:45:23Z,46.41,2026-09-25T16:10:00.000-0400,46.0,NYSE,524.52M,24.343B,0.94,49.17,2.96,15.7,0,2026-09-25T20:24:49Z
SNA,369.2,367.71,2026-09-25T15:59:51,2026-09-25 20:44:09,200,2026-09-25T20:45:25Z,369.2,2026-09-25T16:10:00.000-0400,367.71,NYSE,51.73M,19.098B,19.61,18.83,20.56,17.96,0,2026-09-25T20:24:49Z
SOLV,89.5,88.59,2026-09-25T15:59:59,2026-09-25 20:44:09,200,2026-09-25T20:45:28Z,89.5,2026-09-25T16:10:00.000-0400,88.59,NYSE,170.22M,15.235B,8.18,10.94,6.74,13.27,0,2026-09-25T20:24:49Z
SO,82.88,82.89,2026-09-25T15:59:59,2026-09-25 20:44:09,200,2026-09-25T20:45:30Z,82.88,2026-09-25T16:10:00.000-0400,82.89,NYSE,1.15B,95.342B,4.15,19.99,4.68,17.72,0,2026-09-25T20:24:49Z
LUV,42.68,41.55,2026-09-25T15:59:59,2026-09-25 20:44:09,200,2026-09-25T20:45:33Z,42.68,2026-09-25T16:10:00.000-0400,41.55,NYSE,489.21M,20.879B,1.58,26.94,3.82,11.18,0,2026-09-25T20:24:49Z
SWK,91.4,90.17,2026-09-25T15:59:58,2026-09-25 20:44:08,200,2026-09-25T20:45:35Z,91.4,2026-09-25T16:10:00.000-0400,90.17,NYSE,151.02M,13.803B,4.1,22.29,5.81,15.73,0,2026-09-25T20:24:49Z
SBUX,94.86,93.65,2026-09-25T15:59:59,2026-09-25 20:44:08,200,2026-09-25T20:45:38Z,94.86,2026-09-25T16:00:00.000-0400,93.65,NASDAQ,1.14B,108.14B,1.73,54.69,2.96,32.01,0,2026-09-25T20:24:50Z
STT,181.34,181.09,2026-09-25T16:00:00,2026-09-25 20:44:08,200,2026-09-25T20:45:40Z,181.34,2026-09-25T16:10:00.000-0400,181.09,NYSE,274.70M,49.814B,11.38,15.93,14.51,12.5,0,2026-09-25T20:24:50Z
STLD,233.66,235.2,2026-09-25T15:59:59,2026-09-25 20:44:09,200,2026-09-25T20:45:43Z,233.66,2026-09-25T16:00:00.000-0400,235.2,NASDAQ,143.33M,33.49B,11.02,21.2,21.69,10.78,0,2026-09-25T20:24:50Z
STE,208.93,208.77,2026-09-25T15:59:59,2026-09-25 20:44:09,200,2026-09-25T20:45:45Z,208.93,2026-09-25T16:10:00.000-0400,208.77,NYSE,97.50M,20.371B,8.19,25.52,11.46,18.24,0,2026-09-25T20:24:50Z
SYK,272.36,269.75,2026-09-25T15:59:59,2026-09-25 20:44:08,200,2026-09-25T20:45:48Z,272.36,2026-09-25T16:10:00.000-0400,269.75,NYSE,383.57M,104.47B,9.65,28.22,15.98,17.05,0,2026-09-25T20:24:50Z
SMCI,43.26,41.51,2026-09-25T15:59:59,2026-09-25 20:44:09,200,2026-09-25T20:45:50Z,43.26,2026-09-25T16:00:00.000-0400,41.51,NASDAQ,656.97M,28.42B,3.15,13.75,4.32,10.01,0,2026-09-25T20:24:50Z
SYF,72.94,71.55,2026-09-25T15:59:59,2026-09-25 20:44:09,200,2026-09-25T20:45:53Z,72.94,2026-09-25T16:10:00.000-0400,71.55,NYSE,325.37M,23.733B,9.76,7.48,9.5,7.68,0,2026-09-25T20:24:50Z
SNPS,425.76,424.91,2026-09-25T15:59:59,2026-09-25 20:44:08,200,2026-09-25T20:45:55Z,425.76,2026-09-25T16:00:00.000-0400,424.91,NASDAQ,191.64M,81.591B,5.65,75.32,16.92,25.16,0,2026-09-25T20:24:50Z
SYY,78.46,78.19,2026-09-25T15:59:59,2026-09-25 20:44:09,200,2026-09-25T20:45:58Z,78.46,2026-09-25T16:10:00.000-0400,78.19,NYSE,491.91M,38.596B,3.65,21.47,5.06,15.5,0,2026-09-25T20:24:50Z
TMUS,165.43,165.35,2026-09-25T15:59:59,2026-09-25 20:44:09,200,2026-09-25T20:46:00Z,165.43,2026-09-25T16:00:00.000-0400,165.35,NASDAQ,1.07B,177.452B,9.56,17.3,12.59,13.14,0,2026-09-25T20:24:50Z
TROW,105.51,104.27,2026-09-25T15:59:59,2026-09-25 20:44:08,200,2026-09-25T20:46:03Z,105.51,2026-09-25T16:00:00.000-0400,104.27,NASDAQ,213.32M,22.507B,9.97,10.58,10.24,10.3,0,2026-09-25T20:24:50Z
TTWO,201.44,202.98,2026-09-25T15:59:59,2026-09-25 20:44:09,200,2026-09-25T20:46:05Z,201.44,2026-09-25T16:00:00.000-0400,202.98,NASDAQ,186.98M,37.665B,-1.73,-116.33,8.08,24.93,0,2026-09-25T20:24:50Z
TPR,113.88,112.12,2026-09-25T16:00:00,2026-09-25 20:44:09,200,2026-09-25T20:46:08Z,113.88,2026-09-25T16:10:00.000-0400,112.12,NYSE,199.39M,22.707B,7.28,15.64,7.98,14.27,0,2026-09-25T20:24:50Z
TRGP,277.84,283.15,2026-09-25T16:00:00,2026-09-25 20:44:09,200,2026-09-25T20:46:10Z,277.84,2026-09-25T16:10:00.000-0400,283.15,NYSE,214.43M,59.578B,10.46,26.56,11.26,24.68,0,2026-09-25T20:24:50Z
TGT,157.45,156.15,2026-09-25T16:00:00,2026-09-25 20:44:08,200,2026-09-25T20:46:13Z,157.45,2026-09-25T16:10:00.000-0400,156.15,NYSE,454.30M,71.529B,9.63,16.34,9.25,17.02,0,2026-09-25T20:24:50Z
TEL,218.59,213.67,2026-09-25T15:59:59,2026-09-25 20:44:08,200,2026-09-25T20:46:15Z,218.59,2026-09-25T16:10:00.000-0400,213.67,NYSE,289.51M,63.285B,10.22,21.38,12.55,17.42,0,2026-09-25T20:24:50Z
TDY,614.15,612.02,2026-09-25T16:00:00,2026-09-25 20:44:09,200,2026-09-25T20:46:18Z,614.15,2026-09-25T16:10:00.000-0400,612.02,NYSE,46.36M,28.469B,20.67,29.71,25.52,24.07,0,2026-09-25T20:24:50Z
TER,398.38,387.7,2026-09-25T15:59:59,2026-09-25 20:44:09,200,2026-09-25T20:46:20Z,398.38,2026-09-25T16:00:00.000-0400,387.7,NASDAQ,156.34M,62.283B,7.29,54.66,9.45,42.17,0,2026-09-25T20:24:50Z
TSLA,372.11,377.94,2026-09-25T15:59:59,2026-09-25 20:44:09,200,2026-09-25T20:46:23Z,372.11,2026-09-25T16:00:00.000-0400,377.94,NASDAQ,3.95B,1.47T,1.0,372.41,1.9,195.54,0,2026-09-25T20:24:50Z
TXN,278.07,270.65,2026-09-25T15:59:59,2026-09-25 20:44:09,200,2026-09-25T20:46:25Z,278.07,2026-09-25T16:00:00.000-0400,270.65,NASDAQ,913.25M,253.947B,,,9.48,29.34,0,2026-09-25T20:24:50Z
TPL,341.07,338.25,2026-09-25T15:59:49,2026-09-25 20:44:08,200,2026-09-25T20:46:28Z,341.07,2026-09-25T16:10:00.000-0400,338.25,NYSE,68.97M,23.525B,7.84,43.48,10.09,33.8,0,2026-09-25T20:24:50Z
TXT,76.59,76.02,2026-09-25T16:00:00,2026-09-25 20:44:09,200,2026-09-25T20:46:30Z,76.59,2026-09-25T16:10:00.000-0400,76.02,NYSE,171.99M,13.172B,5.31,14.42,6.69,11.44,0,2026-09-25T20:24:50Z
TMO,675.0,678.39,2026-09-25T15:59:59,2026-09-25 20:44:08,200,2026-09-25T20:46:33Z,675.0,2026-09-25T16:10:00.000-0400,678.39,NYSE,369.75M,249.579B,18.58,36.34,26.27,25.69,0,2026-09-25T20:24:50Z
TJX,130.06,131.63,2026-09-25T15:59:59,2026-09-25 20:44:09,200,2026-09-25T20:46:35Z,130.06,2026-09-25T16:10:00.000-0400,131.63,NYSE,1.10B,143.063B,5.41,24.06,5.4,24.08,0,2026-09-25T20:24:50Z
TKO,182.67,185.06,2026-09-25T15:59:59,2026-09-25 20:44:09,200,2026-09-25T20:46:38Z,182.67,2026-09-25T16:10:00.000-0400,185.06,NYSE,189.27M,34.574B,2.86,63.9,4.97,36.76,0,2026-09-25T20:24:50Z
TSCO,32.27,31.44,2026-09-25T15:59:59,2026-09-25 20:44:08,200,2026-09-25T20:46:40Z,32.27,2026-09-25T16:00:00.000-0400,31.44,NASDAQ,521.04M,16.814B,1.92,16.85,1.97,16.36,0,2026-09-25T20:24:50Z
TT,454.44,438.54,2026-09-25T16:00:00,2026-09-25 20:44:08,200,2026-09-25T20:46:43Z,454.44,2026-09-25T16:10:00.000-0400,438.54,NYSE,220.02M,99.987B,13.43,33.85,16.47,27.6,0,2026-09-25T20:24:50Z
TDG,1116.2,1105.28,2026-09-25T15:59:59,2026-09-25 20:44:09,200,2026-09-25T20:46:45Z,1116.2,2026-09-25T16:10:00.000-0400,1105.28,NYSE,55.28M,61.70B,32.96,33.86,46.94,23.78,0,2026-09-25T20:24:50Z
TRV,363.04,362.39,2026-09-25T15:59:59,2026-09-25 20:44:08,200,2026-09-25T20:46:48Z,363.04,2026-09-25T16:10:00.000-0400,362.39,NYSE,208.58M,75.721B,37.36,9.72,29.93,12.13,0,2026-09-25T20:24:50Z
TRMB,57.85,57.69,2026-09-25T15:59:59,2026-09-25 20:44:08,200,2026-09-25T20:46:50Z,57.85,2026-09-25T16:00:00.000-0400,57.69,NASDAQ,233.18M,13.489B,-0.49,-117.89,3.86,15.0,0,2026-09-25T20:24:50Z
TFC,47.66,47.18,2026-09-25T15:59:59,2026-09-25 20:44:09,200,2026-09-25T20:46:53Z,47.66,2026-09-25T16:10:00.000-0400,47.18,NYSE,1.22B,58.223B,4.36,10.93,4.7,10.13,0,2026-09-25T20:24:50Z
TYL,325.57,326.85,2026-09-25T15:59:59,2026-09-25 20:44:09,200,2026-09-25T20:46:55Z,325.57,2026-09-25T16:10:00.000-0400,326.85,NYSE,40.95M,13.333B,7.54,43.16,14.35,22.68,0,2026-09-25T20:24:50Z
TSN,50.92,51.14,2026-09-25T15:59:59,2026-09-25 20:44:08,200,2026-09-25T20:46:58Z,50.92,2026-09-25T16:10:00.000-0400,51.14,NYSE,351.80M,17.914B,1.63,31.29,3.65,13.94,0,2026-09-25T20:24:50Z
USB,59.33,58.4,2026-09-25T16:00:00,2026-09-25 20:44:09,200,2026-09-25T20:47:00Z,59.33,2026-09-25T16:10:00.000-0400,58.4,NYSE,1.56B,92.439B,5.01,11.85,5.48,10.82,0,2026-09-25T20:24:50Z
UBER,69.62,69.22,2026-09-25T15:59:59,2026-09-25 20:44:08,200,2026-09-25T20:47:03Z,69.62,2026-09-25T16:10:00.000-0400,69.22,NYSE,2.04B,142.203B,4.56,15.28,4.19,16.63,0,2026-09-25T20:24:50Z
UDR,33.84,33.55,2026-09-25T15:59:59,2026-09-25 20:44:09,200,2026-09-25T20:47:05Z,33.84,2026-09-25T16:10:00.000-0400,33.55,NYSE,321.26M,10.872B,1.57,21.55,0.5,67.14,0,2026-09-25T20:24:50Z
ULTA,545.2,548.78,2026-09-25T15:59:59,2026-09-25 20:44:08,200,2026-09-25T20:47:08Z,545.2,2026-09-25T16:00:00.000-0400,548.78,NASDAQ,42.76M,23.311B,27.45,19.86,30.43,17.92,0,2026-09-25T20:24:50Z
UNP,273.79,274.07,2026-09-25T16:00:00,2026-09-25 20:45:43,200,2026-09-25T20:47:10Z,273.79,2026-09-25T16:10:00.000-0400,274.07,NYSE,594.08M,162.652B,12.35,22.17,13.56,20.19,0,2026-09-25T20:24:50Z
UAL,113.99,111.19,2026-09-25T15:59:59,2026-09-25 20:45:43,200,2026-09-25T20:47:13Z,113.99,2026-09-25T16:00:00.000-0400,111.19,NASDAQ,324.58M,36.999B,10.7,10.65,12.45,9.16,0,2026-09-25T20:24:50Z
UPS,93.96,92.05,2026-09-25T15:59:59,2026-09-25 20:45:43,200,2026-09-25T20:47:15Z,93.96,2026-09-25T16:10:00.000-0400,92.05,NYSE,850.78M,79.939B,4.79,19.62,7.79,12.07,0,2026-09-25T20:24:50Z
URI,1047.0601,1021.67,2026-09-25T15:59:59,2026-09-25 20:45:43,200,2026-09-25T20:47:18Z,1047.06,2026-09-25T16:10:00.000-0400,1021.67,NYSE,62.24M,65.172B,41.6,25.17,52.86,19.81,0,2026-09-25T20:24:51Z
UNH,376.59,375.01,2026-09-25T16:00:00,2026-09-25 20:45:43,200,2026-09-25T20:47:20Z,376.59,2026-09-25T16:10:00.000-0400,375.01,NYSE,897.59M,338.025B,15.55,24.22,21.34,17.65,0,2026-09-25T20:24:51Z
UHS,178.86,176.99,2026-09-25T16:00:00,2026-09-25 20:45:43,200,2026-09-25T20:47:23Z,178.86,2026-09-25T16:10:00.000-0400,176.99,NYSE,58.94M,10.541B,24.55,7.28,23.06,7.76,0,2026-09-25T20:24:51Z
VLO,387.18,382.86,2026-09-25T16:00:00,2026-09-25 20:45:44,200,2026-09-25T20:47:25Z,387.18,2026-09-25T16:10:00.000-0400,382.86,NYSE,287.93M,111.48B,24.11,16.06,48.6,7.97,0,2026-09-25T20:24:51Z
VEEV,280.68,274.84,2026-09-25T16:00:00,2026-09-25 20:45:43,200,2026-09-25T20:47:28Z,280.68,2026-09-25T16:10:00.000-0400,274.84,NYSE,161.91M,45.445B,6.11,45.9,9.65,29.09,0,2026-09-25T20:24:51Z
VTR,86.59,86.83,2026-09-25T15:59:59,2026-09-25 20:45:44,200,2026-09-25T20:47:30Z,86.59,2026-09-25T16:10:00.000-0400,86.83,NYSE,512.95M,44.416B,0.55,158.85,0.8,108.1,0,2026-09-25T20:24:51Z
VLTO,97.14,96.2,2026-09-25T16:00:00,2026-09-25 20:45:43,200,2026-09-25T20:47:33Z,97.14,2026-09-25T16:10:00.000-0400,96.2,NYSE,243.79M,23.682B,3.97,24.49,4.51,21.54,0,2026-09-25T20:24:51Z
VRSN,287.25,291.88,2026-09-25T15:59:59,2026-09-25 20:45:43,200,2026-09-25T20:47:35Z,287.25,2026-09-25T16:00:00.000-0400,291.88,NASDAQ,90.30M,25.939B,9.21,31.21,10.2,28.16,0,2026-09-25T20:24:51Z
VRSK,169.21,168.65,2026-09-25T15:59:59,2026-09-25 20:45:43,200,2026-09-25T20:47:38Z,169.21,2026-09-25T16:00:00.000-0400,168.65,NASDAQ,130.16M,22.024B,6.51,26.0,8.18,20.7,0,2026-09-25T20:24:51Z
VZ,47.08,47.32,2026-09-25T15:59:59,2026-09-25 20:45:44,200,2026-09-25T20:47:40Z,47.08,2026-09-25T16:10:00.000-0400,47.32,NYSE,4.15B,195.607B,3.84,12.26,5.09,9.25,0,2026-09-25T20:24:51Z
VRTX,526.19,522.38,2026-09-25T15:59:59,2026-09-25 20:45:43,200,2026-09-25T20:47:43Z,526.19,2026-09-25T16:00:00.000-0400,522.38,NASDAQ,253.46M,133.369B,17.19,30.62,19.03,27.66,0,2026-09-25T20:24:51Z
VRT,253.28,245.3,2026-09-25T15:59:59,2026-09-25 20:45:44,200,2026-09-25T20:47:45Z,253.28,2026-09-25T16:10:00.000-0400,245.3,NYSE,384.99M,97.51B,4.42,57.32,7.85,32.25,0,2026-09-25T20:24:51Z
VTRS,17.83,17.42,2026-09-25T15:59:59,2026-09-25 20:45:44,200,2026-09-25T20:47:48Z,17.83,2026-09-25T16:00:00.000-0400,17.42,NASDAQ,1.15B,20.479B,-0.36,-49.92,2.56,6.95,0,2026-09-25T20:24:51Z
VICI,23.51,23.27,2026-09-25T15:59:57,2026-09-25 20:45:44,200,2026-09-25T20:47:50Z,23.51,2026-09-25T16:10:00.000-0400,23.27,NYSE,1.10B,25.886B,2.58,9.12,2.88,8.16,0,2026-09-25T20:24:51Z
V,367.38,367.98,2026-09-25T15:59:59,2026-09-25 20:45:44,200,2026-09-25T20:47:53Z,367.38,2026-09-25T16:10:00.000-0400,367.98,NYSE,1.87B,685.916B,11.76,31.24,14.46,25.41,0,2026-09-25T20:24:51Z
VST,138.46,137.94,2026-09-25T15:59:59,2026-09-25 20:45:43,200,2026-09-25T20:47:55Z,138.46,2026-09-25T16:10:00.000-0400,137.94,NYSE,335.64M,46.472B,5.92,23.39,9.34,14.83,0,2026-09-25T20:24:51Z
VMRK,61.51,61.05,2026-09-25T15:59:59,2026-09-25 20:45:44,200,2026-09-25T20:47:58Z,61.51,2026-09-25T16:10:00.000-0400,61.05,NYSE,773.78M,47.595B,2.3,26.71,1.39,44.32,0,2026-09-25T20:24:51Z
VMC,245.0,241.7,2026-09-25T15:59:59,2026-09-25 20:45:43,200,2026-09-25T20:48:00Z,245.0,2026-09-25T16:10:00.000-0400,241.7,NYSE,129.58M,31.747B,28.81,8.5,9.77,25.07,0,2026-09-25T20:24:51Z
WRB,66.82,67.29,2026-09-25T15:59:59,2026-09-25 20:45:44,200,2026-09-25T20:48:03Z,66.82,2026-09-25T16:10:00.000-0400,67.29,NYSE,371.23M,24.805B,4.86,13.74,4.72,14.17,0,2026-09-25T20:24:51Z
GWW,1243.0699,1279.47,2026-09-25T15:59:59,2026-09-25 20:47:19,200,2026-09-25T20:48:05Z,1243.07,2026-09-25T16:10:00.000-0400,1279.47,NYSE,47.10M,58.55B,39.38,31.57,48.52,25.62,0,2026-09-25T20:24:51Z
WAB,288.0,290.23,2026-09-25T16:00:00,2026-09-25 20:45:44,200,2026-09-25T20:48:08Z,288.0,2026-09-25T16:10:00.000-0400,290.23,NYSE,168.91M,48.646B,7.44,38.69,11.46,25.14,0,2026-09-25T20:24:51Z
WMT,107.98,107.59,2026-09-25T15:59:59,2026-09-25 20:45:44,200,2026-09-25T20:48:10Z,107.98,2026-09-25T16:00:00.000-0400,107.59,NASDAQ,7.93B,856.686B,2.76,39.12,3.0,35.98,0,2026-09-25T20:24:51Z
DIS,106.15,105.56,2026-09-25T15:59:59,2026-09-25 20:47:18,200,2026-09-25T20:48:12Z,106.15,2026-09-25T16:10:00.000-0400,105.56,NYSE,1.73B,183.288B,4.85,21.9,7.49,14.16,0,2026-09-25T20:24:51Z
WBD,30.86,30.84,2026-09-25T15:59:59,2026-09-25 20:45:44,200,2026-09-25T20:48:15Z,30.86,2026-09-25T16:00:00.000-0400,30.84,NASDAQ,2.51B,77.48B,-1.27,-24.23,-0.06,-497.74,0,2026-09-25T20:24:51Z
WM,206.83,207.96,2026-09-25T15:59:59,2026-09-25 20:45:44,200,2026-09-25T20:48:18Z,206.83,2026-09-25T16:10:00.000-0400,207.96,NYSE,399.72M,82.673B,7.06,29.28,8.55,24.2,0,2026-09-25T20:24:51Z
WAT,433.54,430.3,2026-09-25T15:59:59,2026-09-25 20:45:44,200,2026-09-25T20:48:20Z,433.54,2026-09-25T16:10:00.000-0400,430.3,NYSE,98.25M,42.594B,4.0,108.41,15.61,27.77,0,2026-09-25T20:24:51Z
WEC,101.45,100.9,2026-09-25T15:59:59,2026-09-25 20:45:43,200,2026-09-25T20:48:23Z,101.45,2026-09-25T16:10:00.000-0400,100.9,NYSE,325.85M,33.057B,5.16,19.67,5.66,17.93,0,2026-09-25T20:24:51Z
WFC,82.97,82.18,2026-09-25T15:59:59,2026-09-25 20:45:44,200,2026-09-25T20:48:25Z,82.97,2026-09-25T16:10:00.000-0400,82.18,NYSE,3.02B,250.901B,6.88,12.06,7.48,11.1,0,2026-09-25T20:24:51Z
WELL,231.37,233.61,2026-09-25T15:59:59,2026-09-25 20:45:43,200,2026-09-25T20:48:28Z,231.37,2026-09-25T16:10:00.000-0400,233.61,NYSE,720.74M,166.759B,-0.52,-441.88,2.85,81.33,0,2026-09-25T20:24:51Z
WST,370.44,373.6,2026-09-25T16:00:00,2026-09-25 20:45:44,200,2026-09-25T20:48:30Z,370.44,2026-09-25T16:10:00.000-0400,373.6,NYSE,70.38M,26.07B,7.82,47.36,9.29,39.87,0,2026-09-25T20:24:51Z
WDC,456.81,450.31,2026-09-25T15:59:59,2026-09-25 20:45:44,200,2026-09-25T20:48:33Z,456.81,2026-09-25T16:00:00.000-0400,450.31,NASDAQ,360.54M,164.699B,24.28,18.82,20.69,22.08,0,2026-09-25T20:24:51Z
WY,20.01,20.14,2026-09-25T15:59:59,2026-09-25 20:45:43,200,2026-09-25T20:48:35Z,20.01,2026-09-25T16:10:00.000-0400,20.14,NYSE,720.74M,14.422B,0.65,30.6,0.42,47.87,0,2026-09-25T20:24:51Z
WSM,231.9,228.66,2026-09-25T15:59:59,2026-09-25 20:45:44,200,2026-09-25T20:48:38Z,231.9,2026-09-25T16:10:00.000-0400,228.66,NYSE,117.78M,27.313B,9.78,23.72,9.93,23.37,0,2026-09-25T20:24:51Z
WMB,69.26,70.58,2026-09-25T15:59:59,2026-09-25 20:45:44,200,2026-09-25T20:48:40Z,69.26,2026-09-25T16:10:00.000-0400,70.58,NYSE,1.22B,84.717B,2.5,27.71,2.35,29.51,0,2026-09-25T20:24:51Z
WTW,293.99,293.63,2026-09-25T15:59:59,2026-09-25 20:45:44,200,2026-09-25T20:48:43Z,293.99,2026-09-25T16:00:00.000-0400,293.63,NASDAQ,92.87M,27.303B,16.29,18.05,21.04,13.97,0,2026-09-25T20:24:51Z
WDAY,189.45,190.99,2026-09-25T15:59:59,2026-09-25 20:45:44,200,2026-09-25T20:48:45Z,189.45,2026-09-25T16:00:00.000-0400,190.99,NASDAQ,241.00M,45.657B,4.93,38.43,12.04,15.74,0,2026-09-25T20:24:51Z
WYNN,81.12,80.19,2026-09-25T15:59:59,2026-09-25 20:45:44,200,2026-09-25T20:48:48Z,81.12,2026-09-25T16:00:00.000-0400,80.19,NASDAQ,102.97M,8.353B,4.34,18.71,4.76,17.04,0,2026-09-25T20:24:51Z
XEL,69.8,69.56,2026-09-25T15:59:59,2026-09-25 20:47:18,200,2026-09-25T20:48:50Z,69.8,2026-09-25T16:00:00.000-0400,69.56,NASDAQ,624.63M,43.599B,3.65,19.1,4.24,16.46,0,2026-09-25T20:24:51Z
XYL,102.63,102.66,2026-09-25T15:59:59,2026-09-25 20:47:18,200,2026-09-25T20:48:53Z,102.63,2026-09-25T16:10:00.000-0400,102.66,NYSE,233.49M,23.963B,4.21,24.4,5.87,17.49,0,2026-09-25T20:24:51Z
YUM,138.63,137.34,2026-09-25T15:59:59,2026-09-25 20:47:18,200,2026-09-25T20:48:55Z,138.63,2026-09-25T16:10:00.000-0400,137.34,NYSE,272.90M,37.832B,8.22,16.88,6.95,19.96,0,2026-09-25T20:24:51Z
ZBRA,370.04,365.1,2026-09-25T15:59:56,2026-09-25 20:47:18,200,2026-09-25T20:48:58Z,370.04,2026-09-25T16:00:00.000-0400,365.1,NASDAQ,47.31M,17.507B,10.93,33.85,20.8,17.79,0,2026-09-25T20:24:52Z
ZBH,91.04,89.69,2026-09-25T15:59:59,2026-09-25 20:47:19,200,2026-09-25T20:49:00Z,91.04,2026-09-25T16:10:00.000-0400,89.69,NYSE,190.74M,17.365B,4.11,22.16,8.76,10.39,0,2026-09-25T20:24:52Z
ZTS,71.05,70.27,2026-09-25T15:59:59,2026-09-25 20:47:18,200,2026-09-25T20:49:03Z,71.05,2026-09-25T16:10:00.000-0400,70.27,NYSE,413.22M,29.36B,6.08,11.69,6.19,11.47,0,2026-09-25T20:24:52Z
