institution,edition,published,data_as_of,horizon,asset,nominal,real_published,real_derived,real_is_derived,inflation,vol,arith,cash,source_type,note,url,retrieved
J.P. Morgan Asset Management,2026 Long-Term Capital Market Assumptions (30th ed.),2025-10-20,2025-09-30,10-15y,U.S. Large Cap,0.067,,0.0409756097560976,True,0.025,0.1647,0.0794,0.031,primary (PDF matrix),"2027 edition not found as of 2026-09-26; US large cap building blocks (Exhibit 6, p.13): revenue 6.0%, buybacks 3.0%, dividends 1.7%, margins -0.5%, gross dilution -1.5%, valuation -2.0%",https://am.jpmorgan.com/content/dam/jpm-am-aem/global/en/insights/portfolio-insights/ltcma/noindex/ltcma-full-report.pdf,2026-09-26
Vanguard (VCMM),VCMM 10-year forecasts (Q2-2026 run),2026-07-22,2026-06-30,10y,U.S. large-cap (range 4.1%-6.1%),0.051,,0.03039215686274499,True,0.02,0.15,,0.035,primary (web table/datawrapper data),Vanguard shows a 2-pp range around the 50th percentile; midpoint used. U.S. equities 4.2-6.2%; U.S. value 6.4-8.4%; U.S. growth 3.6-5.6%; cash 3.0-4.0%; inflation 1.5-2.5%. Prior run (2026-03-31) U.S. equities 4.9-6.9%,https://corporate.vanguard.com/content/corporatesite/us/en/corp/vemo/vemo-return-forecasts.html,2026-09-26
BlackRock Investment Institute,"Capital market assumptions, August 2026 ('Starting point' scenario)",2026-08,2026-06-30,10y (5y: 9.44%),US large cap equities (MSCI USA),0.0897,,0.0647840531561461,True,,0.1935,,0.0366,primary (xlsx download),"10y interquartile range 4.14%-14.02%; scenario sheets: 'AI productivity boom' 15.94% (10y), 'Global risk premia rise' 2.02% (10y); cash = 3M T-bill 10y (5y 3.79%)",https://www.blackrock.com/blk-inst-c-assets/images/tools/blackrock-investment-institute/cma/blackrock-capital-market-assumptions.xlsx,2026-09-26
GMO,7-Year Asset Class Forecast 2Q 2026,2026-07,2026-06-30,7y,U.S. Large (real),-0.059495399999999865,-0.081,-0.081,False,,,,,primary (PDF chart),"REAL forecast -8.1% ('normal' rates, 1.3% equilibrium real cash) / -5.0% ('low' rates); US cash +1.2% real. Nominal here is DERIVED by R1 using 2.34% 10y breakeven",https://www.gmo.com/globalassets/articles/gmo-7-year-asset-class-forecast/2026/gmo-7-year-asset-class-forecastjun26.pdf,2026-09-26
Research Affiliates,Asset Allocation Interactive (as reported by Fortune),2026-05-21,2026-04/05 (approx.; AAI monthly),10y,U.S. Large Cap,0.032,0.006,0.006,False,0.026,,,0.035,"secondary (Fortune, S. Tully)",AAI site requires accepting a disclaimer; not accessed. U.S. Large Cap Growth 1.7%. YE-2025 figure reported elsewhere as 3.1% (unverified),https://fortune.com/2026/05/21/bond-yields-today-highest-since-2007-stocks-outlook/,2026-09-26
AQR,2026 Capital Market Assumptions for Major Asset Classes,2026-01-14,2025-12-31,5-10y,US Large (local real 3.9%),0.063,0.039,0.039,False,0.024,,,,primary (PDF),Real 3.9% (prior yr 4.1%); nominal 6.3% from Exhibit 3C; US real cash 1.3%; 50% confidence band on US equities roughly 0%-7.5% real (chart),https://www.aqr.com/-/media/AQR/Documents/Alternative-Thinking/AQR-Alternative-Thinking---2026-Capital-Market-Assumptions.pdf,2026-09-26
"Goldman Sachs (Portfolio Strategy, P. Oppenheimer et al.)",Building Long-Term Returns: Our 10-Year Forecasts,2025-11-12,2025-11,10y,S&P 500 total return,0.065,,0.04064881766660133,True,,,,,"secondary (report paywalled; TKer 2025-11-13, Seeking Alpha)","Components reported: ~6% EPS growth, -1%/yr valuation, 1.4% dividend yield; bear/bull range 3%-10% (Seeking Alpha summary, unverified vs report). Separately, GS US strategist B. Snider cited 7%/yr in a 2026-06-29 Business Insider interview (Yahoo Finance 2026-07-04)",https://www.tker.co/p/goldman-sachs-10-year-return-forecast-2025,2026-09-26
Morgan Stanley Wealth Mgmt (GIC),Annual Update of GIC Capital Market Assumptions,2025-03-27,2025-03-13,7y (strategic),US Large-Cap Equities,0.063,,0.03869454758647639,True,,,,0.037,primary (PDF),"STALE: no 2026 edition publicly accessible (morganstanley.com/gicreport still resolves to the 2025 PDF). Blocks: shareholder yield 4.1, valuation -1.6, nominal economic path 3.9",https://www.morganstanley.com/assets/pdfs/2d9493c3-822f-4f18-8c28-ba3ad25e8473.pdf,2026-09-26
Charles Schwab,Schwab's 2026 Long-Term Capital Market Expectations,2026-01-02,2025-10-31,10y (2026-2035),U.S. large-cap equities,0.059,,0.0341796875,True,0.024,,,0.033,primary (web),Prior year 6.0%; US agg bonds 4.8%,https://www.schwab.com/learn/story/schwabs-long-term-capital-market-expectations,2026-09-26
Northern Trust Asset Management,Capital Market Assumptions 10-Year Outlook: 2026 Edition,2025-12 (PDF dated 2026-01-09),2025-09-30,10y,U.S. equities (MSCI USA),0.068,,0.04358022278678919,True,,,,0.033,primary (PDF),"2025 edition 7.5%; text: US revenue growth 3.5%/yr, margin expansion ~1.6%/yr, some P/E contraction, dividend yield rising to 2%",https://ntam.northerntrust.com/content/dam/northerntrust/investment-management/global/en/documents/thought-leadership/2026/cma/2026-capital-market-assumptions-report.pdf,2026-09-26
Invesco Solutions,"2026 Capital Market Assumptions, USD, Q2 update",2026-07 (PDF dated 2026-07-23),2026-03-31,10y,US large cap (S&P 500),0.049,,0.026519228887366575,True,0.0219,0.166,0.062,,primary (PDF),"Blocks: dividend 1.31, buyback 1.81, LT earnings growth 4.04, inflation 2.19, valuation -4.52",https://www.invesco.com/content/dam/invesco/emea/en/pdf/invesco-capital-market-assumption-usd.pdf,2026-09-26
BNY Investments,Capital Market Assumptions 2026 ('Endurance Under Pressure'),2026-01 (PDF dated 2026-01-23),2025-12-31,10y,U.S. Equity (broad),0.076,,0.051397303107289405,True,,0.159,,,primary (PDF),2025 edition 7.5%; broad US equity not large-cap specific,https://www.bny.com/content/dam/imemea/pdfs/endurance-under-pressure-capital-market-assumptions-2026-full.pdf,2026-09-26
Horizon Actuarial (survey of 43 advisors),"Survey of Capital Market Assumptions, 2026 Edition",2026-08 (PDF dated 2026-08-26),2026 survey,10y (20y avg 7.02%),US Equity - Large Cap (average),0.0639,,0.038559156579461185,True,0.0244,0.1643,0.0766,0.0346,primary (PDF),"10y distribution: min 4.4%, 25th 5.4%, median 6.7%, 75th 7.0%, max 9.1%. Aggregates many firms above -> not independent",https://www.horizonactuarial.com/_files/ugd/f76a4b_a73ade7e6ba748f192d531c974bbea2a.pdf,2026-09-26
"Damodaran implied (market-implied, not a CMA)","Implied ERP, start of month",2026-09-01,2026-09-01,perpetuity IRR,S&P 500 implied expected return,0.0884,,0.06351377760406485,True,,,,,primary (xlsx/web),Implied ERP 4.14% + T-bond 4.75%; uses consensus EPS growth ~14.0% for 5 years -> sensitive to analyst optimism,https://pages.stern.nyu.edu/~adamodar/pc/implprem/ERPbymonth.xlsx,2026-09-26
