horizon,decile,cape_low,cape_high,n_months,avg_real_10y,worst_real_10y,best_real_10y,sd_real_10y,share_positive,first_start,last_start
10y,1,5.5650593715289665,9.692295086395813,109,0.10470988647088662,0.042843570261301256,0.18810116029500312,0.026074966808079574,1.0,1931-12,1984-12
10y,2,9.728056935665213,11.248855860507959,109,0.11124061035304511,0.038321555671837926,0.1809882498268902,0.03785376959359102,1.0,1926-03,1985-11
10y,3,11.249651251932447,12.631867236563071,109,0.10587631944193697,0.02469727150814327,0.15395418157099638,0.03789789527377451,1.0,1926-01,1986-02
10y,4,12.669112889622477,14.84266114524222,108,0.087800897012106,0.0003291134671612461,0.15830354482523679,0.044266500865311774,1.0,1926-09,2009-03
10y,5,14.847702661876784,16.87231533160967,109,0.07304909368482683,-0.02245774415799484,0.16130322271491093,0.05333886572783413,0.9174311926605505,1927-05,2009-07
10y,6,16.88941470869335,18.71165996036497,109,0.053312527199518206,-0.03968234265175996,0.14957948186985748,0.05415319206016895,0.7522935779816514,1927-09,2009-08
10y,7,18.712530467302432,20.941688475215173,108,0.06180448544675659,-0.030255130155565357,0.14290119686247316,0.043615357181008244,0.9166666666666666,1928-01,2012-11
10y,8,20.9603600907051,23.11369646261583,109,0.033523857001120067,-0.039680556761409025,0.1312685415247603,0.052674330256916105,0.6055045871559633,1928-04,2013-06
10y,9,23.14392944728594,26.443803114292404,109,0.05714121878811376,-0.03652864214333662,0.12292232877039777,0.04062478593683165,0.8715596330275229,1928-10,2016-06
10y,10,26.465310814818057,44.197939761040566,109,0.01807116369132862,-0.05923883583466549,0.1165798158682878,0.042144100651863976,0.6422018348623854,1929-01,2016-08
