series,peak_date,peak_value,trough_date,trough_value,depth,recovery_date,recovered,months_peak_to_trough,months_trough_to_recovery,months_peak_to_recovery
^GSPC daily close (price only),1928-05-14,20.440000534057617,1928-06-12,18.34000015258789,-0.10273974200590918,1928-08-28,True,0.9527720739219713,2.529774127310062,3.482546201232033
^GSPC daily close (price only),1929-09-16,31.86000061035156,1932-06-01,4.400000095367432,-0.8618957937515594,1954-09-22,True,32.492813141683776,267.6960985626283,300.1889117043121
^GSPC daily close (price only),1955-09-23,45.630001068115234,1955-10-11,40.79999923706055,-0.10585145119423933,1955-11-14,True,0.5913757700205339,1.1170431211498972,1.7084188911704312
^GSPC daily close (price only),1956-08-03,49.63999938964844,1957-10-22,38.97999954223633,-0.21474617200811386,1958-09-24,True,14.620123203285422,11.071868583162217,25.691991786447637
^GSPC daily close (price only),1959-08-03,60.709999084472656,1960-10-25,52.20000076293945,-0.14017457502663255,1961-01-27,True,14.751540041067761,3.0882956878850103,17.83983572895277
^GSPC daily close (price only),1961-12-12,72.63999938964844,1962-06-26,52.31999969482422,-0.27973568096863066,1963-09-03,True,6.439425051334703,14.258726899383984,20.698151950718685
^GSPC daily close (price only),1966-02-09,94.05999755859376,1966-10-07,73.19999694824219,-0.22177334841367646,1967-05-04,True,7.885010266940451,6.86652977412731,14.751540041067761
^GSPC daily close (price only),1967-09-25,97.58999633789062,1968-03-05,87.72000122070312,-0.1011373653813259,1968-04-29,True,5.322381930184805,1.8069815195071868,7.129363449691992
^GSPC daily close (price only),1968-11-29,108.37000274658205,1970-05-26,69.29000091552734,-0.36061641451132354,1972-03-06,True,17.83983572895277,21.35523613963039,39.19507186858316
^GSPC daily close (price only),1973-01-11,120.23999786376952,1974-10-03,62.27999877929688,-0.4820359290935835,1980-07-17,True,20.698151950718685,69.45379876796714,90.15195071868582
^GSPC daily close (price only),1980-11-28,140.52000427246094,1982-08-12,102.41999816894533,-0.27113581657485364,1982-11-03,True,20.435318275154003,2.726899383983573,23.16221765913758
^GSPC daily close (price only),1983-10-10,172.64999389648438,1984-07-24,147.82000732421875,-0.1438168980599729,1985-01-21,True,9.462012320328542,5.946611909650924,15.408624229979466
^GSPC daily close (price only),1987-08-25,336.7699890136719,1987-12-04,223.9199981689453,-0.3350951525557261,1989-07-26,True,3.3182751540041067,19.71252566735113,23.030800821355236
^GSPC daily close (price only),1989-10-09,359.79998779296875,1990-01-30,322.9800109863281,-0.1023345693603166,1990-05-29,True,3.7125256673511293,3.909650924024641,7.62217659137577
^GSPC daily close (price only),1990-07-16,368.9500122070313,1990-10-11,295.4599914550781,-0.19918693134699028,1991-02-13,True,2.858316221765914,4.1067761806981515,6.965092402464066
^GSPC daily close (price only),1997-10-07,983.1199951171876,1997-10-27,876.989990234375,-0.10795223920774999,1997-12-05,True,0.6570841889117043,1.2813141683778233,1.9383983572895278
^GSPC daily close (price only),1998-07-17,1186.75,1998-08-31,957.280029296875,-0.1933599921661049,1998-11-23,True,1.4784394250513346,2.759753593429158,4.238193018480493
^GSPC daily close (price only),1999-07-16,1418.780029296875,1999-10-15,1247.4100341796875,-0.12078686729338572,1999-11-16,True,2.9897330595482545,1.051334702258727,4.041067761806982
^GSPC daily close (price only),2000-03-24,1527.4599609375,2002-10-09,776.760009765625,-0.4914694789846552,2007-05-30,True,30.521560574948666,55.65503080082136,86.17659137577002
^GSPC daily close (price only),2007-10-09,1565.1500244140625,2009-03-09,676.530029296875,-0.5677538774277282,2013-03-28,True,16.985626283367555,48.62422997946612,65.60985626283367
^GSPC daily close (price only),2015-05-21,2130.820068359375,2016-02-11,1829.0799560546875,-0.14160750444640424,2016-07-11,True,8.739219712525667,4.960985626283367,13.700205338809035
^GSPC daily close (price only),2018-01-26,2872.8701171875,2018-02-08,2581.0,-0.10159530548956275,2018-08-24,True,0.4271047227926078,6.4722792607802875,6.899383983572895
^GSPC daily close (price only),2018-09-20,2930.75,2018-12-24,2351.10009765625,-0.19778210435681998,2019-04-23,True,3.1211498973305956,3.9425051334702257,7.063655030800821
^GSPC daily close (price only),2020-02-19,3386.14990234375,2020-03-23,2237.39990234375,-0.3392496000265327,2020-08-18,True,1.0841889117043122,4.862422997946612,5.946611909650924
^GSPC daily close (price only),2022-01-03,4796.56005859375,2022-10-12,3577.030029296875,-0.2542509661923039,2024-01-19,True,9.264887063655031,15.24435318275154,24.50924024640657
^GSPC daily close (price only),2025-02-19,6144.14990234375,2025-04-08,4982.77001953125,-0.1890220618428401,2025-06-27,True,1.5770020533880904,2.628336755646817,4.205338809034908
^SP500TR daily close (total return),1990-01-02,386.1600036621094,1990-01-30,347.3800048828125,-0.10042469031368007,1990-05-21,True,0.919917864476386,3.646817248459959,4.566735112936345
^SP500TR daily close (total return),1990-07-16,403.4599914550781,1990-10-11,326.0799865722656,-0.1917910239469881,1991-02-11,True,2.858316221765914,4.041067761806982,6.899383983572895
^SP500TR daily close (total return),1997-10-07,1310.5999755859375,1997-10-27,1169.68994140625,-0.10751566977306715,1997-12-05,True,0.6570841889117043,1.2813141683778233,1.9383983572895278
^SP500TR daily close (total return),1998-07-17,1601.0799560546875,1998-08-31,1293.9000244140625,-0.19185795842299136,1998-11-23,True,1.4784394250513346,2.759753593429158,4.238193018480493
^SP500TR daily close (total return),1999-07-16,1940.760009765625,1999-10-15,1711.77001953125,-0.1179898540170502,1999-11-16,True,2.9897330595482545,1.051334702258727,4.041067761806982
^SP500TR daily close (total return),2000-03-24,2107.280029296875,2000-04-14,1872.550048828125,-0.11139002752618077,2000-09-01,True,0.6899383983572895,4.59958932238193,5.28952772073922
^SP500TR daily close (total return),2000-09-01,2108.760009765625,2002-10-09,1108.9100341796875,-0.47414118769117986,2006-10-23,True,25.232032854209447,48.459958932238195,73.69199178644764
^SP500TR daily close (total return),2007-10-09,2447.030029296875,2009-03-09,1095.0400390625,-0.5525024106969596,2012-04-02,True,16.985626283367555,36.79671457905544,53.782340862423
^SP500TR daily close (total return),2015-07-20,3939.35009765625,2016-02-11,3428.989990234375,-0.1295543921637019,2016-04-18,True,6.767967145790554,2.2012320328542097,8.969199178644764
^SP500TR daily close (total return),2018-01-26,5606.080078125,2018-02-08,5040.06005859375,-0.10096538252100029,2018-07-25,True,0.4271047227926078,5.486652977412731,5.9137577002053385
^SP500TR daily close (total return),2018-09-20,5794.72021484375,2018-12-24,4672.66015625,-0.19363489814736556,2019-04-12,True,3.1211498973305956,3.5811088295687883,6.702258726899384
^SP500TR daily close (total return),2020-02-19,6886.47021484375,2020-03-23,4559.5,-0.33790463651871727,2020-08-10,True,1.0841889117043122,4.59958932238193,5.683778234086242
^SP500TR daily close (total return),2022-01-03,10050.41015625,2022-10-12,7588.89990234375,-0.2449163980014808,2023-12-13,True,9.264887063655031,14.028747433264886,23.293634496919918
^SP500TR daily close (total return),2025-02-19,13510.2900390625,2025-04-08,10977.5,-0.1874711817244047,2025-06-26,True,1.5770020533880904,2.595482546201232,4.172484599589322
Shiller monthly nominal TR (monthly avg prices; understates depth),1929-09,150.36198041256947,1932-06,27.42627384999495,-0.8175983465052695,1945-01,True,33.0,151.0,184.0
Shiller monthly nominal TR (monthly avg prices; understates depth),1946-05,227.05660687442733,1947-05,182.16224716854563,-0.19772320358293005,1949-10,True,12.0,29.0,41.0
Shiller monthly nominal TR (monthly avg prices; understates depth),1957-07,1072.9383963958348,1957-11,904.8082451990958,-0.15670065659082955,1958-08,True,4.0,9.0,13.0
Shiller monthly nominal TR (monthly avg prices; understates depth),1961-12,1845.3506063157236,1962-06,1453.4041870237422,-0.21239672176687852,1963-04,True,6.0,10.0,16.0
Shiller monthly nominal TR (monthly avg prices; understates depth),1966-01,2723.645550221268,1966-10,2308.068316506972,-0.15258124673400852,1967-04,True,9.0,6.0,15.0
Shiller monthly nominal TR (monthly avg prices; understates depth),1968-12,3410.84060329031,1970-06,2547.412941454503,-0.2531421905212722,1971-03,True,18.0,9.0,27.0
Shiller monthly nominal TR (monthly avg prices; understates depth),1973-01,4327.809556819241,1974-12,2633.176585924615,-0.3915682861378287,1976-07,True,23.0,19.0,42.0
Shiller monthly nominal TR (monthly avg prices; understates depth),1976-12,4453.463946983678,1978-02,3992.331488386513,-0.1035446708644604,1978-06,True,14.0,4.0,18.0
Shiller monthly nominal TR (monthly avg prices; understates depth),1981-04,7080.304719937233,1982-03,6130.139156600382,-0.1341983997752676,1982-10,True,11.0,7.0,18.0
Shiller monthly nominal TR (monthly avg prices; understates depth),1987-08,22854.1825233461,1987-12,16903.55634633834,-0.2603736174299409,1989-05,True,4.0,17.0,21.0
Shiller monthly nominal TR (monthly avg prices; understates depth),1990-07,27530.858357395595,1990-10,23704.73343755525,-0.13897586737656276,1991-02,True,3.0,4.0,7.0
Shiller monthly nominal TR (monthly avg prices; understates depth),1998-07,108636.71281270451,1998-09,96114.02787575951,-0.11527120632354537,1998-12,True,2.0,3.0,5.0
Shiller monthly nominal TR (monthly avg prices; understates depth),2000-08,143252.3300934545,2003-02,83720.03252689468,-0.4155764693511257,2006-10,True,30.0,44.0,74.0
Shiller monthly nominal TR (monthly avg prices; understates depth),2007-10,166926.33239179244,2009-03,85067.5186084046,-0.49038885962735457,2012-08,True,17.0,41.0,58.0
Shiller monthly nominal TR (monthly avg prices; understates depth),2018-09,395374.7974773522,2018-12,351572.4927110031,-0.11078679027046023,2019-04,True,3.0,4.0,7.0
Shiller monthly nominal TR (monthly avg prices; understates depth),2020-02,458930.78271984216,2020-03,372116.80775690486,-0.18916572657958652,2020-08,True,1.0,5.0,6.0
Shiller monthly nominal TR (monthly avg prices; understates depth),2021-12,674092.212279409,2022-10,544240.1482989957,-0.19263249391552106,2023-12,True,10.0,14.0,24.0
Shiller monthly nominal TR (monthly avg prices; understates depth),2025-02,912894.4101340269,2025-04,813601.0633986634,-0.10876761390266998,2025-06,True,2.0,2.0,4.0
Shiller monthly REAL TR (monthly avg prices; understates depth),1929-09,8.691443954483784,1932-06,2.016637783087864,-0.7679743672456737,1936-11,True,33.0,53.0,86.0
Shiller monthly REAL TR (monthly avg prices; understates depth),1937-02,9.28389397095132,1942-04,4.798651912708036,-0.4831207758594944,1945-04,True,62.0,36.0,98.0
Shiller monthly REAL TR (monthly avg prices; understates depth),1946-04,12.276435869015113,1948-02,7.933437516201962,-0.3537670378562058,1950-10,True,22.0,32.0,54.0
Shiller monthly REAL TR (monthly avg prices; understates depth),1956-08,37.93772028719535,1957-11,31.85944525348929,-0.16021719248527388,1958-08,True,15.0,9.0,24.0
Shiller monthly REAL TR (monthly avg prices; understates depth),1961-12,61.51168687719078,1962-06,48.12596645773981,-0.21761263751676674,1963-05,True,6.0,11.0,17.0
Shiller monthly REAL TR (monthly avg prices; understates depth),1966-01,85.64923113903359,1966-10,70.15405217346421,-0.18091439653925445,1967-08,True,9.0,10.0,19.0
Shiller monthly REAL TR (monthly avg prices; understates depth),1968-12,96.08001699409324,1970-06,65.65497271789957,-0.316663602152195,1972-11,True,18.0,29.0,47.0
Shiller monthly REAL TR (monthly avg prices; understates depth),1973-01,101.59177363425448,1974-12,50.735579690262334,-0.5005936221478131,1985-01,True,23.0,121.0,144.0
Shiller monthly REAL TR (monthly avg prices; understates depth),1987-08,199.77432275652183,1987-12,146.4779579405402,-0.2667828581801147,1989-08,True,4.0,20.0,24.0
Shiller monthly REAL TR (monthly avg prices; understates depth),1990-06,211.57650511161148,1990-10,177.56354634872847,-0.16075962094628793,1991-03,True,4.0,5.0,9.0
Shiller monthly REAL TR (monthly avg prices; understates depth),1998-07,665.6661324307875,1998-09,587.4940579202904,-0.11743435740832886,1998-12,True,2.0,3.0,5.0
Shiller monthly REAL TR (monthly avg prices; understates depth),2000-08,829.0065398926765,2009-03,399.92439722063756,-0.517585956230922,2013-05,True,103.0,50.0,153.0
Shiller monthly REAL TR (monthly avg prices; understates depth),2018-09,1566.2191558251784,2018-12,1399.3881882993203,-0.10651827804900105,2019-04,True,3.0,4.0,7.0
Shiller monthly REAL TR (monthly avg prices; understates depth),2020-01,1776.812189093635,2020-03,1441.6706032462462,-0.18861958956863467,2020-08,True,2.0,5.0,7.0
Shiller monthly REAL TR (monthly avg prices; understates depth),2021-11,2418.8097159451427,2022-10,1826.2356827879269,-0.24498579993741643,2024-03,True,11.0,17.0,28.0
Shiller monthly REAL TR (monthly avg prices; understates depth),2024-12,2873.195840927002,2025-04,2536.2024451711013,-0.11728869677298914,2025-07,True,4.0,3.0,7.0
^GSPC daily price zigzag r=10%,1928-05-14,20.440000534057617,1928-06-12,18.34000015258789,-0.10273974200590918,1928-08-28,True,0.9527720739219713,2.529774127310062,3.482546201232033
^GSPC daily price zigzag r=10%,1929-09-16,31.86000061035156,1929-10-29,20.43000030517578,-0.35875706485272585,1954-09-22,True,1.4127310061601643,298.77618069815196,300.1889117043121
^GSPC daily price zigzag r=10%,1929-10-31,24.149999618530277,1929-11-13,17.65999984741211,-0.2687370548088289,1930-03-21,True,0.4271047227926078,4.205338809034908,4.632443531827516
^GSPC daily price zigzag r=10%,1929-12-10,22.56999969482422,1929-12-20,20.15999984741211,-0.10677890474073748,1930-01-31,True,0.32854209445585214,1.379876796714579,1.7084188911704312
^GSPC daily price zigzag r=10%,1930-04-10,25.920000076293945,1930-06-24,19.38999938964844,-0.25192903809509426,1952-12-09,True,2.4640657084188913,269.5359342915811,272.0
^GSPC daily price zigzag r=10%,1930-09-10,21.86000061035156,1930-11-10,15.539999961853027,-0.2891125559029384,1951-02-02,True,2.004106776180698,242.75975359342917,244.76386036960986
^GSPC daily price zigzag r=10%,1930-11-21,17.200000762939453,1930-12-16,14.4399995803833,-0.16046517791458936,1931-02-10,True,0.8213552361396304,1.839835728952772,2.6611909650924024
^GSPC daily price zigzag r=10%,1931-02-24,18.170000076293945,1931-06-02,12.199999809265137,-0.32856357963463934,1937-02-10,True,3.2197125256673513,68.33675564681725,71.5564681724846
^GSPC daily price zigzag r=10%,1931-06-26,15.350000381469728,1931-10-05,8.819999694824219,-0.42540720028440004,1936-04-06,True,3.3182751540041067,54.04517453798768,57.36344969199179
^GSPC daily price zigzag r=10%,1931-11-09,11.520000457763672,1932-01-05,7.550000190734863,-0.34461806504124803,1933-07-03,True,1.8726899383983573,17.905544147843944,19.7782340862423
^GSPC daily price zigzag r=10%,1932-01-15,8.920000076293945,1932-02-10,7.5,-0.159192832303643,1932-03-08,True,0.8542094455852156,0.8870636550308009,1.7412731006160165
^GSPC daily price zigzag r=10%,1932-03-08,8.979999542236328,1932-06-01,4.400000095367432,-0.5100222361178783,1932-09-07,True,2.7926078028747434,3.2197125256673513,6.012320328542095
^GSPC daily price zigzag r=10%,1932-06-15,5.119999885559082,1932-07-08,4.409999847412109,-0.13867188555013876,1932-07-22,True,0.75564681724846,0.459958932238193,1.215605749486653
^GSPC daily price zigzag r=10%,1932-09-07,9.3100004196167,1932-09-19,7.340000152587891,-0.2116004487903036,1933-05-26,True,0.3942505133470226,8.180698151950718,8.574948665297741
^GSPC daily price zigzag r=10%,1932-09-21,8.520000457763672,1932-10-10,6.420000076293945,-0.24647890477002798,1933-05-04,True,0.6242299794661191,6.767967145790554,7.392197125256674
^GSPC daily price zigzag r=10%,1932-10-19,7.400000095367432,1932-11-03,6.480000019073486,-0.12432433303208823,1932-11-10,True,0.4928131416837782,0.2299794661190965,0.7227926078028748
^GSPC daily price zigzag r=10%,1932-11-11,7.679999828338623,1932-12-02,6.46999979019165,-0.15755209182195073,1933-04-20,True,0.6899383983572895,4.566735112936345,5.256673511293634
^GSPC daily price zigzag r=10%,1933-01-10,7.340000152587891,1933-02-27,5.53000020980835,-0.2465939925275591,1933-04-20,True,1.5770020533880904,1.7084188911704312,3.2854209445585214
^GSPC daily price zigzag r=10%,1933-03-16,6.929999828338623,1933-03-31,5.849999904632568,-0.15584414869530672,1933-04-19,True,0.4928131416837782,0.6242299794661191,1.1170431211498972
^GSPC daily price zigzag r=10%,1933-06-12,10.890000343322754,1933-06-15,9.739999771118164,-0.1056015184526341,1933-06-27,True,0.09856262833675565,0.3942505133470226,0.4928131416837782
^GSPC daily price zigzag r=10%,1933-07-18,12.199999809265137,1933-07-21,9.649999618530272,-0.20901641234439194,1935-10-22,True,0.09856262833675565,27.039014373716633,27.137577002053387
^GSPC daily price zigzag r=10%,1933-08-25,11.279999732971191,1933-10-19,8.609999656677246,-0.2367021400266166,1934-01-30,True,1.8069815195071868,3.383983572895277,5.190965092402464
^GSPC daily price zigzag r=10%,1934-02-06,11.81999969482422,1934-06-01,9.380000114440918,-0.20642974986300022,1935-09-10,True,3.7782340862423,15.31006160164271,19.08829568788501
^GSPC daily price zigzag r=10%,1934-06-18,10.369999885559082,1934-07-26,8.359999656677246,-0.1938283752231179,1935-06-21,True,1.2484599589322383,10.841889117043122,12.09034907597536
^GSPC daily price zigzag r=10%,1934-08-24,9.520000457763672,1934-09-17,8.449999809265137,-0.11239502069833796,1934-11-26,True,0.7885010266940452,2.299794661190965,3.0882956878850103
^GSPC daily price zigzag r=10%,1935-01-07,9.579999923706056,1935-03-14,8.0600004196167,-0.15866383258814687,1935-05-08,True,2.1683778234086244,1.8069815195071868,3.975359342915811
^GSPC daily price zigzag r=10%,1936-04-06,15.510000228881836,1936-04-29,13.529999732971191,-0.127659604557813,1936-07-14,True,0.75564681724846,2.4969199178644765,3.252566735112936
^GSPC daily price zigzag r=10%,1937-03-10,18.670000076293945,1937-06-28,15.119999885559082,-0.19014462647177177,1946-01-29,True,3.6139630390143735,103.06365503080082,106.6776180698152
^GSPC daily price zigzag r=10%,1937-08-13,17.270000457763672,1937-10-18,10.760000228881836,-0.37695425919663406,1945-11-20,True,2.1683778234086244,97.08418891170432,99.25256673511294
^GSPC daily price zigzag r=10%,1937-10-29,12.350000381469728,1937-11-24,10.170000076293944,-0.17651823788173449,1938-07-18,True,0.8542094455852156,7.753593429158111,8.607802874743326
^GSPC daily price zigzag r=10%,1938-01-11,11.949999809265137,1938-02-03,10.34000015258789,-0.1347280068932698,1938-07-05,True,0.75564681724846,4.993839835728953,5.749486652977413
^GSPC daily price zigzag r=10%,1938-02-23,11.68000030517578,1938-03-31,8.5,-0.2722602929870319,1938-06-29,True,1.1827515400410678,2.9568788501026693,4.139630390143737
^GSPC daily price zigzag r=10%,1938-05-09,10.630000114440918,1938-05-31,9.270000457763672,-0.12793975936365964,1938-06-22,True,0.7227926078028748,0.7227926078028748,1.4455852156057496
^GSPC daily price zigzag r=10%,1938-07-25,12.800000190734863,1938-09-27,10.989999771118164,-0.1414062806754368,1938-10-05,True,2.102669404517454,0.26283367556468173,2.3655030800821355
^GSPC daily price zigzag r=10%,1938-10-10,13.90999984741211,1939-01-26,11.529999732971191,-0.17109993821342173,1945-02-14,True,3.5482546201232035,72.64065708418892,76.18891170431212
^GSPC daily price zigzag r=10%,1939-03-10,13.100000381469728,1939-04-11,10.420000076293944,-0.20458017001027806,1939-09-12,True,1.051334702258727,5.059548254620124,6.11088295687885
^GSPC daily price zigzag r=10%,1939-07-27,12.18000030517578,1939-08-24,10.859999656677246,-0.10837443476398034,1939-09-05,True,0.919917864476386,0.3942505133470226,1.3141683778234086
^GSPC daily price zigzag r=10%,1939-10-25,13.210000038146973,1940-06-10,8.989999771118164,-0.3194549776565154,1944-07-10,True,7.523613963039014,48.98562628336756,56.50924024640657
^GSPC daily price zigzag r=10%,1940-11-07,11.390000343322754,1941-05-01,9.300000190734863,-0.18349430110536624,1943-03-29,True,5.749486652977413,22.899383983572896,28.648870636550306
^GSPC daily price zigzag r=10%,1941-07-28,10.470000267028809,1942-04-28,7.46999979019165,-0.2865329895247942,1943-02-01,True,9.00205338809035,9.166324435318275,18.168377823408623
^GSPC daily price zigzag r=10%,1943-07-14,12.640000343322754,1943-11-29,10.989999771118164,-0.13053801640727203,1944-06-13,True,4.5338809034907595,6.4722792607802875,11.006160164271048
^GSPC daily price zigzag r=10%,1946-02-05,18.700000762939453,1946-02-26,16.809999465942383,-0.10106958395118171,1946-04-09,True,0.6899383983572895,1.379876796714579,2.0698151950718686
^GSPC daily price zigzag r=10%,1946-05-29,19.25,1946-10-09,14.119999885559082,-0.2664935124384893,1950-06-09,True,4.369609856262834,43.9917864476386,48.36139630390144
^GSPC daily price zigzag r=10%,1947-02-11,16.139999389648438,1947-05-19,13.770000457763672,-0.14684008807365811,1948-05-14,True,3.186858316221766,11.860369609856264,15.047227926078028
^GSPC daily price zigzag r=10%,1947-07-24,16.1200008392334,1948-03-16,13.84000015258789,-0.1414392411876534,1948-05-14,True,7.753593429158111,1.9383983572895278,9.69199178644764
^GSPC daily price zigzag r=10%,1948-06-15,17.059999465942383,1949-06-13,13.550000190734863,-0.2057443953743776,1950-01-09,True,11.926078028747433,6.899383983572895,18.82546201232033
^GSPC daily price zigzag r=10%,1950-06-12,19.399999618530277,1950-07-17,16.68000030517578,-0.14020615292984007,1950-09-22,True,1.1498973305954825,2.2012320328542097,3.351129363449692
^GSPC daily price zigzag r=10%,1953-01-05,26.65999984741211,1953-09-14,22.709999084472656,-0.1481620699755135,1954-03-11,True,8.279260780287474,5.848049281314168,14.127310061601642
^GSPC daily price zigzag r=10%,1955-09-23,45.630001068115234,1955-10-11,40.79999923706055,-0.10585145119423933,1955-11-14,True,0.5913757700205339,1.1170431211498972,1.7084188911704312
^GSPC daily price zigzag r=10%,1956-08-02,49.63999938964844,1957-02-12,42.38999938964844,-0.14605157310924266,1958-09-24,True,6.373716632443532,19.351129363449694,25.724845995893222
^GSPC daily price zigzag r=10%,1957-07-15,49.130001068115234,1957-10-22,38.97999954223633,-0.20659477519258862,1958-09-16,True,3.252566735112936,10.809034907597535,14.061601642710473
^GSPC daily price zigzag r=10%,1959-08-03,60.709999084472656,1960-10-25,52.20000076293945,-0.14017457502663255,1961-01-27,True,14.751540041067761,3.0882956878850103,17.83983572895277
^GSPC daily price zigzag r=10%,1961-12-12,72.63999938964844,1962-06-26,52.31999969482422,-0.27973568096863066,1963-09-03,True,6.439425051334703,14.258726899383984,20.698151950718685
^GSPC daily price zigzag r=10%,1962-08-22,59.77999877929688,1962-10-23,53.4900016784668,-0.10521909048630573,1962-11-14,True,2.0369609856262834,0.7227926078028748,2.759753593429158
^GSPC daily price zigzag r=10%,1966-02-09,94.05999755859376,1966-10-07,73.19999694824219,-0.22177334841367646,1967-05-04,True,7.885010266940451,6.86652977412731,14.751540041067761
^GSPC daily price zigzag r=10%,1967-09-25,97.58999633789062,1968-03-05,87.72000122070312,-0.1011373653813259,1968-04-29,True,5.322381930184805,1.8069815195071868,7.129363449691992
^GSPC daily price zigzag r=10%,1968-11-29,108.37000274658205,1970-05-26,69.29000091552734,-0.36061641451132354,1972-03-06,True,17.83983572895277,21.35523613963039,39.19507186858316
^GSPC daily price zigzag r=10%,1971-04-28,104.7699966430664,1971-11-23,90.16000366210938,-0.1394482528307297,1972-02-04,True,6.86652977412731,2.3983572895277208,9.264887063655031
^GSPC daily price zigzag r=10%,1973-01-11,120.23999786376952,1973-08-22,100.52999877929688,-0.163922150986761,1980-07-17,True,7.326488706365503,82.82546201232033,90.15195071868582
^GSPC daily price zigzag r=10%,1973-10-12,111.44000244140624,1974-02-11,90.66000366210938,-0.18646803951949598,1980-01-21,True,4.008213552361396,71.29363449691992,75.30184804928132
^GSPC daily price zigzag r=10%,1974-03-13,99.73999786376952,1974-10-03,62.27999877929688,-0.37557649776208746,1976-01-29,True,6.702258726899384,15.868583162217659,22.570841889117045
^GSPC daily price zigzag r=10%,1974-11-07,75.20999908447266,1974-12-06,65.01000213623047,-0.13562022433727183,1975-01-27,True,0.9527720739219713,1.7084188911704312,2.6611909650924024
^GSPC daily price zigzag r=10%,1975-07-15,95.61000061035156,1975-09-16,82.08999633789062,-0.14140784631474157,1976-01-12,True,2.0698151950718686,3.8767967145790556,5.946611909650924
^GSPC daily price zigzag r=10%,1976-09-21,107.83000183105467,1978-03-06,86.9000015258789,-0.19410182648395358,1979-08-15,True,17.44558521560575,17.31416837782341,34.75975359342916
^GSPC daily price zigzag r=10%,1978-09-12,106.98999786376952,1978-11-14,92.48999786376952,-0.13552668744290342,1979-08-13,True,2.0698151950718686,8.936344969199178,11.006160164271048
^GSPC daily price zigzag r=10%,1979-10-05,111.2699966430664,1979-11-07,99.87000274658205,-0.10245343974488863,1980-01-21,True,1.0841889117043122,2.4640657084188913,3.5482546201232035
^GSPC daily price zigzag r=10%,1980-02-13,118.44000244140624,1980-03-27,98.22000122070312,-0.1707193583578842,1980-07-14,True,1.4127310061601643,3.5811088295687883,4.993839835728953
^GSPC daily price zigzag r=10%,1980-11-28,140.52000427246094,1981-09-25,112.7699966430664,-0.19748083394296456,1982-11-03,True,9.88911704312115,13.273100616016427,23.16221765913758
^GSPC daily price zigzag r=10%,1981-11-30,126.3499984741211,1982-03-08,107.33999633789062,-0.1504551038053561,1982-10-07,True,3.2197125256673513,6.997946611909651,10.217659137577002
^GSPC daily price zigzag r=10%,1982-05-07,119.47000122070312,1982-08-12,102.41999816894533,-0.14271367604877183,1982-08-31,True,3.186858316221766,0.6242299794661191,3.811088295687885
^GSPC daily price zigzag r=10%,1983-10-10,172.64999389648438,1984-07-24,147.82000732421875,-0.1438168980599729,1985-01-21,True,9.462012320328542,5.946611909650924,15.408624229979466
^GSPC daily price zigzag r=10%,1987-08-25,336.7699890136719,1987-10-19,224.83999633789065,-0.3323633231203307,1989-07-26,True,1.8069815195071868,21.22381930184805,23.030800821355236
^GSPC daily price zigzag r=10%,1987-10-21,258.3800048828125,1987-10-26,227.6699981689453,-0.1188559723411865,1988-01-05,True,0.16427104722792607,2.3326488706365502,2.4969199178644765
^GSPC daily price zigzag r=10%,1987-11-02,255.75,1987-12-04,223.9199981689453,-0.12445748516541422,1988-01-04,True,1.051334702258727,1.0184804928131417,2.0698151950718686
^GSPC daily price zigzag r=10%,1989-10-09,359.79998779296875,1990-01-30,322.9800109863281,-0.1023345693603166,1990-05-29,True,3.7125256673511293,3.909650924024641,7.62217659137577
^GSPC daily price zigzag r=10%,1990-07-16,368.9500122070313,1990-10-11,295.4599914550781,-0.19918693134699028,1991-02-13,True,2.858316221765914,4.1067761806981515,6.965092402464066
^GSPC daily price zigzag r=10%,1997-10-07,983.1199951171876,1997-10-27,876.989990234375,-0.10795223920774999,1997-12-05,True,0.6570841889117043,1.2813141683778233,1.9383983572895278
^GSPC daily price zigzag r=10%,1998-07-17,1186.75,1998-08-31,957.280029296875,-0.1933599921661049,1998-11-23,True,1.4784394250513346,2.759753593429158,4.238193018480493
^GSPC daily price zigzag r=10%,1998-09-23,1066.0899658203125,1998-10-08,959.4400024414062,-0.1000384271479785,1998-10-21,True,0.4928131416837782,0.4271047227926078,0.919917864476386
^GSPC daily price zigzag r=10%,1999-07-16,1418.780029296875,1999-10-15,1247.4100341796875,-0.12078686729338572,1999-11-16,True,2.9897330595482545,1.051334702258727,4.041067761806982
^GSPC daily price zigzag r=10%,2000-03-24,1527.4599609375,2000-04-14,1356.56005859375,-0.1118850292081357,2007-05-30,True,0.6899383983572895,85.48665297741273,86.17659137577002
^GSPC daily price zigzag r=10%,2000-09-01,1520.77001953125,2001-04-04,1103.25,-0.2745451410594898,2007-05-18,True,7.063655030800821,73.42915811088295,80.49281314168378
^GSPC daily price zigzag r=10%,2001-05-21,1312.8299560546875,2001-09-21,965.7999877929688,-0.2643373322350231,2006-05-02,True,4.041067761806982,55.3264887063655,59.36755646817249
^GSPC daily price zigzag r=10%,2002-01-04,1172.510009765625,2002-07-23,797.7000122070312,-0.31966464630311786,2004-11-11,True,6.570841889117043,27.66324435318275,34.234086242299796
^GSPC daily price zigzag r=10%,2002-08-22,962.7000122070312,2002-10-09,776.760009765625,-0.19314428179462761,2003-05-30,True,1.5770020533880904,7.655030800821355,9.232032854209445
^GSPC daily price zigzag r=10%,2002-11-27,938.8699951171876,2003-03-11,800.72998046875,-0.1471343374129187,2003-05-12,True,3.4168377823408624,2.0369609856262834,5.453798767967146
^GSPC daily price zigzag r=10%,2007-10-09,1565.1500244140625,2008-03-10,1273.3699951171875,-0.186423042357302,2013-03-28,True,5.026694045174538,60.58316221765914,65.60985626283367
^GSPC daily price zigzag r=10%,2008-05-19,1426.6300048828125,2008-10-10,899.219970703125,-0.36968943059837756,2012-09-06,True,4.731006160164271,46.8829568788501,51.61396303901437
^GSPC daily price zigzag r=10%,2008-10-13,1003.3499755859376,2008-10-27,848.9199829101562,-0.15391438324957063,2008-11-04,True,0.459958932238193,0.26283367556468173,0.7227926078028748
^GSPC daily price zigzag r=10%,2008-11-04,1005.75,2008-11-20,752.4400024414062,-0.2518617922531382,2009-08-07,True,0.5256673511293635,8.542094455852157,9.067761806981519
^GSPC daily price zigzag r=10%,2009-01-06,934.7000122070312,2009-03-09,676.530029296875,-0.27620624750026523,2009-06-01,True,2.0369609856262834,2.759753593429158,4.7967145790554415
^GSPC daily price zigzag r=10%,2010-04-23,1217.280029296875,2010-07-02,1022.5800170898438,-0.15994677274011782,2010-11-04,True,2.299794661190965,4.1067761806981515,6.406570841889117
^GSPC daily price zigzag r=10%,2011-04-29,1363.6099853515625,2011-10-03,1099.22998046875,-0.19388242072358453,2012-02-24,True,5.158110882956879,4.731006160164271,9.88911704312115
^GSPC daily price zigzag r=10%,2015-05-21,2130.820068359375,2015-08-25,1867.6099853515625,-0.12352525063764352,2016-07-11,True,3.154004106776181,10.546201232032855,13.700205338809035
^GSPC daily price zigzag r=10%,2015-11-03,2109.7900390625,2016-02-11,1829.0799560546875,-0.1330511936308828,2016-06-07,True,3.2854209445585214,3.8439425051334704,7.129363449691992
^GSPC daily price zigzag r=10%,2018-01-26,2872.8701171875,2018-02-08,2581.0,-0.10159530548956275,2018-08-24,True,0.4271047227926078,6.4722792607802875,6.899383983572895
^GSPC daily price zigzag r=10%,2018-09-20,2930.75,2018-12-24,2351.10009765625,-0.19778210435681998,2019-04-23,True,3.1211498973305956,3.9425051334702257,7.063655030800821
^GSPC daily price zigzag r=10%,2020-02-19,3386.14990234375,2020-03-23,2237.39990234375,-0.3392496000265327,2020-08-18,True,1.0841889117043122,4.862422997946612,5.946611909650924
^GSPC daily price zigzag r=10%,2022-01-03,4796.56005859375,2022-03-08,4170.7001953125,-0.13048098129406904,2024-01-19,True,2.102669404517454,22.406570841889117,24.50924024640657
^GSPC daily price zigzag r=10%,2022-03-29,4631.60009765625,2022-06-16,3666.77001953125,-0.20831463377272952,2023-12-12,True,2.595482546201232,17.872689938398356,20.468172484599588
^GSPC daily price zigzag r=10%,2022-08-16,4305.2001953125,2022-10-12,3577.030029296875,-0.16913735319636392,2023-06-12,True,1.8726899383983573,7.983572895277208,9.856262833675565
^GSPC daily price zigzag r=10%,2023-07-31,4588.9599609375,2023-10-27,4117.3701171875,-0.10276617093291363,2023-12-01,True,2.891170431211499,1.1498973305954825,4.041067761806982
^GSPC daily price zigzag r=10%,2025-02-19,6144.14990234375,2025-04-08,4982.77001953125,-0.1890220618428401,2025-06-27,True,1.5770020533880904,2.628336755646817,4.205338809034908
^GSPC daily price zigzag r=20%,1929-09-16,31.86000061035156,1929-11-13,17.65999984741211,-0.44569995263357776,1954-09-22,True,1.9055441478439425,298.2833675564682,300.1889117043121
^GSPC daily price zigzag r=20%,1930-04-10,25.920000076293945,1930-12-16,14.4399995803833,-0.4429012523966034,1952-12-09,True,8.213552361396303,263.7864476386037,272.0
^GSPC daily price zigzag r=20%,1931-02-24,18.170000076293945,1931-06-02,12.199999809265137,-0.32856357963463934,1937-02-10,True,3.2197125256673513,68.33675564681725,71.5564681724846
^GSPC daily price zigzag r=20%,1931-06-26,15.350000381469728,1931-10-05,8.819999694824219,-0.42540720028440004,1936-04-06,True,3.3182751540041067,54.04517453798768,57.36344969199179
^GSPC daily price zigzag r=20%,1931-11-09,11.520000457763672,1932-06-01,4.400000095367432,-0.618055562454241,1933-07-03,True,6.7351129363449695,13.043121149897331,19.7782340862423
^GSPC daily price zigzag r=20%,1932-09-07,9.3100004196167,1933-02-27,5.53000020980835,-0.40601504183003845,1933-05-26,True,5.683778234086242,2.891170431211499,8.574948665297741
^GSPC daily price zigzag r=20%,1933-07-18,12.199999809265137,1933-10-19,8.609999656677246,-0.2942623121896699,1935-10-22,True,3.055441478439425,24.082135523613964,27.137577002053387
^GSPC daily price zigzag r=20%,1934-02-06,11.81999969482422,1935-03-14,8.0600004196167,-0.31810485383125364,1935-09-10,True,13.174537987679672,5.9137577002053385,19.08829568788501
^GSPC daily price zigzag r=20%,1937-03-10,18.670000076293945,1938-03-31,8.5,-0.5447241582611029,1946-01-29,True,12.681724845995893,93.99589322381931,106.6776180698152
^GSPC daily price zigzag r=20%,1938-10-10,13.90999984741211,1939-04-11,10.420000076293944,-0.250898620373994,1945-02-14,True,6.012320328542095,70.17659137577002,76.18891170431212
^GSPC daily price zigzag r=20%,1939-10-25,13.210000038146973,1940-06-10,8.989999771118164,-0.3194549776565154,1944-07-10,True,7.523613963039014,48.98562628336756,56.50924024640657
^GSPC daily price zigzag r=20%,1940-11-07,11.390000343322754,1942-04-28,7.46999979019165,-0.3441615834040914,1943-03-29,True,17.642710472279262,11.006160164271048,28.648870636550306
^GSPC daily price zigzag r=20%,1946-05-29,19.25,1947-05-19,13.770000457763672,-0.2846753008953937,1950-06-09,True,11.663244353182751,36.69815195071869,48.36139630390144
^GSPC daily price zigzag r=20%,1948-06-15,17.059999465942383,1949-06-13,13.550000190734863,-0.2057443953743776,1950-01-09,True,11.926078028747433,6.899383983572895,18.82546201232033
^GSPC daily price zigzag r=20%,1956-08-02,49.63999938964844,1957-10-22,38.97999954223633,-0.21474617200811386,1958-09-24,True,14.652977412731007,11.071868583162217,25.724845995893222
^GSPC daily price zigzag r=20%,1961-12-12,72.63999938964844,1962-06-26,52.31999969482422,-0.27973568096863066,1963-09-03,True,6.439425051334703,14.258726899383984,20.698151950718685
^GSPC daily price zigzag r=20%,1966-02-09,94.05999755859376,1966-10-07,73.19999694824219,-0.22177334841367646,1967-05-04,True,7.885010266940451,6.86652977412731,14.751540041067761
^GSPC daily price zigzag r=20%,1968-11-29,108.37000274658205,1970-05-26,69.29000091552734,-0.36061641451132354,1972-03-06,True,17.83983572895277,21.35523613963039,39.19507186858316
^GSPC daily price zigzag r=20%,1973-01-11,120.23999786376952,1974-10-03,62.27999877929688,-0.4820359290935835,1980-07-17,True,20.698151950718685,69.45379876796714,90.15195071868582
^GSPC daily price zigzag r=20%,1980-11-28,140.52000427246094,1982-08-12,102.41999816894533,-0.27113581657485364,1982-11-03,True,20.435318275154003,2.726899383983573,23.16221765913758
^GSPC daily price zigzag r=20%,1987-08-25,336.7699890136719,1987-12-04,223.9199981689453,-0.3350951525557261,1989-07-26,True,3.3182751540041067,19.71252566735113,23.030800821355236
^GSPC daily price zigzag r=20%,2000-03-24,1527.4599609375,2001-09-21,965.7999877929688,-0.36770847518635086,2007-05-30,True,17.93839835728953,68.23819301848049,86.17659137577002
^GSPC daily price zigzag r=20%,2002-01-04,1172.510009765625,2002-07-23,797.7000122070312,-0.31966464630311786,2004-11-11,True,6.570841889117043,27.66324435318275,34.234086242299796
^GSPC daily price zigzag r=20%,2007-10-09,1565.1500244140625,2008-11-20,752.4400024414062,-0.5192537515864695,2013-03-28,True,13.404517453798768,52.205338809034906,65.60985626283367
^GSPC daily price zigzag r=20%,2009-01-06,934.7000122070312,2009-03-09,676.530029296875,-0.27620624750026523,2009-06-01,True,2.0369609856262834,2.759753593429158,4.7967145790554415
^GSPC daily price zigzag r=20%,2020-02-19,3386.14990234375,2020-03-23,2237.39990234375,-0.3392496000265327,2020-08-18,True,1.0841889117043122,4.862422997946612,5.946611909650924
^GSPC daily price zigzag r=20%,2022-01-03,4796.56005859375,2022-10-12,3577.030029296875,-0.2542509661923039,2024-01-19,True,9.264887063655031,15.24435318275154,24.50924024640657
^GSPC daily price zigzag r=30%,1929-09-16,31.86000061035156,1929-11-13,17.65999984741211,-0.44569995263357776,1954-09-22,True,1.9055441478439425,298.2833675564682,300.1889117043121
^GSPC daily price zigzag r=30%,1930-04-10,25.920000076293945,1931-10-05,8.819999694824219,-0.6597222349975662,1952-12-09,True,17.83983572895277,254.16016427104722,272.0
^GSPC daily price zigzag r=30%,1931-11-09,11.520000457763672,1932-06-01,4.400000095367432,-0.618055562454241,1933-07-03,True,6.7351129363449695,13.043121149897331,19.7782340862423
^GSPC daily price zigzag r=30%,1932-09-07,9.3100004196167,1933-02-27,5.53000020980835,-0.40601504183003845,1933-05-26,True,5.683778234086242,2.891170431211499,8.574948665297741
^GSPC daily price zigzag r=30%,1933-07-18,12.199999809265137,1935-03-14,8.0600004196167,-0.3393442175715746,1935-10-22,True,19.84394250513347,7.293634496919918,27.137577002053387
^GSPC daily price zigzag r=30%,1937-03-10,18.670000076293945,1938-03-31,8.5,-0.5447241582611029,1946-01-29,True,12.681724845995893,93.99589322381931,106.6776180698152
^GSPC daily price zigzag r=30%,1938-10-10,13.90999984741211,1942-04-28,7.46999979019165,-0.4629762852526983,1945-02-14,True,42.57905544147844,33.609856262833674,76.18891170431212
^GSPC daily price zigzag r=30%,1968-11-29,108.37000274658205,1970-05-26,69.29000091552734,-0.36061641451132354,1972-03-06,True,17.83983572895277,21.35523613963039,39.19507186858316
^GSPC daily price zigzag r=30%,1973-01-11,120.23999786376952,1974-10-03,62.27999877929688,-0.4820359290935835,1980-07-17,True,20.698151950718685,69.45379876796714,90.15195071868582
^GSPC daily price zigzag r=30%,1987-08-25,336.7699890136719,1987-12-04,223.9199981689453,-0.3350951525557261,1989-07-26,True,3.3182751540041067,19.71252566735113,23.030800821355236
^GSPC daily price zigzag r=30%,2000-03-24,1527.4599609375,2002-10-09,776.760009765625,-0.4914694789846552,2007-05-30,True,30.521560574948666,55.65503080082136,86.17659137577002
^GSPC daily price zigzag r=30%,2007-10-09,1565.1500244140625,2009-03-09,676.530029296875,-0.5677538774277282,2013-03-28,True,16.985626283367555,48.62422997946612,65.60985626283367
^GSPC daily price zigzag r=30%,2020-02-19,3386.14990234375,2020-03-23,2237.39990234375,-0.3392496000265327,2020-08-18,True,1.0841889117043122,4.862422997946612,5.946611909650924
