indicator,value,unit,as_of,source,note,retrieved
S&P 500 close,7743.41,index,2026-09-25,"Yahoo Finance via yfinance (^GSPC, ^VIX), retrieved 2026-09-26",matches lead-provided close,2026-09-26
S&P 500 all-time closing high,7798.99,index,2026-08-13,"Yahoo Finance via yfinance (^GSPC, ^VIX), retrieved 2026-09-26",current level -0.7% below ATH,2026-09-26
S&P 500 price return YTD,0.1312,decimal,2026-09-25,"Yahoo Finance via yfinance (^GSPC, ^VIX), retrieved 2026-09-26",computed by R1; max intra-year decline YTD -9.1%,2026-09-26
Forward 12M P/E (FactSet),19.2,x,"2026-09-25 (price 2026-09-24 7,704.13)",https://advantage.factset.com/hubfs/Website/Resources%20Section/Research%20Desk/Earnings%20Insight/EarningsInsight_092526.pdf,"5y avg 19.8, 10y avg 19.0; was 20.4 on 2026-06-30",2026-09-26
Trailing 12M P/E (FactSet),25.8,x,2026-09-25,https://advantage.factset.com/hubfs/Website/Resources%20Section/Research%20Desk/Earnings%20Insight/EarningsInsight_092526.pdf,"5y avg 24.4, 10y avg 23.6",2026-09-26
"CY2026 EPS growth, consensus (FactSet)",0.32,decimal,2026-09-25,https://advantage.factset.com/hubfs/Website/Resources%20Section/Research%20Desk/Earnings%20Insight/EarningsInsight_092526.pdf,CY2026 revenue growth 12.3%; Q3-26 EPS growth est. 29.1%,2026-09-26
"CY2027 EPS growth, consensus (FactSet)",0.154,decimal,2026-09-25,https://advantage.factset.com/hubfs/Website/Resources%20Section/Research%20Desk/Earnings%20Insight/EarningsInsight_092526.pdf,CY2027 revenue growth 9.2%,2026-09-26
Bottom-up 12M target price (FactSet),9275.04,index,2026-09-25,https://advantage.factset.com/hubfs/Website/Resources%20Section/Research%20Desk/Earnings%20Insight/EarningsInsight_092526.pdf,"+20.4% vs 7,704.13",2026-09-26
Shiller CAPE (Aug-2026 monthly avg),41.12,x,2026-08,https://shillerdata.com/ (ie_data.xls saved 2026-09-02),,2026-09-26
Shiller CAPE (Sept-1 close),40.58,x,2026-09-01,https://shillerdata.com/ (ie_data.xls saved 2026-09-02),,2026-09-26
Shiller CAPE estimated at 2026-09-25,41.17,x,2026-09-25,https://shillerdata.com/ (ie_data.xls saved 2026-09-02),R1 scaled Sept value by 7743.41/7631.47; 99th pct since 1881; record 44.2 (Dec-1999),2026-09-26
Shiller excess CAPE yield,0.0101,decimal,2026-09,https://shillerdata.com/ (ie_data.xls saved 2026-09-02),Shiller definition,2026-09-26
JPM GTM forward P/E vs 30y avg,20.4,x,2026-06-30,https://am.jpmorgan.com/content/dam/jpm-am-aem/global/en/insights/market-insights/guide-to-the-markets/mi-guide-to-the-markets-us.pdf,30y avg 17.2x; CAPE 40.7x vs 28.8x; div yield 1.4% vs 2.0%; EY minus Baa -0.5% vs 0.7%,2026-09-26
10-year Treasury par yield,0.0517,decimal,2026-09-25,https://home.treasury.gov/resource-center/data-chart-center/interest-rates/daily-treasury-rates.csv/2026/all?type=daily_treasury_yield_curve&field_tdr_date_value=2026&page&_format=csv,"2y 4.81%, 5y 4.98%, 30y 5.49%",2026-09-26
3-month Treasury (CMT par yield),0.0424,decimal,2026-09-25,https://home.treasury.gov/resource-center/data-chart-center/interest-rates/daily-treasury-rates.csv/2026/all?type=daily_treasury_yield_curve&field_tdr_date_value=2026&page&_format=csv,"1-month 4.04%, 6-month 4.33%, 1-year 4.50%",2026-09-26
13-week T-bill (coupon equivalent),0.0418,decimal,2026-09-25,https://home.treasury.gov/resource-center/data-chart-center/interest-rates/daily-treasury-rates.csv/2026/all?type=daily_treasury_bill_rates&field_tdr_date_value=2026&page&_format=csv,bank discount 4.08%; 52-week CE 4.48%,2026-09-26
10-year TIPS real yield,0.0283,decimal,2026-09-25,https://home.treasury.gov/resource-center/data-chart-center/interest-rates/daily-treasury-rates.csv/2026/all?type=daily_treasury_real_yield_curve&field_tdr_date_value=2026&page&_format=csv,implied 10y breakeven inflation ~2.34%,2026-09-26
"Damodaran implied ERP (T12m, adjusted payout)",0.0414,decimal,2026-09-01,https://pages.stern.nyu.edu/~adamodar/ (home page) and https://pages.stern.nyu.edu/~adamodar/pc/implprem/ERPbymonth.xlsx,T-bond 4.75%; prior month 4.28%; implied expected return 8.84%,2026-09-26
Forward earnings yield minus 10y Treasury,0.00038333333333333275,decimal,2026-09-25,https://advantage.factset.com/hubfs/Website/Resources%20Section/Research%20Desk/Earnings%20Insight/EarningsInsight_092526.pdf ; https://home.treasury.gov/resource-center/data-chart-center/interest-rates/daily-treasury-rates.csv/2026/all?type=daily_treasury_yield_curve&field_tdr_date_value=2026&page&_format=csv,computed by R1: 5.21% - 5.17%,2026-09-26
Top-10 companies weight in S&P 500 (SPY),0.4037,decimal,2026-09-24,https://www.ssga.com/us/en/intermediary/library-content/products/fund-data/etfs/us/holdings-daily-us-en-spy.xlsx,Alphabet share classes combined; 38.8% by top-10 lines; top-5 30.3%; top-20 50.6%,2026-09-26
Top-10 weight in S&P 500 (JPM GTM),0.379,decimal,2026-06-30,https://am.jpmorgan.com/content/dam/jpm-am-aem/global/en/insights/market-insights/guide-to-the-markets/mi-guide-to-the-markets-us.pdf,top-10 share of S&P 500 earnings 33.7%,2026-09-26
VIX close,14.87,index pts,2026-09-25,"Yahoo Finance via yfinance (^GSPC, ^VIX), retrieved 2026-09-26","mean since 1990 19.4, median 17.6",2026-09-26
"S&P 500 realized vol, last 1y (daily, annualized)",0.1299,decimal,2026-09-25,"Yahoo Finance via yfinance (^GSPC, ^VIX), retrieved 2026-09-26",computed by R1,2026-09-26
