year,n_stocks,SP500TR_return,pct_stocks_beat_SP500TR,pct_stocks_positive,median_stock_return
2016,463,0.1196,0.5896,0.8035,0.1714
2017,467,0.2183,0.5182,0.8844,0.2295
2018,470,-0.0438,0.5170,0.4426,-0.0333
2019,474,0.3149,0.5190,0.9346,0.3230
2020,480,0.1840,0.4167,0.6937,0.1314
2021,485,0.2871,0.4948,0.8887,0.2813
2022,489,-0.1811,0.5971,0.3231,-0.1192
2023,491,0.2629,0.3401,0.7230,0.1501
2024,493,0.2502,0.3327,0.7282,0.1476
2025,496,0.1788,0.3387,0.6613,0.0935
2026 YTD to 2026-09-24,497,0.1351,0.3521,0.5895,0.0555
