block,alpha,TE,IR,P_outperform_1y,P_outperform_3y,P_outperform_5y,P_outperform_10y,P_outperform_20y,years_for_90pct,years_for_t2,years_for_t3,IC,top_quantile,base_rate_random_stock_beats_index,P_pick_beats_index,IC_needed_for_90pct_hit,SR_backtest,years,t_single,haircut_N10,haircut_N100,haircut_N316
A_B,0.0050,0.0300,0.1667,0.5662,0.6136,0.6453,0.7009,0.7720,59.1255,144.0000,324.0000,,,,,,,,,,,
A_B,0.0050,0.0500,0.1000,0.5398,0.5688,0.5885,0.6241,0.6726,164.2374,400.0000,900.0000,,,,,,,,,,,
A_B,0.0050,0.0700,0.0714,0.5285,0.5492,0.5634,0.5894,0.6253,321.9054,784.0000,1764.0000,,,,,,,,,,,
A_B,0.0050,0.0900,0.0556,0.5222,0.5383,0.5494,0.5697,0.5981,532.1293,1296.0000,2916.0000,,,,,,,,,,,
A_B,0.0100,0.0300,0.3333,0.6306,0.7181,0.7720,0.8541,0.9320,14.7814,36.0000,81.0000,,,,,,,,,,,
A_B,0.0100,0.0500,0.2000,0.5793,0.6355,0.6726,0.7365,0.8145,41.0594,100.0000,225.0000,,,,,,,,,,,
A_B,0.0100,0.0700,0.1429,0.5568,0.5977,0.6253,0.6743,0.7385,80.4763,196.0000,441.0000,,,,,,,,,,,
A_B,0.0100,0.0900,0.1111,0.5442,0.5763,0.5981,0.6373,0.6904,133.0323,324.0000,729.0000,,,,,,,,,,,
A_B,0.0150,0.0300,0.5000,0.6915,0.8068,0.8682,0.9431,0.9873,6.5695,16.0000,36.0000,,,,,,,,,,,
A_B,0.0150,0.0500,0.3000,0.6179,0.6983,0.7488,0.8286,0.9101,18.2486,44.4444,100.0000,,,,,,,,,,,
A_B,0.0150,0.0700,0.2143,0.5848,0.6447,0.6841,0.7510,0.8310,35.7673,87.1111,196.0000,,,,,,,,,,,
A_B,0.0150,0.0900,0.1667,0.5662,0.6136,0.6453,0.7009,0.7720,59.1255,144.0000,324.0000,,,,,,,,,,,
A_B,0.0200,0.0300,0.6667,0.7475,0.8759,0.9320,0.9825,0.9986,3.6953,9.0000,20.2500,,,,,,,,,,,
A_B,0.0200,0.0500,0.4000,0.6554,0.7558,0.8145,0.8970,0.9632,10.2648,25.0000,56.2500,,,,,,,,,,,
A_B,0.0200,0.0700,0.2857,0.6125,0.6897,0.7385,0.8169,0.8993,20.1191,49.0000,110.2500,,,,,,,,,,,
A_B,0.0200,0.0900,0.2222,0.5879,0.6498,0.6904,0.7589,0.8398,33.2581,81.0000,182.2500,,,,,,,,,,,
A_B,0.0300,0.0300,1.0000,0.8413,0.9584,0.9873,0.9992,1.0000,1.6424,4.0000,9.0000,,,,,,,,,,,
A_B,0.0300,0.0500,0.6000,0.7257,0.8507,0.9101,0.9711,0.9964,4.5622,11.1111,25.0000,,,,,,,,,,,
A_B,0.0300,0.0700,0.4286,0.6659,0.7710,0.8310,0.9123,0.9724,8.9418,21.7778,49.0000,,,,,,,,,,,
A_B,0.0300,0.0900,0.3333,0.6306,0.7181,0.7720,0.8541,0.9320,14.7814,36.0000,81.0000,,,,,,,,,,,
C,,,,,,,,,,,,0.0000,0.0500,0.4500,0.4500,,,,,,,
C,,,,,,,,,,,,0.0000,0.0500,0.5000,0.5000,,,,,,,
C,,,,,,,,,,,,0.0000,0.1000,0.4500,0.4500,,,,,,,
C,,,,,,,,,,,,0.0000,0.1000,0.5000,0.5000,,,,,,,
C,,,,,,,,,,,,0.0000,0.2000,0.4500,0.4500,,,,,,,
C,,,,,,,,,,,,0.0000,0.2000,0.5000,0.5000,,,,,,,
C,,,,,,,,,,,,0.0300,0.0500,0.4500,0.4746,,,,,,,
C,,,,,,,,,,,,0.0300,0.0500,0.5000,0.5247,,,,,,,
C,,,,,,,,,,,,0.0300,0.1000,0.4500,0.4709,,,,,,,
C,,,,,,,,,,,,0.0300,0.1000,0.5000,0.5210,,,,,,,
C,,,,,,,,,,,,0.0300,0.2000,0.4500,0.4666,,,,,,,
C,,,,,,,,,,,,0.0300,0.2000,0.5000,0.5168,,,,,,,
C,,,,,,,,,,,,0.0500,0.0500,0.4500,0.4910,,,,,,,
C,,,,,,,,,,,,0.0500,0.0500,0.5000,0.5411,,,,,,,
C,,,,,,,,,,,,0.0500,0.1000,0.4500,0.4849,,,,,,,
C,,,,,,,,,,,,0.0500,0.1000,0.5000,0.5350,,,,,,,
C,,,,,,,,,,,,0.0500,0.2000,0.4500,0.4778,,,,,,,
C,,,,,,,,,,,,0.0500,0.2000,0.5000,0.5279,,,,,,,
C,,,,,,,,,,,,0.0800,0.0500,0.4500,0.5157,,,,,,,
C,,,,,,,,,,,,0.0800,0.0500,0.5000,0.5657,,,,,,,
C,,,,,,,,,,,,0.0800,0.1000,0.4500,0.5059,,,,,,,
C,,,,,,,,,,,,0.0800,0.1000,0.5000,0.5560,,,,,,,
C,,,,,,,,,,,,0.0800,0.2000,0.4500,0.4945,,,,,,,
C,,,,,,,,,,,,0.0800,0.2000,0.5000,0.5447,,,,,,,
C,,,,,,,,,,,,0.1000,0.0500,0.4500,0.5323,,,,,,,
C,,,,,,,,,,,,0.1000,0.0500,0.5000,0.5821,,,,,,,
C,,,,,,,,,,,,0.1000,0.1000,0.4500,0.5200,,,,,,,
C,,,,,,,,,,,,0.1000,0.1000,0.5000,0.5699,,,,,,,
C,,,,,,,,,,,,0.1000,0.2000,0.4500,0.5057,,,,,,,
C,,,,,,,,,,,,0.1000,0.2000,0.5000,0.5559,,,,,,,
C,,,,,,,,,,,,0.1500,0.0500,0.4500,0.5736,,,,,,,
C,,,,,,,,,,,,0.1500,0.0500,0.5000,0.6226,,,,,,,
C,,,,,,,,,,,,0.1500,0.1000,0.4500,0.5552,,,,,,,
C,,,,,,,,,,,,0.1500,0.1000,0.5000,0.6048,,,,,,,
C,,,,,,,,,,,,0.1500,0.2000,0.4500,0.5339,,,,,,,
C,,,,,,,,,,,,0.1500,0.2000,0.5000,0.5839,,,,,,,
C,,,,,,,,,,,,0.2000,0.0500,0.4500,0.6148,,,,,,,
C,,,,,,,,,,,,0.2000,0.0500,0.5000,0.6627,,,,,,,
C,,,,,,,,,,,,0.2000,0.1000,0.4500,0.5906,,,,,,,
C,,,,,,,,,,,,0.2000,0.1000,0.5000,0.6394,,,,,,,
C,,,,,,,,,,,,0.2000,0.2000,0.4500,0.5622,,,,,,,
C,,,,,,,,,,,,0.2000,0.2000,0.5000,0.6119,,,,,,,
C_needed,,,,,,,,,,,,,0.1000,0.4750,,0.6305,,,,,,
D,,,,,,,,,,,,,,,,,0.3000,10.0000,0.9487,0.9801,1.0000,1.0000
D,,,,,,,,,,,,,,,,,0.3000,20.0000,1.3416,0.8705,1.0000,1.0000
D,,,,,,,,,,,,,,,,,0.3000,60.0000,2.3238,0.4284,0.9291,0.9991
D,,,,,,,,,,,,,,,,,0.5000,10.0000,1.5811,0.7575,1.0000,1.0000
D,,,,,,,,,,,,,,,,,0.5000,20.0000,2.2361,0.4590,0.9569,0.9998
D,,,,,,,,,,,,,,,,,0.5000,60.0000,3.8730,0.1556,0.3409,0.4508
D,,,,,,,,,,,,,,,,,0.7500,10.0000,2.3717,0.4126,0.9108,0.9981
D,,,,,,,,,,,,,,,,,0.7500,20.0000,3.3541,0.2085,0.4720,0.6363
D,,,,,,,,,,,,,,,,,0.7500,60.0000,5.8095,0.0686,0.1423,0.1814
D,,,,,,,,,,,,,,,,,1.0000,10.0000,3.1623,0.2349,0.5391,0.7284
D,,,,,,,,,,,,,,,,,1.0000,20.0000,4.4721,0.1163,0.2483,0.3224
D,,,,,,,,,,,,,,,,,1.0000,60.0000,7.7460,0.0385,0.0785,0.0992
