factor,window,mkt_rf,hml,rmw,cma,umd
mkt_rf,1963-07..2026-07,1.0000,-0.2107,-0.1918,-0.3571,-0.1624
hml,1963-07..2026-07,-0.2107,1.0000,0.0925,0.6816,-0.1934
rmw,1963-07..2026-07,-0.1918,0.0925,1.0000,0.0176,0.0522
cma,1963-07..2026-07,-0.3571,0.6816,0.0176,1.0000,-0.0215
umd,1963-07..2026-07,-0.1624,-0.1934,0.0522,-0.0215,1.0000
mkt_rf,2010-01..2026-07,1.0000,0.0291,-0.1338,-0.1590,-0.2466
hml,2010-01..2026-07,0.0291,1.0000,0.0900,0.6285,-0.2726
rmw,2010-01..2026-07,-0.1338,0.0900,1.0000,0.1867,-0.1247
cma,2010-01..2026-07,-0.1590,0.6285,0.1867,1.0000,-0.0107
umd,2010-01..2026-07,-0.2466,-0.2726,-0.1247,-0.0107,1.0000
mkt_rf,2015-01..2026-07,1.0000,-0.0224,-0.0579,-0.2336,-0.3057
hml,2015-01..2026-07,-0.0224,1.0000,0.1462,0.6345,-0.2932
rmw,2015-01..2026-07,-0.0579,0.1462,1.0000,0.2203,-0.1825
cma,2015-01..2026-07,-0.2336,0.6345,0.2203,1.0000,-0.0384
umd,2015-01..2026-07,-0.3057,-0.2932,-0.1825,-0.0384,1.0000
