paper,authors,journal,year,sample,key_finding,decay_caveats,doi_url,verification
Returns to Buying Winners and Selling Losers,Jegadeesh & Titman,JF 48(1):65-91,1993,"NYSE/AMEX, 1965-1989",6-month/6-month relative-strength strategy earns ~12.0%/yr compounded (~1%/month); 12m/3m best at 1.31%/month; cumulative gain peaks ~9.5% at month 12 and partly reverses (~4% by month 36).,"Persisted in the 1990s (JT 2001, JF 56(2)). Our data: UMD 9.9%/yr in JT's sample vs 4.7%/yr after publication (-53%). Crash-prone (see Daniel & Moskowitz).",https://doi.org/10.1111/j.1540-6261.1993.tb04702.x,VERIFIED-SUB; decay = our data
Value and Momentum Everywhere,"Asness, Moskowitz & Pedersen",JF 68(3):929-985,2013,"8 markets/asset classes, 1972-2011 (US: ~724 liquid large caps)",Value and momentum premia in every asset class; value-momentum correlation about -0.6 within stock markets; global 50/50 value+momentum combination Sharpe 1.45.,Standalone Sharpe ratios slightly lower in 1992-2011 than 1972-1991; gross of costs; value then suffered its 2007-2020 drawdown.,https://doi.org/10.1111/jofi.12021,VERIFIED-SUB
Momentum Crashes,Daniel & Moskowitz,JFE 122(2):221-247,2016,US 1927-2013 + international equities and other asset classes,"Crashes happen in 'panic' states (after market falls, high volatility) when markets rebound: Mar-May 2009 losers +163% vs winners +8%; Jul-Aug 1932 losers +232% vs winners +32%. Dynamic weighting roughly doubles alpha and Sharpe.","Constant-volatility scaling is an alternative fix (Barroso & Santa-Clara 2015, JFE 116(1)). Our data: UMD -49% in Mar-May 2009; worst drawdown -78% (1932-39).",https://doi.org/10.1016/j.jfineco.2015.12.002,VERIFIED-SUB; our data
The Cross-Section of Expected Stock Returns,Fama & French,JF 47(2):427-465,1992,"NYSE/AMEX/NASDAQ nonfinancials, 1963-1990",Beta has no reliable relation to average returns; B/M decile returns rise from 0.30% to 1.83%/month (spread 1.53%/month); size and B/M absorb E/P and leverage effects.,"Our data: HML 5.1%/yr in FF's sample vs 2.2%/yr after publication (-57%). Fama & French (2021, RAPS 11(1):105-121): value premium much lower in the second half of 1963-2019, but too volatile to reject equal expected premia.",https://doi.org/10.1111/j.1540-6261.1992.tb04398.x,VERIFIED-SUB; decay = our data
Common Risk Factors in the Returns on Stocks and Bonds,Fama & French,JFE 33(1):3-56,1993,US 1963-07 to 1991-12,"Three-factor model; HML 0.40%/month (t 2.91), SMB 0.27%/month (t 1.73).","Size premium weak since (our data: SMB +2.2%/yr, t 1.7, 1963-2026; -0.8%/yr since 2010).",https://doi.org/10.1016/0304-405X(93)90023-5,VERIFIED-SUB
A Five-Factor Asset Pricing Model,Fama & French,JFE 116(1):1-22,2015,US 1963-07 to 2013-12,Adds profitability (RMW) and investment (CMA); explains 71-94% of the cross-section variance of expected returns for test portfolios; HML redundant in this sample; HML only 0.21%/month (t 1.69) among big stocks vs 0.53% among small.,"Our data after publication (2015-05 to 2026-07): RMW 2.7%/yr (t 1.1; -15% vs in-sample), CMA -0.3%/yr (-108%).",https://doi.org/10.1016/j.jfineco.2014.10.010,VERIFIED-SUB; decay = our data
The Other Side of Value: The Gross Profitability Premium,Novy-Marx,JFE 108(1):1-28,2013,US nonfinancials 1963-07 to 2010-12,"Gross profits/assets predicts returns about as well as B/M: value-weighted quintile spread 0.31%/month (t 2.49), FF3 alpha 0.52%/month (t 4.49); correlation with value -0.57, so combining improves both.","Large caps alone: 0.26%/month (t 1.88), but large-cap profitability+value earns 0.62%/month (Sharpe 0.74). French's RMW uses operating, not gross, profitability.",https://doi.org/10.1016/j.jfineco.2013.01.003,VERIFIED-SUB
Quality Minus Junk,"Asness, Frazzini & Pedersen",Review of Accounting Studies 24(1):34-112,2019,"US 1957-2016; 24 countries 1989-2016 (54,616 stocks)","Quality (profitable, growing, safe, well-managed) earns significant risk-adjusted returns: US QMJ alphas 39-60 bp/month (t 5.4-10.0), global 51-61 bp; quality stocks trade at only moderately higher prices.",Raw top-minus-bottom decile spread only 42-52 bp/month (t ~2.5); much of the alpha comes from QMJ's low/negative beta. Authors are AQR-affiliated.,https://doi.org/10.1007/s11142-018-9470-2,VERIFIED-SUB
Asset Growth and the Cross-Section of Stock Returns,"Cooper, Gulen & Schill",JF 63(4):1609-1651,2008,US nonfinancials 1968-2003,"Low-minus-high total asset growth decile: ~20%/yr equal-weighted raw (~26% vs 6%), ~13%/yr value-weighted raw, ~8.4%/yr value-weighted risk-adjusted; effect holds among large caps.",Now embedded in CMA/q-factor investment. Our data: CMA 5.5%/yr in CGS's sample vs 0.6%/yr after 2008 (-90%); -0.7%/yr since 2015.,https://doi.org/10.1111/j.1540-6261.2008.01370.x,PARTLY (numbers from SSRN WP/secondary; JF abstract verified)
Share Issuance and Cross-sectional Returns,Pontiff & Woodgate,JF 63(2):921-945,2008,"US, post-1970 (with an earlier comparison period)","Post-1970, net share issuance predicts returns (negatively) more significantly than size, B/M or momentum; no significant predictive power in the earlier period for most horizons. Chen & Zimmermann replication 0.58%/month (t 4.9).","Holds internationally (McLean, Pontiff & Watanabe 2009, JFE 94(1)). Our data: big-cap net repurchasers +1.5%/yr active 1963-2026, only +0.1%/yr since 2010.",https://doi.org/10.1111/j.1540-6261.2008.01335.x,VERIFIED-SUB (start of pre-1970 period unverified)
Market Reactions to Tangible and Intangible Information,Daniel & Titman,JF 61(4):1605-1643,2006,US,B/M predicts returns because it proxies for the 'intangible' (non-fundamental) part of past returns; a composite equity-issuance measure independently forecasts returns negatively.,Numeric results not checked by R3.,https://doi.org/10.1111/j.1540-6261.2006.00884.x,VERIFIED-SUB (abstract level)
Do Stock Prices Fully Reflect Information in Accruals and Cash Flows about Future Earnings?,Sloan,The Accounting Review 71(3):289-315,1996,"40,679 NYSE/AMEX firm-years, 1962-1991","Accruals are less persistent than cash flows, but prices act as if investors fixate on earnings; a low-minus-high accrual hedge earns 10.4% size-adjusted in year 1 (t 4.7), positive in 28 of 30 years.","Green, Hand & Soliman (2011, Mgmt Sci 57(5):797-816): the hedge return decayed until it was no longer reliably positive. Our data: big-cap low-accrual quintile +1.9%/yr active 1963-2026, +2.4%/yr since 2010 (t 1.6).",https://doi.org/10.2308/tar-9608042309,VERIFIED-SUB
Post-Earnings-Announcement Drift: Delayed Price Response or Risk Premium?,Bernard & Thomas,JAR 27 (Suppl.):1-36,1989,"NYSE/AMEX quarterly announcements, 1974-1986","Prices keep drifting in the direction of the earnings surprise for ~60 trading days: extreme SUE deciles about +/-2% each (~4% long-short per quarter, ~18% annualized).","Chordia, Goyal, Sadka, Sadka & Shivakumar (2009, FAJ 65(4)): drift 0.04%/month in the most liquid stocks vs 2.43% in the least, and costs absorb 70-100% of paper profits.",https://doi.org/10.2307/2491062,SECONDARY for numbers (paper behind JSTOR)
Rest in Peace Post-Earnings Announcement Drift,Martineau,Critical Finance Review 11(3-4):613-646,2022,"US, recent decades",Earnings surprises are now fully priced on the announcement day: the drift has been insignificant for large stocks since ~2006 and more recently for microcaps too.,"Text-based surprises still show drift (Meursault, Liang, Routledge & Scanlon 2023, JFQA 58(6):2299-2326: 1-yr drift 8.0% text-based vs 4.6% classic SUE in 2010-2019, working-paper figures).",https://doi.org/10.1561/104.00000122,VERIFIED-SUB
Betting Against Beta,Frazzini & Pedersen,JFE 111(1):1-25,2014,"US 1926-2012 + 19 international markets, Treasuries, credit, futures",Long leveraged low-beta / short high-beta (BAB) has US Sharpe 0.78 and FF3 alpha 0.73%/month (t 7.4); the security market line is flatter than CAPM predicts in 18 of 19 markets.,"Novy-Marx & Velikov (2022, JFE 143(1):80-106): BAB's construction effectively equal-weights and loads on tiny stocks; its return is explained by profitability/investment tilts. Our data: big-cap low-beta quintile -0.6%/yr raw active (beta 0.70), CAPM alpha +1.4%/yr (t 1.7), 1963-2026.",https://doi.org/10.1016/j.jfineco.2013.10.005,VERIFIED-SUB; our data
The Cross-Section of Volatility and Expected Returns,"Ang, Hodrick, Xing & Zhang",JF 61(1):259-299,2006,US 1963-07 to 2000-12,Stocks with high idiosyncratic volatility (relative to FF3) earn very low returns: top-minus-bottom quintile -1.06%/month (value-weighted).,"Bali & Cakici (2008, JFQA 43(1):29-58): not robust to weighting, breakpoints, data frequency and size/price/liquidity screens. Our data: big-cap low-variance quintile -1.0%/yr raw active (beta 0.66), CAPM alpha +1.3%/yr (t 1.4), 1963-2026.",https://doi.org/10.1111/j.1540-6261.2006.00836.x,VERIFIED-SUB; our data
Does Academic Research Destroy Stock Return Predictability?,McLean & Pontiff,JF 71(1):5-32,2016,97 published cross-sectional return predictors,Predictor portfolio returns are 26% lower out-of-sample (upper bound on data mining) and 58% lower after publication; 32% is attributed to publication-informed trading; bigger declines for predictors with higher in-sample returns.,"Implies keeping ~40% of in-sample premia for published signals. Our French check: -53% (momentum), -57% (value).",https://doi.org/10.1111/jofi.12365,VERIFIED-R3 (Crossref abstract)
...and the Cross-Section of Expected Returns,"Harvey, Liu & Zhu",RFS 29(1):5-68,2016,316 factors from 313 papers,"Once you account for how many factors have been tried, a newly proposed factor needs t > 3.0; most claimed research findings in financial economics are likely false.","Companion Harvey & Liu (2015, JPM 42(1):13-28): the Sharpe-ratio haircut is nonlinear; the 50% rule of thumb is too lenient below Sharpe 0.4 and too harsh above 1.0.",https://doi.org/10.1093/rfs/hhv059,VERIFIED-SUB; HL(2015) VERIFIED-R3
Replicating Anomalies,"Hou, Xue & Zhang",RFS 33(5):2019-2133,2020,"452 anomalies, US","With microcaps mitigated (NYSE breakpoints, value-weighted returns), 65% fail |t| >= 1.96 (including 96% of the trading-frictions category) and 82% fail t >= 2.78; replicated anomalies are much smaller than originally reported.","Supports a large-cap, value-weighted implementation of only the robust families, with shrunken premia.",https://doi.org/10.1093/rfs/hhy131,VERIFIED-R3 (Crossref abstract)
Is There a Replication Crisis in Finance?,"Jensen, Kelly & Pedersen",JF 78(5):2465-2518,2023,"153 factors, 93 countries","With a Bayesian framework, most factors replicate (82.4% in the US), cluster into 13 themes, work out-of-sample internationally, and their evidence is strengthened (not weakened) by the large number of factors.","Average alpha 0.49%/month in-sample vs 0.26% after the original samples (-47%): decay, not disappearance.",https://doi.org/10.1111/jofi.13249,VERIFIED-R3 (abstract); 82.4% and alpha figures VERIFIED-SUB
Open Source Cross-Sectional Asset Pricing,Chen & Zimmermann,Critical Finance Review 11(2):207-264,2022,319 characteristics,98% of the 161 clearly significant predictors reproduce with t > 1.96; reproduced vs original t-stats slope 0.88.,Reproduction is in-sample; it says nothing about post-publication returns.,https://doi.org/10.1561/104.00000112,VERIFIED-SUB
How Do Factor Premia Vary Over Time? A Century of Evidence,"Ilmanen, Israel, Lee, Moskowitz & Thapar",Journal of Investment Management 19(4),2021,"Value, momentum, carry, defensive across 6 asset classes, ~1926-2020",Pooled t-stats 5.1 (value) to >6.6 (defensive); multifactor Sharpe 1.46; out-of-sample Sharpe 49% below original-sample for value but only 18% lower for the multifactor combination; little evidence of arbitrage-driven decay.,"AQR authors; the long-short, multi-asset setting differs from large-cap long-only equities.",https://doi.org/10.2139/ssrn.3400998,VERIFIED-SUB (forthcoming draft)
Is (Systematic) Value Investing Dead?,"Israel, Laursen & Richardson",JPM 47(2):38-62,2021,"US equities, focus on the 2018-2020 value drawdown","Value's recent underperformance came mainly from a widening gap between prices and fundamentals (valuation spreads), not from value's fundamentals failing.",Decomposition numbers not checked.,https://doi.org/10.3905/jpm.2020.1.194,VERIFIED-SUB (abstract level)
Reports of Value's Death May Be Greatly Exaggerated,"Arnott, Harvey, Kalesnik & Linnainmaa",FAJ 77(1):44-67,2021,"US, value 2007-2020",HML fell ~55% from 2007 to mid-2020; the change in relative valuations explains the entire drawdown; capitalising intangibles improves value.,"Our data: HML -57.8% peak-to-trough (2006-12 to 2020-09), then +68.5% from 2020-10 to 2022-12.",https://doi.org/10.1080/0015198X.2020.1842704,VERIFIED-SUB; our data
"The Role of Shorting, Firm Size, and Time on Market Anomalies",Israel & Moskowitz,JFE 108(2):275-301,2013,86 years US + ~40 years international equities and asset classes,The long side supplies ~60% of value and ~half of momentum profits (almost all of size); the value premium falls with firm size and is weak among the largest stocks; momentum has no reliable size relation; variation over time looks like chance.,Consistent with our large-cap long-only capture of ~45-54% of the all-cap combo premium.,https://doi.org/10.1016/j.jfineco.2012.11.005,VERIFIED-SUB
When Equity Factors Drop Their Shorts,"Blitz, Baltussen & van Vliet",FAJ 76(4):73-99,2020,US and international equities,"Both legs carry premia, but most added value comes from the long legs, and the shorts are largely subsumed by the longs, in large and small caps alike.",Magnitudes not checked.,https://doi.org/10.1080/0015198X.2020.1779560,VERIFIED-SUB (abstract level)
A Taxonomy of Anomalies and Their Trading Costs,Novy-Marx & Velikov,RFS 29(1):104-147,2016,US anomalies,"Most anomalies with <50% monthly turnover keep significant net spreads with cost mitigation (buy/hold spreads); few high-turnover ones do; size, value and profitability have the largest capacity.","Institutional live-trade costs are much lower (Frazzini, Israel & Moskowitz 2018 WP 'Trading Costs', SSRN 3229719); a small investor's costs sit between the two.",https://doi.org/10.1093/rfs/hhv063,VERIFIED-SUB
"Long-Only Style Investing: Don't Just Mix, Integrate","Fitzgibbons, Friedman, Pomorski & Serban",Journal of Investing 26(4):153-164,2017,Long-only style portfolios,Integrating styles in a single portfolio beats a mix of stand-alone style sleeves (higher return and IR) by avoiding stocks with offsetting exposures.,AQR authors.,https://www.aqr.com/Insights/Research/White-Papers/Long-Only-Style-Investing,VERIFIED-R3 (abstract via journal/AQR pages)
Stocks for the Long Run? Evidence from a Broad Sample of Developed Markets,"Anarkulova, Cederburg & O'Doherty",JFE 143(1):409-433,2022,"39 developed markets, 1841-2019 (bootstrap)",A diversified investor with a 30-year horizon has a 12% chance of losing to inflation.,Counterweight to US-only 'stocks always win over 20 years' evidence.,https://doi.org/10.1016/j.jfineco.2021.06.040,VERIFIED-R3 (abstract)
