horizon_years,start_year,months,end_month,partial_period,n_members_start,n_covered,n_missing_no_data,n_reuse_excluded,coverage,n_delisted_midway_cash,SP500TR_return,pct_beat_covered,pct_beat_lower_bound,pct_beat_upper_bound,pct_positive_covered,median_member_return,EW_mean_member_return
1,2001,12,2001-12-31,False,492,239,206,47,0.4858,0,-0.1189,0.6778,0.3293,0.8435,0.5021,0.0005,0.0364
1,2002,12,2002-12-31,False,496,246,208,42,0.4960,0,-0.2210,0.6423,0.3185,0.8226,0.3008,-0.1414,-0.1494
1,2003,12,2003-12-31,False,494,254,198,42,0.5142,0,0.2868,0.5472,0.2814,0.7672,0.9409,0.3119,0.4405
1,2004,12,2004-12-31,False,494,258,195,41,0.5223,0,0.1088,0.6357,0.3320,0.8097,0.8140,0.1693,0.1962
1,2005,12,2005-12-30,False,495,261,197,37,0.5273,0,0.0491,0.5479,0.2889,0.7616,0.6897,0.0692,0.1092
1,2006,12,2006-12-29,False,497,273,192,32,0.5493,0,0.1579,0.5165,0.2837,0.7344,0.7949,0.1632,0.1636
1,2007,12,2007-12-31,False,497,284,184,29,0.5714,0,0.0549,0.4401,0.2515,0.6801,0.5458,0.0247,0.0386
1,2008,12,2008-12-31,False,497,301,172,24,0.6056,0,-0.3700,0.4983,0.3018,0.6962,0.0598,-0.3738,-0.3784
1,2009,12,2009-12-31,False,498,308,166,24,0.6185,0,0.2646,0.5487,0.3394,0.7209,0.8929,0.2969,0.4420
1,2010,12,2010-12-31,False,499,322,159,18,0.6453,0,0.1506,0.5621,0.3627,0.7174,0.8261,0.1919,0.2167
1,2011,12,2011-12-30,False,497,328,151,18,0.6600,0,0.0211,0.4848,0.3199,0.6600,0.5274,0.0146,0.0123
1,2012,12,2012-12-31,False,497,338,140,19,0.6801,0,0.1600,0.4852,0.3300,0.6499,0.8402,0.1525,0.1949
1,2013,12,2013-12-31,False,497,347,132,18,0.6982,0,0.3239,0.5274,0.3682,0.6700,0.9395,0.3462,0.3800
1,2014,12,2014-12-31,False,497,353,126,18,0.7103,0,0.1369,0.5269,0.3742,0.6640,0.7960,0.1499,0.1464
1,2015,12,2015-12-31,False,499,360,123,16,0.7214,0,0.0138,0.4833,0.3487,0.6273,0.5167,0.0069,-0.0075
1,2016,12,2016-12-30,False,502,376,110,16,0.7490,0,0.1196,0.5452,0.4084,0.6594,0.7846,0.1497,0.1553
1,2017,12,2017-12-29,False,506,395,101,10,0.7806,0,0.2183,0.4532,0.3538,0.5731,0.8253,0.1960,0.2149
1,2018,12,2018-12-31,False,505,408,89,8,0.8079,0,-0.0438,0.4559,0.3683,0.5604,0.3799,-0.0677,-0.0670
1,2019,12,2019-12-31,False,505,419,79,7,0.8297,0,0.3149,0.4654,0.3861,0.5564,0.9141,0.2971,0.2989
1,2020,12,2020-12-31,False,505,435,66,4,0.8614,0,0.1840,0.3379,0.2911,0.4297,0.6299,0.0861,0.1011
1,2021,12,2021-12-31,False,505,446,55,4,0.8832,0,0.2871,0.4731,0.4178,0.5347,0.8789,0.2708,0.2924
1,2022,12,2022-12-30,False,505,455,47,3,0.9010,0,-0.1811,0.5824,0.5248,0.6238,0.3033,-0.1335,-0.1050
1,2023,12,2023-12-29,False,503,472,30,1,0.9384,0,0.2629,0.2818,0.2644,0.3260,0.6822,0.1186,0.1584
1,2024,12,2024-12-31,False,503,480,23,0,0.9543,0,0.2502,0.2750,0.2624,0.3082,0.6813,0.1178,0.1278
1,2025,12,2025-12-31,False,503,487,16,0,0.9682,0,0.1788,0.3080,0.2982,0.3300,0.6324,0.0813,0.1163
1,2026,8,2026-08-31,True,503,495,8,0,0.9841,0,0.1314,0.4283,0.4215,0.4374,0.6727,0.0955,0.1512
3,2001,36,2003-12-31,False,492,239,206,47,0.4858,0,-0.1167,0.6987,0.3394,0.8537,0.6025,0.0971,0.2192
3,2002,36,2004-12-31,False,496,246,208,42,0.4960,0,0.1115,0.6748,0.3347,0.8387,0.7317,0.2821,0.3932
3,2003,36,2005-12-30,False,494,254,198,42,0.5142,0,0.4970,0.6024,0.3097,0.7955,0.9134,0.6328,0.9231
3,2004,36,2006-12-29,False,494,258,195,41,0.5223,0,0.3470,0.6124,0.3198,0.7976,0.8760,0.4459,0.5578
3,2005,36,2007-12-31,False,495,261,197,37,0.5273,0,0.2816,0.4943,0.2606,0.7333,0.7126,0.2783,0.3743
3,2006,36,2008-12-31,False,497,273,192,32,0.5493,0,-0.2304,0.5092,0.2797,0.7304,0.3260,-0.2204,-0.2270
3,2007,36,2009-12-31,False,497,284,184,29,0.5714,0,-0.1595,0.5704,0.3260,0.7545,0.3803,-0.1064,-0.1291
3,2008,36,2010-12-31,False,497,301,172,24,0.6056,0,-0.0832,0.5947,0.3602,0.7545,0.5050,0.0082,0.0016
3,2009,36,2011-12-30,False,498,308,166,24,0.6185,0,0.4859,0.5455,0.3373,0.7189,0.8864,0.5745,0.7256
3,2010,36,2012-12-31,False,499,322,159,18,0.6453,0,0.3630,0.5652,0.3647,0.7194,0.8509,0.4190,0.4463
3,2011,36,2013-12-31,False,497,328,151,18,0.6600,0,0.5682,0.5244,0.3461,0.6861,0.9207,0.5791,0.6177
3,2012,36,2014-12-31,False,497,338,140,19,0.6801,0,0.7460,0.5444,0.3702,0.6901,0.9438,0.7831,0.8598
3,2013,36,2015-12-31,False,497,347,132,18,0.6982,0,0.5259,0.5072,0.3541,0.6559,0.8415,0.5321,0.5762
3,2014,36,2016-12-30,False,497,353,126,18,0.7103,0,0.2905,0.5297,0.3763,0.6660,0.7875,0.3207,0.3082
3,2015,36,2017-12-29,False,499,360,123,16,0.7214,0,0.3829,0.4917,0.3547,0.6333,0.7972,0.3709,0.3972
3,2016,36,2018-12-31,False,502,376,110,16,0.7490,0,0.3042,0.4574,0.3426,0.5936,0.7500,0.2654,0.2965
3,2017,36,2019-12-31,False,506,395,101,10,0.7806,0,0.5317,0.4253,0.3320,0.5514,0.8076,0.4213,0.4619
3,2018,36,2020-12-31,False,505,408,89,8,0.8079,0,0.4885,0.3260,0.2634,0.4554,0.7108,0.2713,0.3516
3,2019,36,2021-12-31,False,505,419,79,7,0.8297,0,1.0037,0.3556,0.2950,0.4653,0.9236,0.7118,0.8867
3,2020,36,2022-12-30,False,505,435,66,4,0.8614,0,0.2479,0.4759,0.4099,0.5485,0.7287,0.2297,0.2686
3,2021,36,2023-12-29,False,505,446,55,4,0.8832,0,0.3310,0.4170,0.3683,0.4851,0.7646,0.2535,0.3406
3,2022,36,2024-12-31,False,505,455,47,3,0.9010,0,0.2929,0.3297,0.2970,0.3960,0.5934,0.0814,0.1595
3,2023,36,2025-12-31,False,503,472,30,1,0.9384,0,0.8611,0.2013,0.1889,0.2505,0.7415,0.3222,0.5321
5,2001,60,2005-12-30,False,492,239,206,47,0.4858,0,0.0275,0.7029,0.3415,0.8557,0.7113,0.4152,0.6477
5,2002,60,2006-12-29,False,496,246,208,42,0.4960,0,0.3503,0.6707,0.3327,0.8367,0.8496,0.5892,0.7972
5,2003,60,2007-12-31,False,494,254,198,42,0.5142,0,0.8286,0.5039,0.2591,0.7449,0.8740,0.8461,1.4345
5,2004,60,2008-12-31,False,494,258,195,41,0.5223,0,-0.1047,0.5698,0.2976,0.7753,0.4884,-0.0237,0.0556
5,2005,60,2009-12-31,False,495,261,197,37,0.5273,0,0.0211,0.5785,0.3051,0.7778,0.5900,0.1273,0.1423
5,2006,60,2010-12-31,False,497,273,192,32,0.5493,0,0.1199,0.5568,0.3058,0.7565,0.6190,0.2081,0.2291
5,2007,60,2011-12-30,False,497,284,184,29,0.5714,0,-0.0124,0.5282,0.3018,0.7304,0.5106,0.0120,0.0756
5,2008,60,2012-12-31,False,497,301,172,24,0.6056,0,0.0859,0.5615,0.3400,0.7344,0.6279,0.1641,0.2086
5,2009,60,2013-12-31,False,498,308,166,24,0.6185,0,1.2819,0.5552,0.3434,0.7249,0.9643,1.4341,1.7526
5,2010,60,2014-12-31,False,499,322,159,18,0.6453,0,1.0514,0.5373,0.3467,0.7014,0.9441,1.1358,1.2319
5,2011,60,2015-12-31,False,497,327,152,18,0.6579,0,0.8075,0.4557,0.2998,0.6419,0.8716,0.7718,0.8900
5,2012,60,2016-12-30,False,497,337,141,19,0.6781,0,0.9818,0.5341,0.3622,0.6841,0.9228,1.0690,1.1699
5,2013,60,2017-12-29,False,497,347,132,18,0.6982,0,1.0814,0.4784,0.3340,0.6358,0.9020,1.0494,1.2628
5,2014,60,2018-12-31,False,497,353,126,18,0.7103,0,0.5033,0.4646,0.3300,0.6197,0.7620,0.4337,0.5141
5,2015,60,2019-12-31,False,499,360,123,16,0.7214,0,0.7386,0.4111,0.2966,0.5752,0.8000,0.5956,0.6938
5,2016,60,2020-12-31,False,502,376,110,16,0.7490,0,1.0304,0.3590,0.2689,0.5199,0.8138,0.7082,0.8990
5,2017,60,2021-12-31,False,506,395,101,10,0.7806,0,1.3341,0.3418,0.2668,0.4862,0.8709,0.8323,1.1217
5,2018,60,2022-12-30,False,505,408,89,8,0.8079,0,0.5688,0.4412,0.3564,0.5485,0.7770,0.4858,0.5354
5,2019,60,2023-12-29,False,505,419,79,7,0.8297,0,1.0721,0.3126,0.2594,0.4297,0.8878,0.7452,0.9527
5,2020,60,2024-12-31,False,505,435,66,4,0.8614,0,0.9702,0.2529,0.2178,0.3564,0.7954,0.5043,0.7154
5,2021,60,2025-12-31,False,505,446,55,4,0.8832,0,0.9616,0.3184,0.2812,0.3980,0.7735,0.5371,0.7773
