report,published,data_as_of,category,benchmark,measure,horizon,value_pct,source_url,verification
SPIVA U.S. Year-End 2025,2026-03-03,2025-12-31,All Large-Cap Funds,S&P 500,"% underperforming (absolute, count-based, Report 1a)",1y,78.78,https://www.spglobal.com/spdji/en/documents/spiva/spiva-us-year-end-2025.pdf,VERIFIED-R3
SPIVA U.S. Year-End 2025,2026-03-03,2025-12-31,All Large-Cap Funds,S&P 500,"% underperforming (absolute, count-based, Report 1a)",3y,66.84,https://www.spglobal.com/spdji/en/documents/spiva/spiva-us-year-end-2025.pdf,VERIFIED-R3
SPIVA U.S. Year-End 2025,2026-03-03,2025-12-31,All Large-Cap Funds,S&P 500,"% underperforming (absolute, count-based, Report 1a)",5y,88.96,https://www.spglobal.com/spdji/en/documents/spiva/spiva-us-year-end-2025.pdf,VERIFIED-R3
SPIVA U.S. Year-End 2025,2026-03-03,2025-12-31,All Large-Cap Funds,S&P 500,"% underperforming (absolute, count-based, Report 1a)",10y,85.59,https://www.spglobal.com/spdji/en/documents/spiva/spiva-us-year-end-2025.pdf,VERIFIED-R3
SPIVA U.S. Year-End 2025,2026-03-03,2025-12-31,All Large-Cap Funds,S&P 500,"% underperforming (absolute, count-based, Report 1a)",15y,89.93,https://www.spglobal.com/spdji/en/documents/spiva/spiva-us-year-end-2025.pdf,VERIFIED-R3
SPIVA U.S. Year-End 2025,2026-03-03,2025-12-31,All Large-Cap Funds,S&P 500,"% underperforming (absolute, count-based, Report 1a)",20y,92.89,https://www.spglobal.com/spdji/en/documents/spiva/spiva-us-year-end-2025.pdf,VERIFIED-R3
SPIVA U.S. Year-End 2025,2026-03-03,2025-12-31,All Domestic Funds,S&P Composite 1500,"% underperforming (absolute, Report 1a)",1y,79.83,https://www.spglobal.com/spdji/en/documents/spiva/spiva-us-year-end-2025.pdf,VERIFIED-R3
SPIVA U.S. Year-End 2025,2026-03-03,2025-12-31,All Domestic Funds,S&P Composite 1500,"% underperforming (absolute, Report 1a)",3y,80.4,https://www.spglobal.com/spdji/en/documents/spiva/spiva-us-year-end-2025.pdf,VERIFIED-R3
SPIVA U.S. Year-End 2025,2026-03-03,2025-12-31,All Domestic Funds,S&P Composite 1500,"% underperforming (absolute, Report 1a)",5y,91.47,https://www.spglobal.com/spdji/en/documents/spiva/spiva-us-year-end-2025.pdf,VERIFIED-R3
SPIVA U.S. Year-End 2025,2026-03-03,2025-12-31,All Domestic Funds,S&P Composite 1500,"% underperforming (absolute, Report 1a)",10y,90.43,https://www.spglobal.com/spdji/en/documents/spiva/spiva-us-year-end-2025.pdf,VERIFIED-R3
SPIVA U.S. Year-End 2025,2026-03-03,2025-12-31,All Domestic Funds,S&P Composite 1500,"% underperforming (absolute, Report 1a)",15y,93.15,https://www.spglobal.com/spdji/en/documents/spiva/spiva-us-year-end-2025.pdf,VERIFIED-R3
SPIVA U.S. Year-End 2025,2026-03-03,2025-12-31,All Domestic Funds,S&P Composite 1500,"% underperforming (absolute, Report 1a)",20y,95.01,https://www.spglobal.com/spdji/en/documents/spiva/spiva-us-year-end-2025.pdf,VERIFIED-R3
SPIVA U.S. Year-End 2025,2026-03-03,2025-12-31,All Large-Cap Funds,S&P 500,"% underperforming (risk-adjusted, Report 1b)",3y,82.76,https://www.spglobal.com/spdji/en/documents/spiva/spiva-us-year-end-2025.pdf,VERIFIED-R3
SPIVA U.S. Year-End 2025,2026-03-03,2025-12-31,All Large-Cap Funds,S&P 500,"% underperforming (risk-adjusted, Report 1b)",5y,91.14,https://www.spglobal.com/spdji/en/documents/spiva/spiva-us-year-end-2025.pdf,VERIFIED-R3
SPIVA U.S. Year-End 2025,2026-03-03,2025-12-31,All Large-Cap Funds,S&P 500,"% underperforming (risk-adjusted, Report 1b)",10y,95.73,https://www.spglobal.com/spdji/en/documents/spiva/spiva-us-year-end-2025.pdf,VERIFIED-R3
SPIVA U.S. Year-End 2025,2026-03-03,2025-12-31,All Large-Cap Funds,S&P 500,"% underperforming (risk-adjusted, Report 1b)",15y,98.61,https://www.spglobal.com/spdji/en/documents/spiva/spiva-us-year-end-2025.pdf,VERIFIED-R3
SPIVA U.S. Year-End 2025,2026-03-03,2025-12-31,All Large-Cap Funds,S&P 500,"% underperforming (risk-adjusted, Report 1b)",20y,97.76,https://www.spglobal.com/spdji/en/documents/spiva/spiva-us-year-end-2025.pdf,VERIFIED-R3
SPIVA U.S. Mid-Year 2026,2026-09-17,2026-06-30,All Large-Cap Funds,S&P 500,"% underperforming (absolute, count-based, Report 1a)",1y,78.69,https://www.spglobal.com/spdji/en/documents/spiva/spiva-us-mid-year-2026.pdf,VERIFIED-R3
SPIVA U.S. Mid-Year 2026,2026-09-17,2026-06-30,All Large-Cap Funds,S&P 500,"% underperforming (absolute, count-based, Report 1a)",3y,76.63,https://www.spglobal.com/spdji/en/documents/spiva/spiva-us-mid-year-2026.pdf,VERIFIED-R3
SPIVA U.S. Mid-Year 2026,2026-09-17,2026-06-30,All Large-Cap Funds,S&P 500,"% underperforming (absolute, count-based, Report 1a)",5y,89.32,https://www.spglobal.com/spdji/en/documents/spiva/spiva-us-mid-year-2026.pdf,VERIFIED-R3
SPIVA U.S. Mid-Year 2026,2026-09-17,2026-06-30,All Large-Cap Funds,S&P 500,"% underperforming (absolute, count-based, Report 1a)",10y,83.33,https://www.spglobal.com/spdji/en/documents/spiva/spiva-us-mid-year-2026.pdf,VERIFIED-R3
SPIVA U.S. Mid-Year 2026,2026-09-17,2026-06-30,All Large-Cap Funds,S&P 500,"% underperforming (absolute, count-based, Report 1a)",15y,90.49,https://www.spglobal.com/spdji/en/documents/spiva/spiva-us-mid-year-2026.pdf,VERIFIED-R3
SPIVA U.S. Mid-Year 2026,2026-09-17,2026-06-30,All Large-Cap Funds,S&P 500,"% underperforming (absolute, count-based, Report 1a)",20y,92.61,https://www.spglobal.com/spdji/en/documents/spiva/spiva-us-mid-year-2026.pdf,VERIFIED-R3
SPIVA U.S. Mid-Year 2026,2026-09-17,2026-06-30,All Large-Cap Funds,S&P 500,"% underperforming (absolute, Report 1a)",YTD (H1 2026),67.18,https://www.spglobal.com/spdji/en/documents/spiva/spiva-us-mid-year-2026.pdf,VERIFIED-R3
SPIVA U.S. Mid-Year 2026,2026-09-17,2026-06-30,All Domestic Funds,S&P Composite 1500,"% underperforming (absolute, Report 1a)",1y,60.82,https://www.spglobal.com/spdji/en/documents/spiva/spiva-us-mid-year-2026.pdf,VERIFIED-SUB
SPIVA U.S. Mid-Year 2026,2026-09-17,2026-06-30,All Domestic Funds,S&P Composite 1500,"% underperforming (absolute, Report 1a)",3y,79.31,https://www.spglobal.com/spdji/en/documents/spiva/spiva-us-mid-year-2026.pdf,VERIFIED-SUB
SPIVA U.S. Mid-Year 2026,2026-09-17,2026-06-30,All Domestic Funds,S&P Composite 1500,"% underperforming (absolute, Report 1a)",5y,91.4,https://www.spglobal.com/spdji/en/documents/spiva/spiva-us-mid-year-2026.pdf,VERIFIED-SUB
SPIVA U.S. Mid-Year 2026,2026-09-17,2026-06-30,All Domestic Funds,S&P Composite 1500,"% underperforming (absolute, Report 1a)",10y,88.19,https://www.spglobal.com/spdji/en/documents/spiva/spiva-us-mid-year-2026.pdf,VERIFIED-SUB
SPIVA U.S. Mid-Year 2026,2026-09-17,2026-06-30,All Domestic Funds,S&P Composite 1500,"% underperforming (absolute, Report 1a)",15y,93.25,https://www.spglobal.com/spdji/en/documents/spiva/spiva-us-mid-year-2026.pdf,VERIFIED-SUB
SPIVA U.S. Mid-Year 2026,2026-09-17,2026-06-30,All Domestic Funds,S&P Composite 1500,"% underperforming (absolute, Report 1a)",20y,94.89,https://www.spglobal.com/spdji/en/documents/spiva/spiva-us-mid-year-2026.pdf,VERIFIED-SUB
SPIVA U.S. Year-End 2024,2025-03-04,2024-12-31,All Large-Cap Funds,S&P 500,"% underperforming (absolute, Report 1a)",1y,65.24,https://www.spglobal.com/spdji/en/documents/spiva/spiva-us-year-end-2024.pdf,VERIFIED-SUB
SPIVA U.S. Year-End 2024,2025-03-04,2024-12-31,All Large-Cap Funds,S&P 500,"% underperforming (absolute, Report 1a)",3y,84.96,https://www.spglobal.com/spdji/en/documents/spiva/spiva-us-year-end-2024.pdf,VERIFIED-SUB
SPIVA U.S. Year-End 2024,2025-03-04,2024-12-31,All Large-Cap Funds,S&P 500,"% underperforming (absolute, Report 1a)",5y,76.26,https://www.spglobal.com/spdji/en/documents/spiva/spiva-us-year-end-2024.pdf,VERIFIED-SUB
SPIVA U.S. Year-End 2024,2025-03-04,2024-12-31,All Large-Cap Funds,S&P 500,"% underperforming (absolute, Report 1a)",10y,84.34,https://www.spglobal.com/spdji/en/documents/spiva/spiva-us-year-end-2024.pdf,VERIFIED-SUB
SPIVA U.S. Year-End 2024,2025-03-04,2024-12-31,All Large-Cap Funds,S&P 500,"% underperforming (absolute, Report 1a)",15y,89.5,https://www.spglobal.com/spdji/en/documents/spiva/spiva-us-year-end-2024.pdf,VERIFIED-SUB
SPIVA U.S. Year-End 2024,2025-03-04,2024-12-31,All Large-Cap Funds,S&P 500,"% underperforming (absolute, Report 1a)",20y,91.99,https://www.spglobal.com/spdji/en/documents/spiva/spiva-us-year-end-2024.pdf,VERIFIED-SUB
SPIVA U.S. Year-End 2025,2026-03-03,2025-12-31,All Large-Cap Funds,-,fund survival rate (Report 2),10y,67.02,https://www.spglobal.com/spdji/en/documents/spiva/spiva-us-year-end-2025.pdf,VERIFIED-SUB
SPIVA U.S. Year-End 2025,2026-03-03,2025-12-31,All Large-Cap Funds,-,fund survival rate (Report 2),20y,34.61,https://www.spglobal.com/spdji/en/documents/spiva/spiva-us-year-end-2025.pdf,VERIFIED-SUB
SPIVA U.S. Mid-Year 2026,2026-09-17,2026-06-30,All Large-Cap Funds,-,fund survival rate (Report 2),10y,68.75,https://www.spglobal.com/spdji/en/documents/spiva/spiva-us-mid-year-2026.pdf,VERIFIED-R3
SPIVA U.S. Mid-Year 2026,2026-09-17,2026-06-30,All Large-Cap Funds,-,fund survival rate (Report 2),20y,36.52,https://www.spglobal.com/spdji/en/documents/spiva/spiva-us-mid-year-2026.pdf,VERIFIED-R3
SPIVA U.S. Year-End 2025,2026-03-03,2025-12-31,All Large-Cap Funds,S&P 500,% underperforming in calendar year (annual series exhibit),2001,65.0,https://www.spglobal.com/spdji/en/documents/spiva/spiva-us-year-end-2025.pdf,VERIFIED-R3
SPIVA U.S. Year-End 2025,2026-03-03,2025-12-31,All Large-Cap Funds,S&P 500,% underperforming in calendar year (annual series exhibit),2002,68.0,https://www.spglobal.com/spdji/en/documents/spiva/spiva-us-year-end-2025.pdf,VERIFIED-R3
SPIVA U.S. Year-End 2025,2026-03-03,2025-12-31,All Large-Cap Funds,S&P 500,% underperforming in calendar year (annual series exhibit),2003,75.0,https://www.spglobal.com/spdji/en/documents/spiva/spiva-us-year-end-2025.pdf,VERIFIED-R3
SPIVA U.S. Year-End 2025,2026-03-03,2025-12-31,All Large-Cap Funds,S&P 500,% underperforming in calendar year (annual series exhibit),2004,69.0,https://www.spglobal.com/spdji/en/documents/spiva/spiva-us-year-end-2025.pdf,VERIFIED-R3
SPIVA U.S. Year-End 2025,2026-03-03,2025-12-31,All Large-Cap Funds,S&P 500,% underperforming in calendar year (annual series exhibit),2005,49.0,https://www.spglobal.com/spdji/en/documents/spiva/spiva-us-year-end-2025.pdf,VERIFIED-R3
SPIVA U.S. Year-End 2025,2026-03-03,2025-12-31,All Large-Cap Funds,S&P 500,% underperforming in calendar year (annual series exhibit),2006,68.0,https://www.spglobal.com/spdji/en/documents/spiva/spiva-us-year-end-2025.pdf,VERIFIED-R3
SPIVA U.S. Year-End 2025,2026-03-03,2025-12-31,All Large-Cap Funds,S&P 500,% underperforming in calendar year (annual series exhibit),2007,45.0,https://www.spglobal.com/spdji/en/documents/spiva/spiva-us-year-end-2025.pdf,VERIFIED-R3
SPIVA U.S. Year-End 2025,2026-03-03,2025-12-31,All Large-Cap Funds,S&P 500,% underperforming in calendar year (annual series exhibit),2008,56.0,https://www.spglobal.com/spdji/en/documents/spiva/spiva-us-year-end-2025.pdf,VERIFIED-R3
SPIVA U.S. Year-End 2025,2026-03-03,2025-12-31,All Large-Cap Funds,S&P 500,% underperforming in calendar year (annual series exhibit),2009,48.0,https://www.spglobal.com/spdji/en/documents/spiva/spiva-us-year-end-2025.pdf,VERIFIED-R3
SPIVA U.S. Year-End 2025,2026-03-03,2025-12-31,All Large-Cap Funds,S&P 500,% underperforming in calendar year (annual series exhibit),2010,66.0,https://www.spglobal.com/spdji/en/documents/spiva/spiva-us-year-end-2025.pdf,VERIFIED-R3
SPIVA U.S. Year-End 2025,2026-03-03,2025-12-31,All Large-Cap Funds,S&P 500,% underperforming in calendar year (annual series exhibit),2011,82.0,https://www.spglobal.com/spdji/en/documents/spiva/spiva-us-year-end-2025.pdf,VERIFIED-R3
SPIVA U.S. Year-End 2025,2026-03-03,2025-12-31,All Large-Cap Funds,S&P 500,% underperforming in calendar year (annual series exhibit),2012,63.0,https://www.spglobal.com/spdji/en/documents/spiva/spiva-us-year-end-2025.pdf,VERIFIED-R3
SPIVA U.S. Year-End 2025,2026-03-03,2025-12-31,All Large-Cap Funds,S&P 500,% underperforming in calendar year (annual series exhibit),2013,55.0,https://www.spglobal.com/spdji/en/documents/spiva/spiva-us-year-end-2025.pdf,VERIFIED-R3
SPIVA U.S. Year-End 2025,2026-03-03,2025-12-31,All Large-Cap Funds,S&P 500,% underperforming in calendar year (annual series exhibit),2014,87.0,https://www.spglobal.com/spdji/en/documents/spiva/spiva-us-year-end-2025.pdf,VERIFIED-R3
SPIVA U.S. Year-End 2025,2026-03-03,2025-12-31,All Large-Cap Funds,S&P 500,% underperforming in calendar year (annual series exhibit),2015,65.0,https://www.spglobal.com/spdji/en/documents/spiva/spiva-us-year-end-2025.pdf,VERIFIED-R3
SPIVA U.S. Year-End 2025,2026-03-03,2025-12-31,All Large-Cap Funds,S&P 500,% underperforming in calendar year (annual series exhibit),2016,66.0,https://www.spglobal.com/spdji/en/documents/spiva/spiva-us-year-end-2025.pdf,VERIFIED-R3
SPIVA U.S. Year-End 2025,2026-03-03,2025-12-31,All Large-Cap Funds,S&P 500,% underperforming in calendar year (annual series exhibit),2017,63.0,https://www.spglobal.com/spdji/en/documents/spiva/spiva-us-year-end-2025.pdf,VERIFIED-R3
SPIVA U.S. Year-End 2025,2026-03-03,2025-12-31,All Large-Cap Funds,S&P 500,% underperforming in calendar year (annual series exhibit),2018,65.0,https://www.spglobal.com/spdji/en/documents/spiva/spiva-us-year-end-2025.pdf,VERIFIED-R3
SPIVA U.S. Year-End 2025,2026-03-03,2025-12-31,All Large-Cap Funds,S&P 500,% underperforming in calendar year (annual series exhibit),2019,71.0,https://www.spglobal.com/spdji/en/documents/spiva/spiva-us-year-end-2025.pdf,VERIFIED-R3
SPIVA U.S. Year-End 2025,2026-03-03,2025-12-31,All Large-Cap Funds,S&P 500,% underperforming in calendar year (annual series exhibit),2020,60.0,https://www.spglobal.com/spdji/en/documents/spiva/spiva-us-year-end-2025.pdf,VERIFIED-R3
SPIVA U.S. Year-End 2025,2026-03-03,2025-12-31,All Large-Cap Funds,S&P 500,% underperforming in calendar year (annual series exhibit),2021,85.0,https://www.spglobal.com/spdji/en/documents/spiva/spiva-us-year-end-2025.pdf,VERIFIED-R3
SPIVA U.S. Year-End 2025,2026-03-03,2025-12-31,All Large-Cap Funds,S&P 500,% underperforming in calendar year (annual series exhibit),2022,51.0,https://www.spglobal.com/spdji/en/documents/spiva/spiva-us-year-end-2025.pdf,VERIFIED-R3
SPIVA U.S. Year-End 2025,2026-03-03,2025-12-31,All Large-Cap Funds,S&P 500,% underperforming in calendar year (annual series exhibit),2023,60.0,https://www.spglobal.com/spdji/en/documents/spiva/spiva-us-year-end-2025.pdf,VERIFIED-R3
SPIVA U.S. Year-End 2025,2026-03-03,2025-12-31,All Large-Cap Funds,S&P 500,% underperforming in calendar year (annual series exhibit),2024,65.0,https://www.spglobal.com/spdji/en/documents/spiva/spiva-us-year-end-2025.pdf,VERIFIED-R3
SPIVA U.S. Year-End 2025,2026-03-03,2025-12-31,All Large-Cap Funds,S&P 500,% underperforming in calendar year (annual series exhibit),2025,79.0,https://www.spglobal.com/spdji/en/documents/spiva/spiva-us-year-end-2025.pdf,VERIFIED-R3
SPIVA U.S. Persistence Scorecard Year-End 2025,2026-05-07,2025-12-31,Large-cap,peer ranking,top quartile in CY2023 staying top quartile through 2025 (3 consecutive yrs),3 consecutive years,28.9,https://www.spglobal.com/spdji/en/documents/spiva/persistence-scorecard-year-end-2025.pdf,VERIFIED-SUB
SPIVA U.S. Persistence Scorecard Year-End 2025,2026-05-07,2025-12-31,All Domestic,peer ranking,top quartile in CY2023 staying top quartile through 2025,3 consecutive years,33.01,https://www.spglobal.com/spdji/en/documents/spiva/persistence-scorecard-year-end-2025.pdf,VERIFIED-SUB
SPIVA U.S. Persistence Scorecard Year-End 2025,2026-05-07,2025-12-31,Large-cap,peer ranking,top half staying top half 3 consecutive yrs (random expectation 25%),3 consecutive years,49.41,https://www.spglobal.com/spdji/en/documents/spiva/persistence-scorecard-year-end-2025.pdf,VERIFIED-SUB
SPIVA U.S. Persistence Scorecard Year-End 2025,2026-05-07,2025-12-31,Large-cap,peer ranking,top quartile in CY2021 staying top quartile 5 consecutive yrs,5 consecutive years,0.0,https://www.spglobal.com/spdji/en/documents/spiva/persistence-scorecard-year-end-2025.pdf,VERIFIED-SUB
SPIVA U.S. Persistence Scorecard Year-End 2025,2026-05-07,2025-12-31,All Domestic,peer ranking,top quartile in CY2021 staying top quartile 5 consecutive yrs,5 consecutive years,0.0,https://www.spglobal.com/spdji/en/documents/spiva/persistence-scorecard-year-end-2025.pdf,VERIFIED-SUB
SPIVA U.S. Persistence Scorecard Year-End 2025,2026-05-07,2025-12-31,Large-cap,peer ranking,top half staying top half 5 consecutive yrs (random expectation 6.25%),5 consecutive years,4.49,https://www.spglobal.com/spdji/en/documents/spiva/persistence-scorecard-year-end-2025.pdf,VERIFIED-SUB
SPIVA U.S. Persistence Scorecard Year-End 2025,2026-05-07,2025-12-31,Large-cap,peer ranking,top-quartile over 2015-20 still top quartile over 2020-25 (random 25%),5y->next 5y,13.84,https://www.spglobal.com/spdji/en/documents/spiva/persistence-scorecard-year-end-2025.pdf,VERIFIED-SUB
SPIVA U.S. Persistence Scorecard Year-End 2025,2026-05-07,2025-12-31,All Domestic,peer ranking,top-quartile over 2015-20 still top quartile over 2020-25 (random 25%),5y->next 5y,11.79,https://www.spglobal.com/spdji/en/documents/spiva/persistence-scorecard-year-end-2025.pdf,VERIFIED-SUB
SPIVA U.S. Persistence Scorecard Year-End 2025,2026-05-07,2025-12-31,Large-cap,peer ranking,top-half over 2015-20 still top half over 2020-25 (random 50%),5y->next 5y,39.62,https://www.spglobal.com/spdji/en/documents/spiva/persistence-scorecard-year-end-2025.pdf,VERIFIED-SUB
