,price,ttm_ffo_sh,pffo
2016-02-29,148.05999755859375,4.80559237555847,30.809936837680144
2016-03-31,156.0500030517578,4.80559237555847,32.47258420115644
2016-04-30,152.0800018310547,4.80559237555847,31.646463109218885
2016-05-31,153.19000244140625,4.80559237555847,31.877444125419323
2016-06-30,165.5500030517578,4.80559237555847,34.44944766721269
2016-07-31,169.6999969482422,4.80559237555847,35.313023595456514
2016-08-31,159.0,4.80559237555847,33.08645169504669
2016-09-30,153.92999267578125,4.80559237555847,32.03142935274294
2016-10-31,145.22999572753906,4.80559237555847,30.221039234660743
2016-11-30,140.4199981689453,4.80559237555847,29.220122556197193
2016-12-31,142.11000061035156,4.80559237555847,29.571796670298443
2017-01-31,140.42999267578125,4.80559237555847,29.222202322031425
2017-02-28,140.72999572753906,4.91685171915668,28.621972710553194
2017-03-31,133.5,4.91685171915668,27.151520449532168
2017-04-30,130.88999938964844,4.91685171915668,26.62069284694601
2017-05-31,122.73999786376953,4.91685171915668,24.96312780504624
2017-06-30,126.38999938964844,4.91685171915668,25.705473056512343
2017-07-31,132.6300048828125,4.91685171915668,26.974578949792022
2017-08-31,126.93000030517578,4.91685171915668,25.815299617566325
2017-09-30,124.20999908447266,4.91685171915668,25.26209985152383
2017-10-31,120.5199966430664,4.91685171915668,24.511619126829707
2017-11-30,132.2100067138672,4.91685171915668,26.8891588084221
2017-12-31,132.80999755859375,4.91685171915668,27.011186251793823
2018-01-31,120.80000305175781,4.91685171915668,24.568567439425845
2018-02-28,113.94000244140625,6.1673121143395715,18.47482344480105
2018-03-31,116.11000061035156,6.1673121143395715,18.8266782121153
2018-04-30,115.8499984741211,6.1673121143395715,18.78452011610684
2018-05-31,118.88999938964844,6.1673121143395715,19.277441644832304
2018-06-30,126.55000305175781,6.1673121143395715,20.51947440077134
2018-07-31,125.5,6.1673121143395715,20.34922145551883
2018-08-31,130.61000061035156,6.1673121143395715,21.177783479884408
2018-09-30,126.47000122070312,6.1673121143395715,20.50650248860418
2018-10-31,124.05000305175781,6.1673121143395715,20.11411142356977
2018-11-30,132.08999633789062,6.1673121143395715,21.417757669628745
2018-12-31,118.04000091552734,6.1673121143395715,19.139618479997697
2019-01-31,132.57000732421875,6.1673121143395715,21.495589142631715
2019-02-28,133.58999633789062,6.0453803546073335,22.09786456795533
2019-03-31,137.85000610351562,6.0453803546073335,22.802536485310927
2019-04-30,133.85000610351562,6.0453803546073335,22.140874229940756
2019-05-31,130.72999572753906,6.0453803546073335,21.62477595440401
2019-06-30,128.75999450683594,6.0453803546073335,21.29890709171091
2019-07-31,132.00999450683594,6.0453803546073335,21.83650767419917
2019-08-31,129.2100067138672,6.0453803546073335,21.37334611467301
2019-09-30,136.13999938964844,6.0453803546073335,22.51967476056205
2019-10-31,136.00999450683594,6.0453803546073335,22.49816992956934
2019-11-30,132.07000732421875,6.0453803546073335,21.846434728224327
2019-12-31,128.72999572753906,6.0453803546073335,21.293944826718928
2020-01-31,125.0199966430664,6.0453803546073335,20.680253236305568
2020-02-29,116.33999633789062,6.208566530062657,18.738624411054918
2020-03-31,74.61000061035156,6.208566530062657,12.017266827870909
2020-04-30,83.2699966430664,6.208566530062657,13.412113124642
2020-05-31,79.91000366210938,6.4932149606154335,12.306693086060317
2020-06-30,85.20999908447266,6.4932149606154335,13.1229290268863
2020-07-31,76.30000305175781,6.4932149606154335,11.750728031422822
2020-08-31,79.23999786376953,6.533774082958725,12.127752943041282
2020-09-30,73.44000244140625,6.533774082958725,11.240058427020177
2020-10-31,68.77999877929688,6.533774082958725,10.526840675236638
2020-11-30,87.22000122070312,6.377117776144452,13.677025308670958
2020-12-31,85.12000274658203,6.377117776144452,13.347723177545706
2021-01-31,87.55999755859375,6.377117776144452,13.730340356287373
2021-02-28,101.16999816894531,6.377117776144452,15.864533433489727
2021-03-31,101.44999694824219,6.377117776144452,15.908440224790382
2021-04-30,112.83999633789062,6.377117776144452,17.694513461865633
2021-05-31,114.33999633789062,6.320814365800637,18.089440651277148
2021-06-30,117.16999816894531,6.320814365800637,18.537168059056544
2021-07-31,117.52999877929688,6.320814365800637,18.59412284201922
2021-08-31,121.7699966430664,5.48147601354724,22.214818844799638
2021-09-30,117.98999786376953,5.48147601354724,21.525223785010127
2021-10-31,120.3499984741211,5.48147601354724,21.955764866375606
2021-11-30,122.66999816894531,5.254603637152618,23.345242884088997
2021-12-31,136.32000732421875,5.254603637152618,25.942966727379705
2022-01-31,127.48999786376953,5.254603637152618,24.262533707081708
2022-02-28,117.58000183105469,5.254603637152618,22.376569185867144
2022-03-31,122.06999969482422,5.254603637152618,23.23105758762271
2022-04-30,117.05999755859375,5.254603637152618,22.27760753083683
2022-05-31,114.97000122070312,4.488171618731936,25.616222147313103
2022-06-30,95.73999786376953,4.488171618731936,21.33162588172584
2022-07-31,105.61000061035156,4.488171618731936,23.530740261708182
2022-08-31,101.2699966430664,5.140322759292371,19.70109687373162
2022-09-30,90.12000274658203,5.140322759292371,17.531973567937623
2022-10-31,98.9800033569336,5.140322759292371,19.255600862417328
2022-11-30,111.0999984741211,5.468398409557363,20.316734472006775
2022-12-31,101.04000091552734,5.468398409557363,18.477073787991607
2023-01-31,111.52999877929688,5.468398409557363,20.395368154663153
2023-02-28,106.77999877929688,5.468398409557363,19.52674088132875
2023-03-31,98.83000183105469,5.468398409557363,18.072933687188026
2023-04-30,98.88999938964844,5.468398409557363,18.083905374709712
2023-05-31,88.19999694824219,7.111349942817891,12.402708017107186
2023-06-30,96.7699966430664,7.111349942817891,13.607823749525824
2023-07-31,101.5199966430664,7.111349942817891,14.275770066075365
2023-08-31,97.94000244140625,7.3608963951491555,13.305445041442086
2023-09-30,90.62999725341797,7.3608963951491555,12.312358765590465
2023-10-31,91.19000244140625,7.3608963951491555,12.388437161199638
2023-11-30,95.58999633789062,8.640316026852142,11.063252320958933
2023-12-31,103.05000305175781,8.640316026852142,11.926647443392323
2024-01-31,101.7300033569336,8.640316026852142,11.773875288910709
2024-02-29,100.8499984741211,8.640316026852142,11.672026597256648
2024-03-31,102.12000274658203,8.640316026852142,11.819012456166677
2024-04-30,104.16999816894531,8.640316026852142,12.05627176658916
2024-05-31,100.94999694824219,8.585539257741313,11.758142839684615
2024-06-30,100.97000122070312,8.585539257741313,11.76047283572335
2024-07-31,111.6500015258789,8.585539257741313,13.004425019104954
2024-08-31,115.0,8.584032836230206,13.396966460173026
2024-09-30,114.97000122070312,8.584032836230206,13.39347174156358
2024-10-31,110.83999633789062,7.430037524297399,14.91782457025638
2024-11-30,116.6500015258789,7.559512449690178,15.430889531858597
2024-12-31,111.94999694824219,7.559512449690178,14.809155708557684
2025-01-31,108.62999725341797,7.559512449690178,14.369973986598845
2025-02-28,105.41999816894531,7.494381175416995,14.06653807718549
2025-03-31,97.81999969482422,7.494381175416995,13.052445212647115
2025-04-30,94.0199966430664,7.494381175416995,12.545398271370289
2025-05-31,95.4800033569336,7.497873700082572,12.734277366646241
2025-06-30,94.98999786376953,7.497873700082572,12.668924772995767
2025-07-31,92.16000366210938,7.497873700082572,12.291485206145103
2025-08-31,100.55000305175781,7.05,14.26241178039118
2025-09-30,101.30999755859375,7.05,14.370212419658689
2025-10-31,96.19000244140625,7.05,13.643971977504433
2025-11-30,98.7300033569336,7.109999999999999,13.88607642150965
2025-12-31,100.80000305175781,7.109999999999999,14.177215619093927
2026-01-31,101.16000366210938,7.109999999999999,14.227848616330434
2026-02-28,108.7699966430664,7.22,15.065096487959337
2026-03-31,106.20999908447266,7.22,14.710526188985133
2026-04-30,110.9000015258789,7.22,15.36011101466467
2026-05-31,119.62999725341797,7.4,16.16621584505648
2026-06-30,123.44000244140625,7.4,16.681081411000843
2026-07-31,124.08999633789062,7.4,16.768918424039274
2026-08-31,116.02999877929688,7.4,15.679729564769847
2026-09-25,110.52,7.4,14.935135135135134
